objectid,date,dead,serious.injuries,light.injuries,day.of.the.week,day/night,type.of.the.accident,cause.of.the.accident,alcohol.or.drugs,weather.conditions,place,vehicle.type,vehicle.characteristic,skid,total.damage.in.czk,x,y,lat,lng
110,2020/12/14 00:00,0,0,0,Thu,Night,Collision with a parked vehicle,The driver of the motor vehicle,Not tested,Clear,None or none of listed,Passenger car without a trailer,"Private, not used for business activity",Yes,20000,1849903.3088686727,6314438.696272258,49.23270203200007,16.617964165000046
111,2020/12/14 00:00,0,0,0,Thu,Night,Collision with a non rail vehicle,The driver of the motor vehicle,No,Clear,Near the pedestrian crossing,Passenger car without a trailer,Private company,No,120000,1849455.8046270057,6308573.754939099,49.19828692200009,16.613944166000067
112,2020/12/14 00:00,0,0,0,Thu,Day,Collision with a non rail vehicle,The driver of the motor vehicle,Not tested,Clear,Near the pedestrian crossing,"Not identified, the driver has fled",Not identified,No,0,1848287.9898090367,6306119.965070963,49.18388112600007,16.60345350700004
113,2020/12/13 00:00,0,0,1,Wed,Day,Collision with a non rail vehicle,The driver of the motor vehicle,No,Clear,"Bus stop, trolleybus, tramway without boarding. islet",Bus,Public transport,No,10000,1845571.243090881,6312189.101515885,49.21950438300006,16.579048556000032
114,2020/12/13 00:00,0,0,0,Wed,Day,Collision with a fixed obstacle,The driver of the motor vehicle,No,Clear,Parking slot adjacent to the road,Truck,Private company,No,0,1850288.4934537718,6305732.089929772,49.18160359100005,16.62142433700006
115,2020/12/13 00:00,0,0,1,Wed,Day,Collision with a non rail vehicle,The driver of the motor vehicle,No,Clear,Near the pedestrian crossing,Passenger car without a trailer,"Private, not used for business activity",No,50000,1850644.7537842533,6309915.395516928,49.20616169900006,16.624624678000032
116,2020/12/13 00:00,0,0,0,Wed,Day,Collision with a parked vehicle,The driver of the motor vehicle,Not tested,Clear,Parking slot adjacent to the road,"Not identified, the driver has fled",Not identified,No,0,1848458.9214437467,6307684.6368823275,49.19306754100006,16.604989012000033
117,2020/12/13 00:00,0,0,0,Wed,Day,Other collisions,The driver of the motor vehicle,Not tested,Clear,None or none of listed,"Not identified, the driver has fled",Not identified,No,0,1846307.2798829623,6318237.209060956,49.25497868400002,16.58566048700004
118,2020/12/13 00:00,0,0,0,Wed,Day,Collision with a fixed obstacle,The driver of the motor vehicle,Not tested,Clear,Near the pedestrian crossing,"Not identified, the driver has fled",Not identified,No,0,1846579.1563658842,6316119.10336097,49.24255814000003,16.588102795000054
119,2020/12/13 00:00,0,0,0,Wed,Day,Collision with a parked vehicle,The driver of the motor vehicle,Not tested,Clear,None or none of listed,Passenger car without a trailer,Private company,No,20000,1849269.602407183,6309220.439487892,49.20208280200006,16.61227148300003
120,2020/12/13 00:00,0,0,0,Wed,Day,Other collisions,The driver of the motor vehicle,Not tested,Clear,Pedestrian crossing,"Not identified, the driver has fled",Not identified,No,0,1851082.7764996188,6303243.691980169,49.16698966000007,16.628559503000076
121,2020/12/12 00:00,0,0,1,Tue,Night,Crash,The driver of the motor vehicle,No,Clear,None or none of listed,Passenger car without a trailer,"Private, not used for business activity",Yes,50000,1850898.5377329781,6315429.5709829545,49.238514057000025,16.62690445800007
122,2020/12/12 00:00,0,1,0,Tue,Day,Collision with pedestrian,The driver of the motor vehicle,No,Clear,Pedestrian crossing,Truck,Private company,No,0,1850848.909500231,6303634.625390508,49.16928583000003,16.626458640000063
123,2020/12/12 00:00,0,0,0,Tue,Night,Collision with a parked vehicle,The driver of the motor vehicle,Not tested,Clear,None or none of listed,"Not identified, the driver has fled",Not identified,No,0,1847281.7487754258,6311516.343786256,49.21555684500003,16.59441429000003
124,2020/12/12 00:00,0,0,0,Tue,Day,Collision with a parked vehicle,The driver of the motor vehicle,Not tested,Clear,Parking slot adjacent to the road,Passenger car without a trailer,"Private, not used for business activity",No,0,1851109.4271649488,6301417.852997165,49.156264079000024,16.628798910000054
125,2020/12/12 00:00,0,0,0,Tue,Day,Collision with a non rail vehicle,The driver of the motor vehicle,No,Clear,None or none of listed,Passenger car without a trailer,Registered outside of the Czech Republic,No,50000,1845154.6482643066,6304960.468291977,49.17707245200006,16.575306221000062
126,2020/12/12 00:00,0,0,1,Tue,Day,Other collisions,Pedestrian,Under influence of alcohol,Clear,"Bus, trolleybus, tram stop. islet",Bus,Public transport,No,0,1847449.375111815,6314054.352266688,49.230447459000054,16.595920103000026
127,2020/12/12 00:00,0,0,0,Tue,Day,Collision with a non rail vehicle,The driver of the motor vehicle,No,Clear,None or none of listed,Passenger car without a trailer,"Private, not used for business activity",No,150000,1840811.3683836497,6312785.490879604,49.22300355100003,16.536289874000033
128,2020/12/12 00:00,0,0,0,Tue,Night,Collision with a non rail vehicle,The driver of the motor vehicle,No,Clear,Pedestrian crossing,Truck,Private company,No,150000,1850416.1344969855,6304552.772767651,49.17467820300003,16.62257095600006
129,2020/12/11 00:00,0,0,0,Mon,Night,Collision with a fixed obstacle,The driver of the motor vehicle,No,Clear,"Bridge, overpass, underpass, tunnel",Passenger car without a trailer,Registered outside of the Czech Republic,No,90000,1856272.7927248974,6302766.450804483,49.164186412000035,16.67518221200004
130,2020/12/11 00:00,0,0,0,Mon,Night,Collision with a parked vehicle,The driver of the motor vehicle,Not tested,Clear,Pedestrian crossing,Passenger car without a trailer,"Private, not used for business activity",No,0,1850575.6269408206,6309985.260485293,49.20657173800003,16.62400370100005
131,2020/12/11 00:00,0,0,1,Mon,Day,Collision with pedestrian,The driver of the motor vehicle,No,Clear,None or none of listed,Passenger car without a trailer,Private company,No,0,1856214.050097526,6303718.713762286,49.169779714000065,16.674654518000068
132,2020/12/11 00:00,0,0,0,Mon,Day,Collision with a parked vehicle,The driver of the motor vehicle,Not tested,Clear,Parking slot adjacent to the road,"Not identified, the driver has fled",Not identified,No,0,1845558.2035710106,6308679.636876561,49.19890844300004,16.57893142000006
133,2020/12/11 00:00,0,0,1,Mon,Day,Collision with pedestrian,The driver of the motor vehicle,No,Clear,Pedestrian crossing,Passenger car without a trailer,"Private, not used for business activity",No,15000,1839623.2435472272,6312379.018481294,49.22061870100004,16.525616767000027
134,2020/12/11 00:00,0,0,0,Mon,Night,Collision with a fixed obstacle,The driver of the motor vehicle,Not tested,Clear,Parking slot adjacent to the road,"Not identified, the driver has fled",Not identified,No,0,1847891.6820691028,6302698.65329057,49.16378816600006,16.599893414000064
135,2020/12/10 00:00,0,0,0,Sun,Night,Collision with a parked vehicle,The driver of the motor vehicle,Not tested,Clear,Near the pedestrian crossing,"Not identified, the driver has fled",Not identified,No,0,1846940.9834501445,6311054.1756377695,49.21284480000003,16.59135314300005
136,2020/12/10 00:00,0,0,0,Sun,Day,Collision with a non rail vehicle,The driver of the motor vehicle,No,Clear,Gas station,Truck,"Private, not used for business activity",No,50000,1845093.3433962103,6312021.23793208,49.21851944000007,16.574755510000045
137,2020/12/10 00:00,0,0,0,Sun,Night,Collision with a parked vehicle,The driver of the motor vehicle,Not tested,Clear,None or none of listed,"Not identified, the driver has fled",Not identified,No,0,1850613.4677753258,6300487.3112638425,49.15079687600007,16.624343631000045
138,2020/12/10 00:00,0,0,1,Sun,Day,Collision with a non rail vehicle,Driver of a non-motorized vehicle,No,Clear,None or none of listed,Bicycle,"Private, not used for business activity",No,1000,1852426.0143597901,6308030.98952474,49.19510079700006,16.640626014000077
139,2020/12/10 00:00,0,0,0,Sun,Day,Collision with a fixed obstacle,The driver of the motor vehicle,No,Clear,None or none of listed,Truck,"Private, not used for business activity",No,30000,1848965.0886080374,6307638.11484866,49.19279442800006,16.60953598900005
140,2020/12/10 00:00,0,0,0,Sun,Night,Collision with a parked vehicle,The driver of the motor vehicle,Not tested,Clear,Parking slot adjacent to the road,"Not identified, the driver has fled",Not identified,No,0,1849458.6446098527,6306745.520969698,49.187554060000075,16.613969678000046
141,2020/12/10 00:00,0,0,1,Sun,Day,Other collisions,The driver of the motor vehicle,No,Snow,None or none of listed,Passenger car without a trailer,"Private, not used for business activity",No,60000,1833782.3263405887,6318500.330419268,49.256521406000054,16.47314691500003
142,2020/12/09 00:00,0,0,1,Sat,Day,Collision with pedestrian,The driver of the motor vehicle,No,Clear,Parking slot adjacent to the road,Passenger car without a trailer,Private company,No,0,1851143.8208801022,6301297.504399458,49.15555703000006,16.629107874000056
143,2020/12/09 00:00,0,0,0,Sat,Day,Collision with a non rail vehicle,The driver of the motor vehicle,No,Clear,None or none of listed,Passenger car without a trailer,"Private, not used for business activity",No,30000,1851603.060088535,6302621.226461156,49.16333335300004,16.633233290000074
144,2020/12/09 00:00,0,0,0,Sat,Night,Collision with a parked vehicle,The driver of the motor vehicle,Not tested,Clear,Parking slot adjacent to the road,"Not identified, the driver has fled",Not identified,No,0,1850383.4508718494,6308905.373641419,49.200233479000076,16.622277354000058
145,2020/12/09 00:00,0,0,0,Sat,Night,Collision with a parked vehicle,The driver of the motor vehicle,Not tested,Clear,None or none of listed,"Not identified, the driver has fled",Not identified,No,0,1852455.4029279982,6304912.350233868,49.17678987800007,16.64089001600007
146,2020/12/09 00:00,0,0,0,Sat,Day,Collision with wildlife animals,"Forest animals, pets",Not tested,Clear,None or none of listed,Passenger car without a trailer,"Private, not used for business activity",No,3000,1840077.280573218,6314527.363516448,49.23322214200004,16.529695451000066
147,2020/12/09 00:00,0,0,0,Sat,Night,Collision with a parked vehicle,The driver of the motor vehicle,Not tested,Clear,Parking slot adjacent to the road,Truck,Private company,No,0,1844992.9764074765,6319370.877143136,49.26162521500004,16.57385389800004
148,2020/12/09 00:00,0,0,0,Sat,Night,Collision with a parked vehicle,The driver of the motor vehicle,Under influence of alcohol,Clear,None or none of listed,Passenger car without a trailer,Private company,No,10000,1851694.069783509,6310541.576278161,49.20983664600003,16.634050844000058
149,2020/12/08 00:00,0,0,0,Fri,Day,Collision with a non rail vehicle,The driver of the motor vehicle,No,Clear,Near the pedestrian crossing,Passenger car without a trailer,"Private, not used for business activity",No,80000,1847337.1771989232,6306626.831832418,49.18685720100006,16.594912212000054
150,2020/12/08 00:00,0,0,1,Fri,Day,Collision with pedestrian,Pedestrian,No,Clear,None or none of listed,Bicycle,"Private, not used for business activity",No,0,1850557.043153711,6310149.523710313,49.20753578900007,16.623836760000074
151,2020/12/08 00:00,0,0,1,Fri,Day,Collision with pedestrian,The driver of the motor vehicle,No,Clear,Pedestrian crossing,Passenger car without a trailer,"Private, not used for business activity",No,1000,1847803.9245730506,6301641.137065032,49.15757584800007,16.599105075000068
152,2020/12/08 00:00,0,0,1,Fri,Night,Collision with pedestrian,The driver of the motor vehicle,No,Clear,Pedestrian crossing,Passenger car without a trailer,"Private, not used for business activity",No,0,1849198.7349721922,6307313.642930563,49.19088953600003,16.611634870000042
153,2020/12/08 00:00,0,0,0,Fri,Day,Collision with a fixed obstacle,The driver of the motor vehicle,Not tested,Clear,Parking slot adjacent to the road,Passenger car without a trailer,Police,No,5000,1846770.7846316444,6314371.6397636095,49.23230868400003,16.58982422100007
154,2020/12/07 00:00,0,0,0,Thu,Day,Collision with a non rail vehicle,The driver of the motor vehicle,Not tested,Clear,None or none of listed,Passenger car without a trailer,Not identified,No,0,1851244.8121485384,6301982.836701555,49.15958322800003,16.630015094000044
155,2020/12/07 00:00,0,0,0,Thu,Night,Collision with a fixed obstacle,The driver of the motor vehicle,No,Clear,None or none of listed,Passenger car without a trailer,Private company,No,40000,1850468.4705763424,6301937.071453809,49.15931437600004,16.623041099000034
156,2020/12/07 00:00,0,0,0,Thu,Day,Collision with a fixed obstacle,The driver of the motor vehicle,No,Clear,None or none of listed,Passenger car without a trailer,Private company,Yes,30000,1847441.4620771366,6321106.502195672,49.271799198000046,16.59584901900007
157,2020/12/07 00:00,0,0,0,Thu,Day,Collision with a non rail vehicle,The driver of the motor vehicle,Under influence of alcohol,Clear,Near the pedestrian crossing,Truck,Private company,No,5000,1848350.867621539,6311786.774299337,49.217143687000025,16.604018348000068
158,2020/12/07 00:00,0,0,1,Thu,Day,Collision with a non rail vehicle,The driver of the motor vehicle,No,Clear,None or none of listed,Passenger car without a trailer,Private company,No,0,1854659.670110135,6309040.155600217,49.20102460900006,16.660691285000038
159,2020/12/07 00:00,0,0,0,Thu,Night,Collision with a parked vehicle,The driver of the motor vehicle,Not tested,Clear,Parking slot adjacent to the road,"Not identified, the driver has fled",Not identified,No,0,1847968.6287728045,6309577.268632356,49.204177177000076,16.600584638000043
160,2020/12/07 00:00,0,0,2,Thu,Day,Collision with a tram,The driver of the motor vehicle,No,Clear,"Bus, trolleybus, tram stop. islet",Passenger car without a trailer,"Private, not used for business activity",No,0,1850818.597982122,6308913.024226982,49.20027838600004,16.626186347000043
161,2020/12/07 00:00,0,0,0,Thu,Night,Collision with a parked vehicle,The driver of the motor vehicle,Not tested,Clear,Parking slot adjacent to the road,"Not identified, the driver has fled",Not identified,No,0,1858609.0544329018,6309126.563157967,49.20153178900005,16.69616920800007
162,2020/12/07 00:00,0,0,0,Thu,Day,Collision with a fixed obstacle,The driver of the motor vehicle,No,Clear,Parking slot adjacent to the road,Truck,Registered outside of the Czech Republic,No,0,1850649.7494690407,6306462.394566645,49.18589172500002,16.624669555000025
163,2020/12/07 00:00,0,0,1,Thu,Day,Collision with pedestrian,Pedestrian,Not tested,Clear,"Bus, trolleybus, tram stop. islet",Bus,Public transport - city- local,No,0,1852573.556656288,6309265.981929054,49.20235011400007,16.641951409000054
164,2020/12/07 00:00,0,0,0,Thu,Day,Collision with a non rail vehicle,The driver of the motor vehicle,No,Clear,None or none of listed,Passenger car without a trailer,"Private, not used for business activity",No,50000,1852795.4886477867,6311260.84992034,49.21405760200001,16.64394505800004
165,2020/12/07 00:00,0,0,0,Thu,Day,Collision with a parked vehicle,The driver of the motor vehicle,Not tested,Clear,"Exit from the car park, forest roads, etc.",Passenger car without a trailer,"Private, not used for business activity",No,0,1851162.7439690195,6301263.9706247,49.15536001700006,16.629277863000024
166,2020/12/07 00:00,0,0,0,Thu,Night,Collision with a fixed obstacle,The driver of the motor vehicle,No,Clear,None or none of listed,Passenger car without a trailer,Private company,No,20000,1845984.2456374918,6312433.670437251,49.220939361000035,16.58275862100004
167,2020/12/07 00:00,0,0,0,Thu,Night,Collision with a non rail vehicle,The driver of the motor vehicle,No,Clear,Near the pedestrian crossing,Passenger car without a trailer,"Private, not used for business activity",No,150000,1846989.7436135008,6311126.599724193,49.213269801000074,16.59179116300004
168,2020/12/06 00:00,0,0,0,Wed,Day,Collision with a non rail vehicle,The driver of the motor vehicle,No,Clear,"Bridge, overpass, underpass, tunnel",Truck with semi-trailer,Registered outside of the Czech Republic,No,5000,1844879.4543492415,6310760.458053484,49.21112116100004,16.572834112000066
169,2020/12/06 00:00,0,0,0,Wed,Day,Collision with a fixed obstacle,The driver of the motor vehicle,No,Clear,"Exit from the car park, forest roads, etc.",Truck,"Private, used for business activity",No,0,1848814.806961505,6307613.248739364,49.19264844800004,16.608185986000024
170,2020/12/06 00:00,0,0,0,Wed,Day,Collision with a fixed obstacle,The driver of the motor vehicle,No,Clear,None or none of listed,Truck,Private company,No,1000,1848951.1939318336,6308204.709663805,49.196120586000056,16.609411171000033
171,2020/12/06 00:00,0,0,2,Wed,Day,Collision with pedestrian,The driver of the motor vehicle,No,Clear,None or none of listed,Passenger car without a trailer,"Private, not used for business activity",No,300000,1850291.5458342074,6313203.614188577,49.225456639000065,16.621451757000045
172,2020/12/06 00:00,0,0,0,Wed,Day,Collision with a parked vehicle,The driver of the motor vehicle,Not tested,Clear,Parking slot adjacent to the road,Passenger car without a trailer,Private company,No,1000,1847786.0025803072,6310903.157757279,49.211958581000026,16.598944079000034
173,2020/12/06 00:00,0,0,0,Wed,Day,Collision with a non rail vehicle,The driver of the motor vehicle,Under influence of alcohol,Clear,Pedestrian crossing,Passenger car without a trailer,"Private, not used for business activity",No,20000,1854874.6699029875,6307112.052503731,49.189706013000034,16.662622661000057
174,2020/12/06 00:00,0,0,0,Wed,Night,Collision with a parked vehicle,The driver of the motor vehicle,Not tested,Clear,None or none of listed,"Not identified, the driver has fled",Not identified,No,0,1839959.3242143795,6312608.766504723,49.22196669000005,16.528635831000027
175,2020/12/06 00:00,0,0,0,Wed,Night,Collision with a parked vehicle,The driver of the motor vehicle,Not tested,"At the beginning of the rain, light rain, drizzle, etc.",Parking slot adjacent to the road,"Not identified, the driver has fled",Not identified,No,0,1849849.660889114,6310585.631803029,49.210095190000054,16.617482237000047
176,2020/12/06 00:00,0,0,0,Wed,Night,Collision with a parked vehicle,The driver of the motor vehicle,Not tested,Clear,Parking slot adjacent to the road,"Not identified, the driver has fled",Not identified,No,0,1846490.6938834982,6314045.692777171,49.23039666100003,16.58730812300007
177,2020/12/05 00:00,0,0,0,Tue,Night,Collision with a parked vehicle,The driver of the motor vehicle,Not tested,Clear,Parking slot adjacent to the road,Passenger car without a trailer,"Private, not used for business activity",No,5000,1852180.738448426,6306904.852488248,49.18848952700005,16.638422663000025
178,2020/12/05 00:00,0,0,0,Tue,Day,Other collisions,The driver of the motor vehicle,Not tested,Rain,"Bridge, overpass, underpass, tunnel","Not identified, the driver has fled",Not identified,No,0,1844337.1240464924,6308143.378297704,49.19576055500004,16.567962276000056
179,2020/12/05 00:00,0,0,1,Tue,Day,Collision with a non rail vehicle,The driver of the motor vehicle,No,Clear,None or none of listed,Truck,Private company,No,30000,1849923.6859014595,6308435.854756985,49.19747744400007,16.61814721500002
180,2020/12/05 00:00,0,0,0,Tue,Day,Collision with a parked vehicle,The driver of the motor vehicle,Not tested,Clear,None or none of listed,"Not identified, the driver has fled",Not identified,No,0,1846615.4023260472,6308710.435548407,49.19908922800005,16.588428398000076
181,2020/12/05 00:00,0,0,1,Tue,Day,Collision with a non rail vehicle,The driver of the motor vehicle,No,Clear,Parking slot adjacent to the road,Motorbike,"Private, not used for business activity",No,10000,1851940.1676779885,6306641.871010167,49.18694550100002,16.636261579000063
182,2020/12/04 00:00,1,0,0,Mon,Night,Collision with a non rail vehicle,The driver of the motor vehicle,No,Clear,None or none of listed,Truck,Registered outside of the Czech Republic,No,150000,1851510.3308413795,6302620.889730318,49.163331375000034,16.632400289000028
183,2020/12/04 00:00,0,0,1,Mon,Day,Collision with pedestrian,The driver of the motor vehicle,No,Clear,None or none of listed,Passenger car without a trailer,"Private, not used for business activity",No,1000,1853826.828553029,6297997.80926075,49.13616736200004,16.653209742000055
184,2020/12/04 00:00,0,0,0,Mon,Night,Collision with a fixed obstacle,The driver of the motor vehicle,Not tested,Clear,None or none of listed,"Not identified, the driver has fled",Not identified,No,0,1848805.1395316515,6308102.330442966,49.19551959200004,16.608099142000068
185,2020/12/04 00:00,0,0,0,Mon,Night,Collision with a parked vehicle,The driver of the motor vehicle,Not tested,Clear,Parking slot adjacent to the road,"Not identified, the driver has fled",Not identified,No,0,1857210.3767946446,6310466.228444028,49.20939445700002,16.683604673000048
186,2020/12/04 00:00,0,0,1,Mon,Day,Collision with pedestrian,The driver of the motor vehicle,No,Clear,Pedestrian crossing,Passenger car without a trailer,"Private, not used for business activity",No,3000,1849256.6076377488,6310029.9512031935,49.20683402700006,16.612154749000066
187,2020/12/04 00:00,0,0,0,Mon,Night,Collision with a fixed obstacle,The driver of the motor vehicle,Not tested,Clear,None or none of listed,"Not identified, the driver has fled",Not identified,No,0,1834986.1895266199,6310383.621434803,49.20890966200004,16.483961402000034
188,2020/12/04 00:00,0,0,0,Mon,Night,Collision with a parked vehicle,The driver of the motor vehicle,Not tested,Clear,Parking slot adjacent to the road,"Not identified, the driver has fled",Not identified,No,0,1842872.105780335,6303453.921758636,49.168224470000034,16.554801793000024
189,2020/12/04 00:00,0,0,0,Mon,Day,Collision with a non rail vehicle,The driver of the motor vehicle,Not tested,Clear,"Bus, trolleybus, tram stop. islet",Passenger car without a trailer,"Private, not used for business activity",No,0,1844036.6558202798,6307664.184993863,49.192947476000036,16.56526312400007
190,2020/12/04 00:00,0,0,0,Mon,Day,Collision with a parked vehicle,The driver of the motor vehicle,Not tested,"At the beginning of the rain, light rain, drizzle, etc.",Parking slot adjacent to the road,"Not identified, the driver has fled",Not identified,No,0,1849988.21502729,6310512.32885606,49.209665004000044,16.61872689000006
191,2020/12/04 00:00,0,0,1,Mon,Day,Collision with pedestrian,The driver of the motor vehicle,No,Clear,Pedestrian crossing,Passenger car without a trailer,"Private, not used for business activity",No,1000,1842802.1017393153,6303889.640907085,49.17078362100005,16.554172936000043
192,2020/12/04 00:00,0,0,0,Mon,Night,Collision with a parked vehicle,The driver of the motor vehicle,Not tested,Clear,Parking slot adjacent to the road,"Not identified, the driver has fled",Not identified,No,0,1856275.2909569086,6310330.962753956,49.20860062200006,16.675204654000026
193,2020/12/03 00:00,0,0,0,Sun,Day,Collision with a fixed obstacle,The driver of the motor vehicle,No,Clear,"Bus, trolleybus, tram stop. islet",Passenger car without a trailer,"Private, not used for business activity",No,30000,1851301.880753412,6307105.19796587,49.189665770000026,16.630527750000056
194,2020/12/03 00:00,0,0,0,Sun,Night,Collision with a fixed obstacle,The driver of the motor vehicle,Not tested,Clear,None or none of listed,"Not identified, the driver has fled",Not identified,No,0,1847904.5437004287,6301267.833045336,49.15538270900004,16.60000895200005
195,2020/12/03 00:00,0,0,0,Sun,Night,Other collisions,The driver of the motor vehicle,Not tested,Clear,None or none of listed,Passenger car without a trailer,"Private, not used for business activity",No,0,1846708.7031987794,6315319.578269364,49.23786892300006,16.589266534000043
196,2020/12/02 00:00,0,0,0,Sat,Day,Collision with a non rail vehicle,The driver of the motor vehicle,No,Clear,None or none of listed,Truck,Registered outside of the Czech Republic,No,50000,1848072.520470577,6304251.287311839,49.172907613000056,16.601517913000066
197,2020/12/02 00:00,0,0,0,Sat,Day,Collision with wildlife animals,"Forest animals, pets",Not tested,Clear,None or none of listed,Passenger car without a trailer,Private company,No,50000,1837806.644933304,6309794.712709302,49.20545340100006,16.509297984000057
198,2020/12/02 00:00,0,0,0,Sat,Day,Collision with a parked vehicle,The driver of the motor vehicle,Not tested,Clear,Parking slot adjacent to the road,Passenger car without a trailer,"Private, not used for business activity",No,10000,1846701.416781513,6313899.418164909,49.22953858200003,16.589201079000073
199,2020/12/02 00:00,0,0,0,Sat,Night,Collision with a parked vehicle,The driver of the motor vehicle,Not tested,Clear,None or none of listed,"Not identified, the driver has fled",Not identified,No,0,1845330.052827473,6319460.080105056,49.26214816100003,16.57688190700003
200,2020/12/02 00:00,0,0,0,Sat,Night,Collision with a parked vehicle,The driver of the motor vehicle,Not tested,Clear,Parking slot adjacent to the road,"Not identified, the driver has fled",Not identified,No,0,1845902.7810322538,6303768.636585928,49.17007292800007,16.582026812000038
201,2020/12/02 00:00,0,0,0,Sat,Night,Collision with a parked vehicle,The driver of the motor vehicle,Not tested,Clear,Parking slot adjacent to the road,"Not identified, the driver has fled",Not identified,No,0,1849840.6677214107,6309151.586555552,49.20167866600007,16.617401450000045
202,2020/12/02 00:00,0,0,0,Sat,Night,Collision with a fixed obstacle,The driver of the motor vehicle,Not tested,Clear,None or none of listed,"Not identified, the driver has fled",Not identified,No,0,1837285.7395137139,6314776.889993334,49.23468580100006,16.50461861100007
203,2020/12/02 00:00,0,0,0,Sat,Night,Collision with a non rail vehicle,The driver of the motor vehicle,No,Clear,Pedestrian crossing,Passenger car without a trailer,"Private, not used for business activity",No,110000,1846259.206004267,6312515.302705977,49.221418319000065,16.58522863200005
204,2020/12/02 00:00,0,0,1,Sat,Night,Collision with a non rail vehicle,The driver of the motor vehicle,No,Clear,Near the pedestrian crossing,Passenger car without a trailer,"Private, not used for business activity",No,40000,1849715.0648267525,6308199.571542825,49.196090424000026,16.616273140000033
205,2020/12/01 00:00,0,0,0,Fri,Night,Collision with wildlife animals,"Forest animals, pets",Not tested,Clear,None or none of listed,Truck,Private company,No,20000,1838234.5488182714,6309589.0380541785,49.20424625500003,16.51314191000006
206,2020/12/01 00:00,0,0,0,Fri,Day,Other collisions,Technical defect of the vehicle,Not tested,Clear,"Bridge, overpass, underpass, tunnel",Truck,Private company,No,10000,1846705.4437640912,6315797.369244358,49.24067122200005,16.589237254000064
207,2020/12/01 00:00,0,0,0,Fri,Night,Collision with a parked vehicle,The driver of the motor vehicle,Not tested,"Frost, icy",None or none of listed,"Not identified, the driver has fled",Not identified,No,0,1857792.3920505831,6305364.808661437,49.179446883000026,16.68883300500005
208,2020/12/01 00:00,0,0,0,Fri,Day,Collision with a parked vehicle,The driver of the motor vehicle,Not tested,Clear,Parking slot adjacent to the road,Passenger car without a trailer,Private company,No,0,1856344.0747136727,6310017.767294104,49.206762520000034,16.67582254900003
209,2020/12/01 00:00,0,0,1,Fri,Day,Collision with pedestrian,The driver of the motor vehicle,No,Clear,None or none of listed,Passenger car without a trailer,"Private, not used for business activity",No,0,1856309.5332775544,6296721.315125665,49.12866439200007,16.675512258000026
210,2020/12/01 00:00,0,0,1,Fri,Day,Collision with pedestrian,Pedestrian,Under influence of alcohol,Clear,Pedestrian crossing,Passenger car without a trailer,"Private, used for business activity",No,15000,1850287.368792954,6305433.542106522,49.17985049900003,16.621414234000042
211,2020/12/01 00:00,0,0,0,Fri,Day,Collision with a fixed obstacle,The driver of the motor vehicle,No,Clear,None or none of listed,Truck,"Private, not used for business activity",No,1000,1851419.5934338802,6311549.255964628,49.21574997100003,16.631585181000048
212,2020/12/01 00:00,0,0,0,Fri,Night,Collision with a fixed obstacle,The driver of the motor vehicle,No,Clear,"Bridge, overpass, underpass, tunnel",Truck,Private company,No,40000,1848663.2451408315,6306055.571931146,49.18350302800007,16.606824483000025
213,2020/12/01 00:00,0,0,0,Fri,Night,Collision with a parked vehicle,The driver of the motor vehicle,Not tested,Clear,Parking slot adjacent to the road,Passenger car without a trailer,Private company,Yes,50000,1847778.0658345746,6303811.816472629,49.170326537000044,16.598872782000058
214,2020/12/01 00:00,0,0,1,Fri,Night,Collision with a non rail vehicle,The driver of the motor vehicle,No,Clear,Pedestrian crossing,Passenger car without a trailer,Private company,No,60000,1850102.2913452738,6306701.042345015,49.18729291400006,16.619751655000073
215,2020/11/30 00:00,0,0,0,Thu,Day,Collision with a fixed obstacle,The driver of the motor vehicle,No,Snow,None or none of listed,Passenger car without a trailer,"Private, not used for business activity",Yes,60000,1856277.8182433096,6306310.60314264,49.18500048100002,16.67522735700004
216,2020/11/30 00:00,0,1,0,Thu,Day,Collision with pedestrian,The driver of the motor vehicle,No,"At the beginning of the rain, light rain, drizzle, etc.",Pedestrian crossing,Passenger car without a trailer,Private company,No,20000,1843026.729443608,6303501.420954505,49.168503458000025,16.55619080100007
217,2020/11/30 00:00,0,0,0,Thu,Night,Collision with a parked vehicle,The driver of the motor vehicle,Not tested,Clear,None or none of listed,"Not identified, the driver has fled",Not identified,No,0,1852164.9909706207,6302387.289272902,49.16195915700007,16.63828120100004
218,2020/11/30 00:00,0,0,0,Thu,Day,Collision with a non rail vehicle,The driver of the motor vehicle,Not tested,Snow,None or none of listed,"Not identified, the driver has fled",Not identified,No,0,1837821.7834934928,6309769.323634882,49.205304389000055,16.509433976000025
219,2020/11/30 00:00,0,0,0,Thu,Night,Collision with a non rail vehicle,The driver of the motor vehicle,Not tested,Fog,None or none of listed,"Not identified, the driver has fled",Not identified,No,0,1857018.7973981432,6304293.192121585,49.17315371900002,16.681883686000052
220,2020/11/30 00:00,0,0,0,Thu,Day,Collision with a parked vehicle,The driver of the motor vehicle,No,Clear,"Exit from the car park, forest roads, etc.",Passenger car without a trailer,Police,No,30000,1848013.8724647658,6309616.943599981,49.20441004000003,16.60099106900003