objectid,date,dead,serious.injuries,light.injuries,day.of.the.week,day/night,type.of.the.accident,cause.of.the.accident,alcohol.or.drugs,weather.conditions,place,vehicle.type,vehicle.characteristic,skid,total.damage.in.czk,x,y,lat,lng
221,2020/11/30 00:00,0,0,0,Thu,Day,Collision with a non rail vehicle,The driver of the motor vehicle,Not tested,Clear,None or none of listed,"Not identified, the driver has fled",Not identified,No,0,1843605.8909130765,6311842.6777590625,49.217471713000066,16.561393497000036
222,2020/11/30 00:00,0,0,1,Thu,Night,Collision with a fixed obstacle,The driver of the motor vehicle,No,Clear,None or none of listed,Passenger car without a trailer,Private company,Yes,60000,1846344.4550269158,6308804.83042669,49.19964331200002,16.585994437000068
223,2020/11/30 00:00,0,0,0,Thu,Night,Collision with a parked vehicle,The driver of the motor vehicle,Not tested,Clear,Parking slot adjacent to the road,"Not identified, the driver has fled",Not identified,No,0,1856295.396258826,6296727.099342814,49.12869839300003,16.675385263000067
224,2020/11/30 00:00,0,0,0,Thu,Night,Collision with a fixed obstacle,The driver of the motor vehicle,No,"Frost, icy","Bus stop, trolleybus, tramway without boarding. islet",Truck,Private company,Yes,20000,1855387.7051458992,6299985.05060648,49.14784569800002,16.667231335000054
225,2020/11/30 00:00,0,0,0,Thu,Day,Collision with a fixed obstacle,The driver of the motor vehicle,Not tested,Snow,"Exit from the car park, forest roads, etc.",Passenger car without a trailer,"Private, not used for business activity",No,5000,1849449.629289571,6306757.445006267,49.18762406900003,16.613888692000046
226,2020/11/30 00:00,0,0,0,Thu,Day,Collision with a fixed obstacle,The driver of the motor vehicle,No,Snow,None or none of listed,Passenger car without a trailer,Private company,Yes,120000,1831138.3192286268,6310528.688737952,49.20976101400003,16.449395395000067
227,2020/11/29 00:00,0,1,0,Wed,Day,Collision with pedestrian,The driver of the motor vehicle,No,Clear,Pedestrian crossing,Passenger car without a trailer,"Private, not used for business activity",No,0,1857720.5032592642,6310479.740904358,49.20947375700007,16.688187217000063
228,2020/11/29 00:00,0,0,0,Wed,Day,Collision with a non rail vehicle,The driver of the motor vehicle,Not tested,Clear,None or none of listed,"Not identified, the driver has fled",Not identified,No,0,1839804.9406672528,6313036.434678414,49.22447582800004,16.52724898000002
229,2020/11/29 00:00,0,0,0,Wed,Day,Collision with a non rail vehicle,The driver of the motor vehicle,No,Clear,Parking slot adjacent to the road,Passenger car without a trailer,"Private, not used for business activity",No,20000,1858101.9609791285,6305068.47702675,49.17770672900007,16.691613910000058
230,2020/11/29 00:00,0,0,1,Wed,Day,Collision with pedestrian,The driver of the motor vehicle,No,Rain,Pedestrian crossing,Passenger car without a trailer,"Private, not used for business activity",No,2000,1850731.3499953824,6312730.927997932,49.22268342700004,16.625402585000074
231,2020/11/29 00:00,0,0,2,Wed,Day,Collision with a non rail vehicle,The driver of the motor vehicle,No,Clear,None or none of listed,Truck,Private company,No,70000,1846408.3364959445,6314548.4454584755,49.23334580500005,16.586568294000074
232,2020/11/29 00:00,0,0,1,Wed,Day,Collision with pedestrian,The driver of the motor vehicle,No,Clear,Pedestrian crossing,Passenger car without a trailer,Registered outside of the Czech Republic,No,10000,1848211.222997628,6307304.778303046,49.19083749300005,16.60276389900002
233,2020/11/29 00:00,0,0,0,Wed,Night,Collision with a parked vehicle,The driver of the motor vehicle,No,Clear,None or none of listed,Passenger car without a trailer,Private company,No,20000,1847754.210512973,6305984.072241803,49.18308319900006,16.598658486000033
234,2020/11/29 00:00,0,0,0,Wed,Night,Collision with a fixed obstacle,The driver of the motor vehicle,No,Rain,Parking slot adjacent to the road,Passenger car without a trailer,Police,No,0,1848483.6493988342,6308075.936813604,49.19536465300007,16.605211147000034
235,2020/11/29 00:00,0,0,0,Wed,Day,Other collisions,Technical defect of the vehicle,Not tested,Clear,Near the pedestrian crossing,Truck,Private company,No,0,1848200.272721963,6306173.9594090935,49.18419816300007,16.60266553100007
236,2020/11/28 00:00,0,0,0,Tue,Night,Collision with a fixed obstacle,The driver of the motor vehicle,Not tested,Clear,None or none of listed,"Not identified, the driver has fled",Not identified,No,0,1848701.27132229,6307885.98259527,49.19424954700003,16.607166078000034
237,2020/11/28 00:00,0,0,0,Tue,Night,Collision with a parked vehicle,The driver of the motor vehicle,Not tested,Clear,Parking slot adjacent to the road,"Not identified, the driver has fled",Not identified,No,0,1850795.1377333978,6309673.946610471,49.20474460400004,16.62597560000006
238,2020/11/28 00:00,0,0,0,Tue,Day,Collision with a non rail vehicle,The driver of the motor vehicle,No,Clear,None or none of listed,Passenger car without a trailer,"Private, not used for business activity",No,50000,1847867.5594694016,6309810.19355318,49.20554426000005,16.59967671700002
239,2020/11/28 00:00,0,0,0,Tue,Day,Collision with a fixed obstacle,The driver of the motor vehicle,No,Clear,None or none of listed,Truck,Private company,No,0,1848716.4060976177,6307782.74940289,49.19364351700006,16.607302036000018
240,2020/11/28 00:00,0,0,0,Tue,Night,Collision with a parked vehicle,The driver of the motor vehicle,Not tested,Clear,Parking slot adjacent to the road,"Not identified, the driver has fled",Not identified,No,0,1848420.7652411247,6305299.410777449,49.17906285100002,16.60464624900004
241,2020/11/28 00:00,0,1,0,Tue,Day,Collision with pedestrian,The driver of the motor vehicle,No,Clear,Pedestrian crossing,Passenger car without a trailer,Private company,No,20000,1837002.679206831,6312366.159489694,49.22054325300007,16.502075837000064
242,2020/11/28 00:00,0,0,0,Tue,Day,Collision with a fixed obstacle,The driver of the motor vehicle,Under influence of alcohol,Clear,None or none of listed,Passenger car without a trailer,"Private, not used for business activity",No,200000,1846259.8693571151,6306203.664387499,49.18437258000006,16.585234591000074
243,2020/11/28 00:00,0,0,0,Tue,Night,Collision with a parked vehicle,The driver of the motor vehicle,Not tested,Clear,None or none of listed,"Not identified, the driver has fled",Not identified,No,0,1851260.1613252095,6298525.39741322,49.139268085000026,16.630152978000066
244,2020/11/27 00:00,0,0,0,Mon,Night,Collision with a parked vehicle,The driver of the motor vehicle,Not tested,Clear,Parking slot adjacent to the road,"Not identified, the driver has fled",Not identified,No,0,1843010.752313692,6304959.8644603575,49.17706890600004,16.556047276000072
245,2020/11/27 00:00,0,0,0,Mon,Day,Collision with a fixed obstacle,The driver of the motor vehicle,No,Clear,None or none of listed,Truck,Private company,No,1000,1848769.6108029697,6307606.095871321,49.19260645600007,16.607779982000068
246,2020/11/27 00:00,0,0,0,Mon,Day,Collision with a non rail vehicle,The driver of the motor vehicle,No,Clear,None or none of listed,Truck with semi-trailer,Private company,No,0,1844762.4505512863,6310579.657445671,49.21006012900005,16.571783049000036
247,2020/11/27 00:00,0,0,0,Mon,Night,Collision with a parked vehicle,The driver of the motor vehicle,Not tested,Clear,Parking slot adjacent to the road,"Not identified, the driver has fled",Not identified,No,0,1854369.2810845776,6307124.506782195,49.18977913200006,16.65808267600005
248,2020/11/27 00:00,0,0,0,Mon,Day,Collision with a parked vehicle,The driver of the motor vehicle,No,Clear,Parking slot adjacent to the road,Passenger car without a trailer,"Private, not used for business activity",No,10000,1846855.0960102158,6310558.324895719,49.20993493700007,16.59058160300003
249,2020/11/27 00:00,0,0,0,Mon,Night,Collision with a parked vehicle,The driver of the motor vehicle,Not tested,Clear,Parking slot adjacent to the road,"Not identified, the driver has fled",Not identified,No,0,1849890.537628773,6309132.843491027,49.20156865200004,16.617849439000054
250,2020/11/27 00:00,0,0,0,Mon,Day,Collision with a fixed obstacle,The driver of the motor vehicle,No,Clear,"Exit from the car park, forest roads, etc.",Truck,Private company,No,10000,1844489.5098540362,6320207.647381678,49.26653050300007,16.569331181000052
251,2020/11/27 00:00,0,0,1,Mon,Day,Collision with pedestrian,Pedestrian,No,Clear,Parking slot adjacent to the road,Passenger car without a trailer,"Private, not used for business activity",No,5000,1848173.3479880402,6306552.586547279,49.18642128000004,16.60242366200003
252,2020/11/27 00:00,0,0,0,Mon,Day,Collision with a fixed obstacle,The driver of the motor vehicle,No,Clear,Parking slot adjacent to the road,Passenger car without a trailer,Registered outside of the Czech Republic,No,20000,1844762.3543712508,6314077.805621115,49.230585040000044,16.571782185000075
253,2020/11/27 00:00,0,0,1,Mon,Day,Other collisions,Technical defect of the vehicle,Not tested,Clear,"Bus stop, trolleybus, tramway without boarding. islet",Bus,Public transport,No,0,1854015.3023583784,6307581.716512906,49.19246333300003,16.654902831000072
254,2020/11/27 00:00,0,0,0,Mon,Night,Collision with a fixed obstacle,The driver of the motor vehicle,Not tested,Clear,None or none of listed,"Not identified, the driver has fled",Not identified,No,0,1854122.880289765,6311883.881545549,49.21771348400005,16.655869220000056
255,2020/11/26 00:00,0,0,0,Sun,Day,Collision with a non rail vehicle,The driver of the motor vehicle,Not tested,Clear,None or none of listed,"Not identified, the driver has fled",Not identified,No,0,1842966.3516442287,6311575.126554728,49.21590177700004,16.555648418000033
256,2020/11/26 00:00,0,0,0,Sun,Night,Collision with a parked vehicle,The driver of the motor vehicle,Not tested,Clear,Parking slot adjacent to the road,"Not identified, the driver has fled",Not identified,No,0,1851087.4731802524,6300717.755322839,49.15215085800002,16.628601694000054
257,2020/11/26 00:00,0,0,0,Sun,Night,Collision with a parked vehicle,The driver of the motor vehicle,Not tested,Clear,None or none of listed,Passenger car without a trailer,"Private, not used for business activity",No,0,1848912.2532607603,6311883.560123502,49.21771159800005,16.609061361000045
258,2020/11/26 00:00,0,0,0,Sun,Night,Collision with a parked vehicle,The driver of the motor vehicle,No,Clear,None or none of listed,Truck,Private company,No,15000,1847841.2660283174,6306113.1690746015,49.18384122200006,16.59944051900004
259,2020/11/26 00:00,0,0,0,Sun,Day,Collision with a fixed obstacle,The driver of the motor vehicle,Not tested,Clear,None or none of listed,Passenger car without a trailer,"Private, not used for business activity",No,0,1846673.8756715707,6315743.2867613975,49.24035403000004,16.588953673000045
260,2020/11/25 00:00,0,0,0,Sat,Day,Collision with a non rail vehicle,The driver of the motor vehicle,No,Clear,Parking slot adjacent to the road,Passenger car without a trailer,"Private, not used for business activity",No,0,1849178.9516062485,6308190.562548075,49.196037539000024,16.61145715300006
261,2020/11/25 00:00,0,1,0,Sat,Day,Collision with pedestrian,The driver of the motor vehicle,No,Clear,Pedestrian crossing,Passenger car without a trailer,"Private, not used for business activity",No,10000,1855417.4217726449,6299840.214697175,49.14699464000005,16.667498284000033
262,2020/11/25 00:00,0,0,0,Sat,Day,Collision with a non rail vehicle,The driver of the motor vehicle,No,"At the beginning of the rain, light rain, drizzle, etc.",None or none of listed,Passenger car without a trailer,"Private, not used for business activity",No,50000,1847586.4963455042,6304120.189735906,49.17213767200007,16.597151884000027
263,2020/11/25 00:00,0,0,1,Sat,Day,Collision with a non rail vehicle,The driver of the motor vehicle,No,Clear,None or none of listed,Passenger car without a trailer,"Private, not used for business activity",No,20000,1843296.3788687906,6304417.825366879,49.17388568000007,16.558613103000027
264,2020/11/25 00:00,0,0,0,Sat,Night,Collision with a parked vehicle,The driver of the motor vehicle,Not tested,Clear,None or none of listed,"Not identified, the driver has fled",Not identified,No,0,1849589.3081998834,6309108.660750374,49.201426709000025,16.615143449000076
265,2020/11/25 00:00,0,0,0,Sat,Night,Collision with a fixed obstacle,The driver of the motor vehicle,Not tested,Clear,None or none of listed,"Not identified, the driver has fled",Not identified,No,0,1846028.1055168675,6312457.018891744,49.22107635300005,16.583152621000067
266,2020/11/24 00:00,0,1,0,Fri,Day,Other collisions,The driver of the motor vehicle,Not tested,Clear,None or none of listed,"Not identified, the driver has fled",Not identified,No,0,1847321.2048557452,6306690.922590538,49.187233498000076,16.594768730000055
267,2020/11/24 00:00,0,0,1,Fri,Day,Collision with a non rail vehicle,The driver of the motor vehicle,No,Clear,None or none of listed,Passenger car without a trailer,Private company,No,50000,1845207.7375313395,6307783.898872981,49.19365026500003,16.575783130000048
268,2020/11/24 00:00,0,0,1,Fri,Day,Other collisions,Other,Not tested,Clear,None or none of listed,Truck,Private company,No,0,1845924.7647392566,6317600.033758395,49.25124262500003,16.58222429500006
269,2020/11/24 00:00,0,0,0,Fri,Day,Crash,The driver of the motor vehicle,No,Clear,None or none of listed,Truck,Private company,No,20000,1852652.2715587807,6312663.871961084,49.22229000200007,16.64265851700003
270,2020/11/24 00:00,0,0,1,Fri,Day,Crash,Driver of a non-motorized vehicle,No,Clear,None or none of listed,Bicycle,"Private, not used for business activity",No,0,1847257.1657583201,6308949.27341495,49.20049115900007,16.59419345700007
271,2020/11/24 00:00,0,0,0,Fri,Day,Collision with a non rail vehicle,The driver of the motor vehicle,Under influence of alcohol,Clear,None or none of listed,Passenger car without a trailer,"Private, not used for business activity",No,20000,1854986.8758308867,6307030.798407897,49.189228968000066,16.663630624000064
272,2020/11/24 00:00,0,0,0,Fri,Night,Collision with a parked vehicle,The driver of the motor vehicle,Not tested,Clear,Parking slot adjacent to the road,Passenger car without a trailer,"Private, not used for business activity",No,50000,1852329.695838297,6304797.939191092,49.17611799100006,16.639760770000063
273,2020/11/23 00:00,0,1,0,Thu,Night,Collision with pedestrian,The driver of the motor vehicle,Not tested,Clear,"Bus stop, trolleybus, tramway without boarding. islet",Tram,Public transport,No,0,1845503.0633536773,6316934.4276806945,49.247339561000025,16.578436087000057
274,2020/11/23 00:00,0,0,0,Thu,Day,Collision with a fixed obstacle,The driver of the motor vehicle,No,Fog,Near the pedestrian crossing,Passenger car without a trailer,"Private, not used for business activity",Yes,20000,1848390.5799593246,6314106.484634164,49.23075327500003,16.604375090000076
275,2020/11/23 00:00,0,0,0,Thu,Night,Collision with a parked vehicle,The driver of the motor vehicle,Not tested,Clear,Parking slot adjacent to the road,"Not identified, the driver has fled",Not identified,No,0,1857918.858005251,6305577.003283603,49.18069292000006,16.68996906800004
276,2020/11/23 00:00,0,0,0,Thu,Night,Collision with a parked vehicle,The driver of the motor vehicle,Not tested,Clear,None or none of listed,"Not identified, the driver has fled",Not identified,No,0,1848732.0870063694,6311732.807547567,49.21682702300006,16.607442900000027
277,2020/11/23 00:00,0,0,0,Thu,Night,Collision with a parked vehicle,The driver of the motor vehicle,Not tested,Clear,None or none of listed,"Not identified, the driver has fled",Not identified,No,0,1849098.9770123938,6306875.667421829,49.188318177000035,16.610738729000047
278,2020/11/23 00:00,0,0,0,Thu,Night,Collision with a parked vehicle,The driver of the motor vehicle,Not tested,"At the beginning of the rain, light rain, drizzle, etc.",None or none of listed,Truck,Private company,No,0,1844864.2547859654,6302941.541547969,49.165214889000026,16.57269757200004
279,2020/11/23 00:00,0,0,0,Thu,Night,Collision with a parked vehicle,The driver of the motor vehicle,Not tested,Clear,Parking slot adjacent to the road,"Not identified, the driver has fled",Not identified,No,0,1849906.089184277,6314389.597513422,49.23241402300004,16.617989141000063
280,2020/11/23 00:00,0,0,0,Thu,Day,Collision with a parked vehicle,The driver of the motor vehicle,Not tested,Clear,None or none of listed,Passenger car without a trailer,"Private, not used for business activity",No,5000,1847054.8760909683,6311411.370464649,49.21494086500006,16.592376258000055
281,2020/11/22 00:00,0,0,2,Wed,Night,Collision with a non rail vehicle,The driver of the motor vehicle,No,Clear,None or none of listed,Truck,"Private, not used for business activity",No,110000,1850164.9193568355,6308563.619817772,49.19822742900004,16.62031425200007
282,2020/11/22 00:00,0,0,0,Wed,Day,Collision with wildlife animals,"Forest animals, pets",Not tested,Clear,None or none of listed,Passenger car without a trailer,Private company,No,50000,1852782.5646775472,6304769.464171276,49.17595076800005,16.643828960000064
283,2020/11/22 00:00,0,0,0,Wed,Night,Collision with a parked vehicle,The driver of the motor vehicle,Not tested,Clear,None or none of listed,"Not identified, the driver has fled",Not identified,No,0,1849951.3323196406,6309518.9259166205,49.20383474600003,16.618395567000054
284,2020/11/22 00:00,0,0,0,Wed,Night,Collision with a parked vehicle,The driver of the motor vehicle,Not tested,Clear,None or none of listed,"Not identified, the driver has fled",Not identified,No,0,1848959.1745374496,6307267.785876834,49.19062031500004,16.609482862000046
285,2020/11/22 00:00,0,0,3,Wed,Day,Collision with pedestrian,The driver of the motor vehicle,Under influence of alcohol,Clear,Pedestrian crossing,Passenger car without a trailer,"Private, not used for business activity",No,5000,1850941.8293263454,6315103.40266822,49.23660097600002,16.627293353000027
286,2020/11/22 00:00,0,0,0,Wed,Night,Collision with a parked vehicle,The driver of the motor vehicle,Not tested,Clear,None or none of listed,"Not identified, the driver has fled",Not identified,No,0,1846622.609817794,6314131.77870635,49.23090165300004,16.588493144000036
287,2020/11/22 00:00,0,0,1,Wed,Day,Collision with a non rail vehicle,The driver of the motor vehicle,No,Clear,None or none of listed,Passenger car without a trailer,"Private, not used for business activity",No,50000,1846359.7657983575,6304295.622411476,49.17316799200005,16.586131976000047
288,2020/11/22 00:00,0,0,1,Wed,Day,Collision with a non rail vehicle,The driver of the motor vehicle,No,Clear,None or none of listed,Passenger car without a trailer,"Private, not used for business activity",No,105000,1848274.0105300224,6310476.43537628,49.209454358000066,16.603327929000045
289,2020/11/22 00:00,0,0,0,Wed,Day,Collision with a parked vehicle,The driver of the motor vehicle,Not tested,Clear,None or none of listed,Passenger car without a trailer,Private company,No,0,1845880.6408100503,6304074.9582497375,49.171872023000056,16.581827923000045
290,2020/11/22 00:00,0,0,0,Wed,Day,Collision with a parked vehicle,The driver of the motor vehicle,Not tested,Clear,None or none of listed,Passenger car without a trailer,"Private, not used for business activity",No,1000,1846754.0633309307,6310618.609186795,49.210288720000044,16.589674011000056
291,2020/11/22 00:00,0,0,0,Wed,Night,Collision with a parked vehicle,The driver of the motor vehicle,Not tested,Clear,Parking slot adjacent to the road,"Not identified, the driver has fled",Not identified,No,0,1849728.6200898304,6310566.69759819,49.20998407300004,16.616394909000064
292,2020/11/22 00:00,0,0,0,Wed,Night,Collision with a parked vehicle,The driver of the motor vehicle,Not tested,Clear,Parking slot adjacent to the road,"Not identified, the driver has fled",Not identified,No,0,1847962.6697291436,6311034.028096676,49.21272656900003,16.60053110700005
293,2020/11/21 00:00,0,0,0,Tue,Night,Collision with a fixed obstacle,The driver of the motor vehicle,No,Rain,None or none of listed,Passenger car without a trailer,"Private, not used for business activity",Yes,15000,1848507.2201878142,6307296.079418365,49.19078642300008,16.605422887000028
294,2020/11/21 00:00,0,0,0,Tue,Day,Collision with a non rail vehicle,The driver of the motor vehicle,Not tested,Rain,Near the pedestrian crossing,"Not identified, the driver has fled",Not identified,No,0,1853335.4844694915,6313998.564192599,49.23012019600002,16.64879592300002
295,2020/11/21 00:00,0,0,0,Tue,Day,Collision with a non rail vehicle,The driver of the motor vehicle,No,"At the beginning of the rain, light rain, drizzle, etc.",None or none of listed,Passenger car without a trailer,"Private, not used for business activity",No,30000,1847156.6656314724,6312637.140029282,49.22213316200003,16.59329064900004
296,2020/11/21 00:00,0,0,0,Tue,Night,Collision with a parked vehicle,The driver of the motor vehicle,Not tested,Clear,Parking slot adjacent to the road,"Not identified, the driver has fled",Not identified,No,0,1846220.2774670168,6310331.666480595,49.20860475200004,16.58487893100005
297,2020/11/21 00:00,0,0,0,Tue,Day,Collision with a non rail vehicle,The driver of the motor vehicle,No,"At the beginning of the rain, light rain, drizzle, etc.",None or none of listed,Passenger car without a trailer,"Private, not used for business activity",No,15000,1844690.9744213216,6310330.359900527,49.20859708400006,16.571140968000062
298,2020/11/21 00:00,0,0,0,Tue,Day,Collision with a non rail vehicle,The driver of the motor vehicle,No,Clear,Parking slot adjacent to the road,Passenger car without a trailer,Police,No,60000,1847869.3984673931,6311402.478859386,49.21488868900007,16.599693237000054
299,2020/11/21 00:00,0,0,0,Tue,Day,Collision with pedestrian,The driver of the motor vehicle,No,Clear,None or none of listed,Passenger car without a trailer,Private company,No,80000,1841719.2616527723,6305911.396695456,49.18265646200006,16.544445618000054
300,2020/11/21 00:00,0,0,1,Tue,Day,Collision with a non rail vehicle,The driver of the motor vehicle,No,Clear,None or none of listed,Passenger car without a trailer,Registered outside of the Czech Republic,No,30000,1846502.3646189137,6304271.607132498,49.173026951000054,16.587412963000073
301,2020/11/21 00:00,0,0,0,Tue,Night,Collision with a fixed obstacle,The driver of the motor vehicle,No,Clear,None or none of listed,Passenger car without a trailer,Private company,No,80000,1853977.4458278203,6307365.039319545,49.191191276000026,16.65456276000003
302,2020/11/21 00:00,0,0,0,Tue,Day,Collision with a parked vehicle,The driver of the motor vehicle,Not tested,Clear,None or none of listed,Passenger car without a trailer,"Private, not used for business activity",No,0,1846805.1635413037,6313848.101049602,49.22923754100003,16.590133052000056
303,2020/11/20 00:00,0,0,1,Mon,Day,Collision with pedestrian,The driver of the motor vehicle,No,"Frost, icy",Pedestrian crossing,Truck,"Private, not used for business activity",No,5000,1841293.5369581569,6307892.725170531,49.19428912900002,16.540621268000052
304,2020/11/20 00:00,0,0,0,Mon,Day,Collision with a fixed obstacle,The driver of the motor vehicle,No,Clear,None or none of listed,Passenger car without a trailer,"Private, not used for business activity",Yes,30000,1845264.0343581822,6319296.834486647,49.26119114100005,16.576288853000047
305,2020/11/20 00:00,0,0,0,Mon,Day,Crash,The driver of the motor vehicle,No,"Frost, icy","Bridge, overpass, underpass, tunnel",Passenger car without a trailer,"Private, not used for business activity",Yes,40000,1846831.0347475635,6315083.9435952455,49.236486840000055,16.590365457000072
306,2020/11/20 00:00,0,0,0,Mon,Day,Crash,The driver of the motor vehicle,No,"Frost, icy",None or none of listed,Passenger car without a trailer,"Private, not used for business activity",Yes,30000,1846843.6127368277,6315082.578822639,49.23647883500008,16.59047844700007
307,2020/11/20 00:00,0,0,0,Mon,Day,Collision with a fixed obstacle,The driver of the motor vehicle,No,Clear,None or none of listed,Passenger car without a trailer,"Private, not used for business activity",No,1000,1845240.658266989,6319284.724838489,49.26112014800003,16.57607886200003
308,2020/11/20 00:00,0,0,1,Mon,Day,Collision with a non rail vehicle,The driver of the motor vehicle,No,Clear,None or none of listed,Passenger car without a trailer,"Private, not used for business activity",No,20000,1852958.490327251,6315216.370212899,49.23726357500005,16.64540932700004
309,2020/11/20 00:00,0,0,0,Mon,Day,Collision with a non rail vehicle,The driver of the motor vehicle,No,Clear,Near the pedestrian crossing,Passenger car without a trailer,"Private, not used for business activity",No,120000,1851085.3173669933,6311955.915330798,49.218136153000046,16.62858232800005
310,2020/11/20 00:00,0,0,0,Mon,Day,Collision with a fixed obstacle,The driver of the motor vehicle,No,Clear,None or none of listed,Passenger car without a trailer,"Private, not used for business activity",Yes,30000,1845240.658266989,6319284.724838489,49.26112014800003,16.57607886200003
311,2020/11/20 00:00,0,0,0,Mon,Day,Collision with a parked vehicle,The driver of the motor vehicle,No,Clear,None or none of listed,Truck,Private company,No,10000,1849237.3382338881,6309690.871380892,49.20484393900006,16.61198164900003
312,2020/11/20 00:00,0,0,0,Mon,Night,Collision with a parked vehicle,The driver of the motor vehicle,Not tested,Clear,Parking slot adjacent to the road,"Not identified, the driver has fled",Not identified,No,0,1846986.5705627352,6306448.050425462,49.185807504000074,16.59176265900004
313,2020/11/20 00:00,0,0,0,Mon,Day,Crash,The driver of the motor vehicle,Not tested,Clear,Pedestrian crossing,Truck,Private company,No,0,1842551.1156946782,6304965.5000535,49.17710200100003,16.55191829000006
314,2020/11/20 00:00,0,0,0,Mon,Day,Crash,The driver of the motor vehicle,Not tested,Clear,None or none of listed,"Not identified, the driver has fled",Not identified,No,0,1855194.8590449116,6298816.923514192,49.140981349000064,16.66549896900005
315,2020/11/20 00:00,0,0,0,Mon,Night,Collision with a parked vehicle,The driver of the motor vehicle,Not tested,Clear,Parking slot adjacent to the road,"Not identified, the driver has fled",Not identified,No,0,1849981.6014250228,6309237.963737329,49.20218566100004,16.618667479000063
316,2020/11/20 00:00,0,0,0,Mon,Night,Collision with a parked vehicle,The driver of the motor vehicle,Not tested,Clear,None or none of listed,"Not identified, the driver has fled",Not identified,No,0,1845864.4027472485,6316866.712333144,49.246942466000064,16.58168205400005
317,2020/11/20 00:00,0,0,0,Mon,Day,Collision with a non rail vehicle,The driver of the motor vehicle,No,Clear,None or none of listed,Truck with semi-trailer,Registered outside of the Czech Republic,No,0,1857209.926284665,6304117.288194049,49.172120631000034,16.683600626000043
318,2020/11/20 00:00,0,0,0,Mon,Night,Collision with a fixed obstacle,The driver of the motor vehicle,Not tested,Clear,Parking slot adjacent to the road,Truck,Private company,No,5000,1851053.966013526,6300747.713230586,49.15232687400003,16.628300694000078
319,2020/11/19 00:00,0,0,0,Sun,Day,Collision with a parked vehicle,The driver of the motor vehicle,No,Snow,"Bus, trolleybus, tram stop. islet",Bus,Private company,No,20000,1849525.1424208758,6307842.342513739,49.19399335900004,16.614567038000075
320,2020/11/19 00:00,0,0,0,Sun,Day,Collision with a fixed obstacle,The driver of the motor vehicle,No,Clear,None or none of listed,Passenger car without a trailer,"Private, not used for business activity",Yes,20000,1844314.775100243,6308858.74162669,49.19995976000006,16.56776151200006
321,2020/11/19 00:00,0,0,0,Sun,Day,Collision with a non rail vehicle,The driver of the motor vehicle,No,Clear,"Bridge, overpass, underpass, tunnel",Truck,"Private, used for business activity",No,120000,1847888.6371470704,6301567.068790968,49.15714070900004,16.599866061000057
322,2020/11/19 00:00,0,0,1,Sun,Day,Collision with a fixed obstacle,The driver of the motor vehicle,No,Clear,None or none of listed,Passenger car without a trailer,"Private, not used for business activity",Yes,50000,1847750.1009313327,6303139.273330356,49.166376333000066,16.598621569000045
323,2020/11/19 00:00,0,0,0,Sun,Night,Collision with a parked vehicle,The driver of the motor vehicle,Not tested,Clear,"Exit from the car park, forest roads, etc.","Not identified, the driver has fled",Not identified,No,0,1845935.1608665038,6303383.322642975,49.167809801000026,16.582317685000078
324,2020/11/19 00:00,0,0,1,Sun,Day,Collision with pedestrian,Pedestrian,Under influence of alcohol,Clear,"Bus, trolleybus, tram stop. islet",Tram,Public transport,No,0,1849126.2662063283,6307296.909278285,49.19079129500005,16.610983872000077
325,2020/11/18 00:00,0,0,2,Sat,Day,Collision with a non rail vehicle,The driver of the motor vehicle,No,Clear,None or none of listed,Passenger car without a trailer,"Private, not used for business activity",No,40000,1853570.4454055198,6297597.282954895,49.133813273000044,16.650906613000075
326,2020/11/18 00:00,0,0,0,Sat,Day,Collision with a fixed obstacle,The driver of the motor vehicle,Not tested,Clear,None or none of listed,Passenger car without a trailer,"Private, not used for business activity",No,30000,1844314.775100243,6308858.74162669,49.19995976000006,16.56776151200006
327,2020/11/18 00:00,0,0,0,Sat,Night,Collision with a parked vehicle,The driver of the motor vehicle,Not tested,Clear,Parking slot adjacent to the road,"Not identified, the driver has fled",Not identified,No,0,1845888.5089829806,6309278.832611451,49.202425541000075,16.58189860400006
328,2020/11/18 00:00,0,0,0,Sat,Day,Collision with a non rail vehicle,The driver of the motor vehicle,No,Clear,None or none of listed,Passenger car without a trailer,"Private, not used for business activity",No,130000,1848416.117318425,6306067.502485085,49.18357308100007,16.60460449600004
329,2020/11/17 00:00,0,0,0,Fri,Night,Collision with a parked vehicle,The driver of the motor vehicle,Not tested,Clear,Parking slot adjacent to the road,"Not identified, the driver has fled",Not identified,No,0,1850867.2048585408,6310905.090155043,49.21196992100004,16.626622990000044
330,2020/11/17 00:00,0,0,1,Fri,Day,Collision with a fixed obstacle,The driver of the motor vehicle,No,Clear,"Bridge, overpass, underpass, tunnel",Passenger car without a trailer,"Private, not used for business activity",No,30000,1851612.0607146411,6311449.380581068,49.21516390800007,16.633314144000053
331,2020/11/17 00:00,0,1,0,Fri,Day,Collision with a non rail vehicle,The driver of the motor vehicle,No,Clear,None or none of listed,Passenger car without a trailer,"Private, not used for business activity",No,20000,1846706.875110103,6310940.856804592,49.21217981200004,16.589250112000055