objectid,date,dead,serious.injuries,light.injuries,day.of.the.week,day/night,type.of.the.accident,cause.of.the.accident,alcohol.or.drugs,weather.conditions,place,vehicle.type,vehicle.characteristic,skid,total.damage.in.czk,x,y,lat,lng
332,2020/11/17 00:00,0,0,0,Fri,Night,Collision with a non rail vehicle,The driver of the motor vehicle,No,Clear,Near the pedestrian crossing,Passenger car without a trailer,"Private, not used for business activity",No,50000,1843201.6446462919,6304391.945071082,49.17373368800002,16.557762091000026
333,2020/11/17 00:00,0,0,0,Fri,Night,Collision with a parked vehicle,The driver of the motor vehicle,Not tested,Clear,Parking slot adjacent to the road,"Not identified, the driver has fled",Not identified,No,0,1848478.1190465356,6309081.439384535,49.201266930000024,16.605161467000073
334,2020/11/16 00:00,0,0,0,Thu,Night,Collision with a parked vehicle,The driver of the motor vehicle,Not tested,Clear,Parking slot adjacent to the road,"Not identified, the driver has fled",Not identified,No,0,1848387.5941479367,6305373.322998111,49.179496881000034,16.604348268000024
335,2020/11/16 00:00,0,0,0,Thu,Day,Collision with a non rail vehicle,The driver of the motor vehicle,No,Clear,"Bridge, overpass, underpass, tunnel",Truck with semi-trailer,Private company,No,10000,1844323.6640729033,6308428.902209963,49.197436632000056,16.56784136300007
336,2020/11/16 00:00,0,0,0,Thu,Day,Other collisions,Technical defect of the vehicle,Not tested,Clear,"Bridge, overpass, underpass, tunnel",Truck,Private company,No,10000,1844009.649600491,6305811.8514057575,49.18207194500007,16.56502052300004
337,2020/11/16 00:00,0,0,0,Thu,Day,Collision with a fixed obstacle,The driver of the motor vehicle,No,Clear,Parking slot adjacent to the road,Passenger car without a trailer,"Private, not used for business activity",No,20000,1845757.9510351494,6303646.898654171,49.169357916000074,16.58072578200006
338,2020/11/16 00:00,0,0,0,Thu,Day,Collision with a fixed obstacle,The driver of the motor vehicle,No,Clear,"Bridge, overpass, underpass, tunnel",Passenger car without a trailer,Private company,No,0,1844009.649600491,6305811.8514057575,49.18207194500007,16.56502052300004
339,2020/11/16 00:00,0,0,1,Thu,Day,Collision with a non rail vehicle,The driver of the motor vehicle,No,Clear,None or none of listed,Passenger car without a trailer,"Private, not used for business activity",No,50000,1851311.4575692024,6307210.468019133,49.19028380700006,16.630613780000033
340,2020/11/16 00:00,0,0,0,Thu,Day,Collision with a parked vehicle,The driver of the motor vehicle,No,Clear,None or none of listed,Passenger car without a trailer,"Private, not used for business activity",No,20000,1848631.0126935916,6307434.221902272,49.19159743300002,16.60653493400002
341,2020/11/16 00:00,0,0,0,Thu,Night,Collision with a parked vehicle,The driver of the motor vehicle,Not tested,Clear,Parking slot adjacent to the road,Passenger car without a trailer,"Private, not used for business activity",No,0,1840133.5316477465,6312406.782605501,49.220781602000045,16.53020076300004
342,2020/11/15 00:00,0,0,0,Wed,Day,Collision with a non rail vehicle,The driver of the motor vehicle,Not tested,Clear,None or none of listed,"Not identified, the driver has fled",Not identified,No,0,1851148.2351431875,6312581.941176594,49.221809301000064,16.629147528000033
343,2020/11/15 00:00,0,0,0,Wed,Day,Collision with a fixed obstacle,The driver of the motor vehicle,No,Clear,Parking slot adjacent to the road,Passenger car without a trailer,"Private, not used for business activity",No,1000,1847781.519187815,6306987.6243391,49.18897549000006,16.598903804000027
344,2020/11/15 00:00,0,0,0,Wed,Day,Collision with a non rail vehicle,The driver of the motor vehicle,No,Clear,Parking slot adjacent to the road,Passenger car without a trailer,Registered outside of the Czech Republic,No,10000,1848248.3726494156,6306460.607615157,49.18588123300004,16.603097620000028
345,2020/11/15 00:00,0,1,0,Wed,Day,Collision with pedestrian,Pedestrian,Under influence of alcohol,Clear,Near the pedestrian crossing,Passenger car without a trailer,Private company,No,40000,1856737.3513351972,6309602.169162218,49.20432332500007,16.679355413000053
346,2020/11/15 00:00,0,0,2,Wed,Night,Collision with a non rail vehicle,The driver of the motor vehicle,No,Clear,None or none of listed,Passenger car without a trailer,"Private, not used for business activity",No,20000,1846632.9971507997,6318151.917536636,49.25447859600007,16.58858645500004
347,2020/11/15 00:00,0,0,0,Wed,Night,Collision with a parked vehicle,The driver of the motor vehicle,Not tested,Clear,None or none of listed,"Not identified, the driver has fled",Not identified,No,0,1849768.6352166308,6308906.41849017,49.20023961200006,16.61675437100007
348,2020/11/14 00:00,0,0,1,Tue,Day,Crash,The driver of the motor vehicle,No,Clear,Pedestrian crossing,Passenger car without a trailer,"Private, not used for business activity",No,0,1849083.5297632567,6310680.042070551,49.21064924100005,16.610599964000073
349,2020/11/14 00:00,0,0,0,Tue,Night,Collision with a fixed obstacle,The driver of the motor vehicle,Not tested,Clear,None or none of listed,"Not identified, the driver has fled",Not identified,No,0,1851721.907782532,6307657.775104758,49.19290984600007,16.634300917000076
350,2020/11/14 00:00,0,0,1,Tue,Day,Collision with a non rail vehicle,The driver of the motor vehicle,No,Clear,None or none of listed,Passenger car without a trailer,"Private, not used for business activity",No,80000,1849986.7442741776,6309849.137477179,49.205772826000036,16.618713678000063
351,2020/11/14 00:00,0,0,0,Tue,Day,Collision with a parked vehicle,The driver of the motor vehicle,Not tested,Clear,Parking slot adjacent to the road,Passenger car without a trailer,"Private, not used for business activity",No,5000,1848447.899812283,6307661.811647959,49.19293354300004,16.604890003000037
352,2020/11/14 00:00,0,0,1,Tue,Day,Other collisions,The driver of the motor vehicle,Not tested,Clear,None or none of listed,"Not identified, the driver has fled",Not identified,No,0,1843957.0626069978,6307669.298770445,49.192977497000065,16.564548126000034
353,2020/11/14 00:00,0,0,0,Tue,Night,Collision with a parked vehicle,The driver of the motor vehicle,Not tested,Clear,None or none of listed,"Not identified, the driver has fled",Not identified,No,0,1851248.8386858434,6308684.712597601,49.19893823700004,16.630051265000073
354,2020/11/14 00:00,0,0,0,Tue,Day,Collision with a non rail vehicle,The driver of the motor vehicle,Not tested,Clear,None or none of listed,"Not identified, the driver has fled",Not identified,No,0,1848366.242624325,6305963.442593711,49.18296206600007,16.604156464000027
355,2020/11/13 00:00,0,0,1,Mon,Night,Collision with pedestrian,Pedestrian,No,Clear,Near the pedestrian crossing,Passenger car without a trailer,"Private, not used for business activity",No,20000,1851292.7517759302,6307072.834736603,49.189475765000054,16.630445743000053
356,2020/11/13 00:00,0,0,0,Mon,Night,Collision with a parked vehicle,The driver of the motor vehicle,Not tested,Clear,Parking slot adjacent to the road,"Not identified, the driver has fled",Not identified,No,0,1849664.75888095,6308450.515396281,49.19756350300002,16.615821234000066
357,2020/11/13 00:00,0,0,0,Mon,Day,Collision with a parked vehicle,The driver of the motor vehicle,Under influence of alcohol,Clear,Parking slot adjacent to the road,Truck,Private company,No,0,1848724.633609867,6313665.117877142,49.22816409400007,16.607375945000058
358,2020/11/13 00:00,0,0,0,Mon,Night,Collision with a parked vehicle,The driver of the motor vehicle,Not tested,Clear,None or none of listed,"Not identified, the driver has fled",Not identified,No,0,1854796.1568227299,6309319.912265336,49.20266665700005,16.66191736600007
359,2020/11/13 00:00,0,0,1,Mon,Day,Collision with a non rail vehicle,The driver of the motor vehicle,No,Clear,Near the pedestrian crossing,Passenger car without a trailer,"Private, not used for business activity",No,50000,1843939.80496898,6304452.369501218,49.17408855300004,16.564393098000043
360,2020/11/13 00:00,0,0,0,Mon,Day,Collision with a non rail vehicle,The driver of the motor vehicle,No,Clear,"Bridge, overpass, underpass, tunnel",Passenger car without a trailer,Private company,No,80000,1844704.6681658435,6310369.381032369,49.20882608900006,16.57126398100007
361,2020/11/13 00:00,0,0,0,Mon,Night,Collision with a fixed obstacle,The driver of the motor vehicle,Not tested,Clear,"Exit from the car park, forest roads, etc.","Not identified, the driver has fled",Not identified,No,0,1845454.2448589045,6302902.532151949,49.16498575100007,16.577997543000034
362,2020/11/13 00:00,0,0,0,Mon,Night,Collision with a parked vehicle,The driver of the motor vehicle,Not tested,Clear,None or none of listed,"Not identified, the driver has fled",Not identified,No,0,1849544.0757511857,6307919.315996675,49.19444522900004,16.61473711900004
363,2020/11/12 00:00,0,0,1,Sun,Day,Collision with a non rail vehicle,The driver of the motor vehicle,No,Clear,"Exit from the car park, forest roads, etc.",Passenger car without a trailer,"Private, not used for business activity",Yes,40000,1845391.5293502249,6307881.503560467,49.194223253000075,16.577434160000053
364,2020/11/12 00:00,0,0,0,Sun,Night,Collision with a parked vehicle,The driver of the motor vehicle,Not tested,Clear,Near the pedestrian crossing,"Not identified, the driver has fled",Not identified,No,0,1840163.2893513863,6307217.173773416,49.190323176000035,16.530468081000038
365,2020/11/12 00:00,1,0,0,Sun,Day,Collision with a non rail vehicle,Driver of a non-motorized vehicle,No,Clear,"Exit from the car park, forest roads, etc.",Bicycle,"Private, not used for business activity",No,3000,1845476.4542105147,6310623.256157505,49.210315991000066,16.578197053000054
366,2020/11/12 00:00,0,0,0,Sun,Night,Collision with a parked vehicle,The driver of the motor vehicle,Not tested,"At the beginning of the rain, light rain, drizzle, etc.",Parking slot adjacent to the road,"Not identified, the driver has fled",Not identified,No,0,1847320.3087338423,6306556.364530056,49.18644346200005,16.594760680000036
367,2020/11/12 00:00,0,0,0,Sun,Night,Collision with a non rail vehicle,The driver of the motor vehicle,No,Rain,None or none of listed,Passenger car without a trailer,"Private, not used for business activity",No,20000,1846672.927340828,6311056.571240549,49.21285885800006,16.588945154000044
368,2020/11/12 00:00,0,0,1,Sun,Night,Collision with a non rail vehicle,The driver of the motor vehicle,No,Clear,Near the pedestrian crossing,Passenger car without a trailer,"Private, not used for business activity",No,30000,1848155.3020967103,6306218.584103541,49.18446018300006,16.602261553000062
369,2020/11/11 00:00,0,0,0,Sat,Night,Collision with wildlife animals,"Forest animals, pets",Not tested,Rain,None or none of listed,Truck with semi-trailer,Private company,No,40000,1858925.2498767714,6304319.006899862,49.17330532800002,16.69900964000004
370,2020/11/11 00:00,0,0,0,Sat,Day,Collision with a fixed obstacle,The driver of the motor vehicle,No,Clear,"Bus, trolleybus, tram stop. islet",Passenger car without a trailer,"Private, not used for business activity",No,30000,1846430.062720961,6315084.640047061,49.23649092500005,16.586763464000057
371,2020/11/11 00:00,0,0,1,Sat,Day,Collision with pedestrian,Driver of a non-motorized vehicle,No,Clear,None or none of listed,Bicycle,"Private, not used for business activity",No,0,1839931.9215858872,6312074.9432187965,49.218834559000065,16.52838966900003
372,2020/11/11 00:00,0,0,1,Sat,Day,Crash,Driver of a non-motorized vehicle,Under influence of alcohol,Clear,None or none of listed,Bicycle,"Private, not used for business activity",No,1000,1845215.8205508867,6303491.124570046,49.168442982000045,16.575855741000055
373,2020/11/11 00:00,0,0,1,Sat,Day,Collision with a non rail vehicle,The driver of the motor vehicle,No,Clear,Near the pedestrian crossing,Passenger car without a trailer,"Private, not used for business activity",No,20000,1840784.4306253514,6306643.467412799,49.18695487400003,16.536047888000038
374,2020/11/11 00:00,0,0,0,Sat,Night,Collision with a parked vehicle,The driver of the motor vehicle,Not tested,Clear,Parking slot adjacent to the road,"Not identified, the driver has fled",Not identified,No,0,1849493.5031951999,6307164.03138347,49.19001118000005,16.61428281800005
375,2020/11/11 00:00,0,0,0,Sat,Night,Collision with a fixed obstacle,The driver of the motor vehicle,No,Clear,None or none of listed,Passenger car without a trailer,"Private, not used for business activity",No,30000,1840045.2941420516,6304174.611410852,49.172457294000026,16.529408112000056
376,2020/11/10 00:00,0,0,1,Fri,Night,Collision with a non rail vehicle,Driver of a non-motorized vehicle,Under influence of alcohol,Clear,None or none of listed,Bicycle,Other,No,2000,1847341.462554041,6306659.751826946,49.18705048500003,16.594950708000056
377,2020/11/10 00:00,0,0,0,Fri,Day,Collision with a non rail vehicle,The driver of the motor vehicle,No,Clear,Near the pedestrian crossing,Passenger car without a trailer,"Private, not used for business activity",No,40000,1849107.7731445997,6306919.782643267,49.18857718400004,16.610817746000066
378,2020/11/10 00:00,0,0,0,Fri,Night,Collision with a parked vehicle,The driver of the motor vehicle,Not tested,Clear,Near the pedestrian crossing,"Not identified, the driver has fled",Not identified,No,0,1847672.2887185868,6309353.054217221,49.20286118200005,16.597922570000037
379,2020/11/10 00:00,0,0,0,Fri,Night,Collision with a parked vehicle,The driver of the motor vehicle,Not tested,Clear,Parking slot adjacent to the road,"Not identified, the driver has fled",Not identified,No,0,1846099.9344183009,6310136.734573647,49.20746073100001,16.58379787100006
380,2020/11/10 00:00,0,0,1,Fri,Day,Collision with pedestrian,Pedestrian,No,Clear,None or none of listed,Truck,Private company,No,0,1849932.267854965,6308733.826838823,49.19922653200006,16.618224308000038
381,2020/11/10 00:00,0,0,1,Fri,Day,Collision with a non rail vehicle,The driver of the motor vehicle,No,"At the beginning of the rain, light rain, drizzle, etc.","Bus, trolleybus, tram stop. islet",Passenger car without a trailer,Registered outside of the Czech Republic,No,10000,1843717.5449189432,6305694.51908478,49.18138297600006,16.562396502000066
382,2020/11/10 00:00,0,0,0,Fri,Day,Collision with a non rail vehicle,The driver of the motor vehicle,No,Rain,None or none of listed,Passenger car without a trailer,Private company,No,120000,1852900.8632324946,6310038.339226633,49.206883256000026,16.644891654000048
383,2020/11/10 00:00,0,0,0,Fri,Day,Crash,The driver of the motor vehicle,No,Clear,None or none of listed,Passenger car without a trailer,Registered outside of the Czech Republic,Yes,20000,1848537.8302647981,6307217.551737681,49.19032539500006,16.605697862000056
384,2020/11/10 00:00,0,0,0,Fri,Night,Collision with a parked vehicle,The driver of the motor vehicle,Not tested,Clear,Parking slot adjacent to the road,"Not identified, the driver has fled",Not identified,No,0,1847278.6313844058,6311526.228196688,49.21561484600005,16.59438628600003
385,2020/11/09 00:00,0,0,0,Thu,Night,Collision with a parked vehicle,The driver of the motor vehicle,Not tested,Clear,Parking slot adjacent to the road,"Not identified, the driver has fled",Not identified,No,0,1846508.4702703436,6316158.837120067,49.24279116700006,16.587467811000067
386,2020/11/09 00:00,0,1,0,Thu,Day,Collision with pedestrian,The driver of the motor vehicle,Not tested,Clear,None or none of listed,Passenger car without a trailer,"Private, not used for business activity",No,1000,1854707.026312076,6307198.080212855,49.19021107900004,16.661116693000054
387,2020/11/08 00:00,0,0,1,Wed,Day,Collision with a non rail vehicle,The driver of the motor vehicle,Not tested,Clear,None or none of listed,Passenger car without a trailer,"Private, not used for business activity",No,20000,1844331.1573217856,6309374.643025509,49.202987896000074,16.567908676000055
388,2020/11/08 00:00,0,0,1,Wed,Day,Collision with a fixed obstacle,The driver of the motor vehicle,No,Clear,None or none of listed,Passenger car without a trailer,Private company,No,90000,1857294.2939909042,6309966.784947067,49.20646330500006,16.684358514000053
389,2020/11/08 00:00,0,0,0,Wed,Day,Other collisions,Other,Not tested,Clear,"Bridge, overpass, underpass, tunnel",Passenger car without a trailer,Private company,No,10000,1851261.306023533,6311760.252385068,49.216988063000024,16.63016326100006
390,2020/11/08 00:00,0,0,0,Wed,Day,Collision with a non rail vehicle,The driver of the motor vehicle,Not tested,Clear,None or none of listed,Truck with semi-trailer,Private company,No,0,1844472.4827586815,6307981.875462146,49.194812479000056,16.56917822400004
391,2020/11/08 00:00,0,0,0,Wed,Day,Collision with wildlife animals,"Forest animals, pets",Not tested,"At the beginning of the rain, light rain, drizzle, etc.",None or none of listed,Passenger car without a trailer,Not identified,No,30000,1859286.7575854112,6312015.6115928665,49.21848642700006,16.702257119000024
392,2020/11/08 00:00,0,0,0,Wed,Night,Collision with a parked vehicle,The driver of the motor vehicle,Under influence of alcohol,Clear,Parking slot adjacent to the road,Passenger car without a trailer,"Private, not used for business activity",No,20000,1850657.129617327,6307386.282536491,49.19131599100006,16.624735852000068
393,2020/11/07 00:00,0,0,0,Tue,Night,Collision with a parked vehicle,The driver of the motor vehicle,No,Clear,None or none of listed,Passenger car without a trailer,Private company,No,20000,1850605.7445403775,6305487.176809843,49.18016545000007,16.624274252000077
394,2020/11/07 00:00,0,0,0,Tue,Night,Collision with a parked vehicle,The driver of the motor vehicle,Not tested,Clear,Parking slot adjacent to the road,"Not identified, the driver has fled",Not identified,No,0,1850082.3411114062,6306049.219466874,49.18346572800004,16.619572439000024
395,2020/11/07 00:00,0,0,0,Tue,Day,Collision with a non rail vehicle,The driver of the motor vehicle,No,Clear,None or none of listed,Passenger car without a trailer,Private company,No,200000,1849377.8232086324,6309710.631500161,49.20495991500007,16.613243647000047
396,2020/11/07 00:00,0,0,0,Tue,Day,Collision with a parked vehicle,The driver of the motor vehicle,Not tested,Clear,Parking slot adjacent to the road,"Not identified, the driver has fled",Not identified,No,0,1849128.8898954012,6309046.318826137,49.20106078500003,16.611007441000027
397,2020/11/07 00:00,0,0,0,Tue,Night,Collision with wildlife animals,"Forest animals, pets",Not tested,Clear,None or none of listed,Passenger car without a trailer,"Private, not used for business activity",No,50000,1837634.5684889464,6307323.045990115,49.19094474000006,16.50775219500002
398,2020/11/07 00:00,0,0,0,Tue,Day,Collision with a non rail vehicle,The driver of the motor vehicle,Not tested,Clear,Near the pedestrian crossing,"Not identified, the driver has fled",Not identified,No,0,1848842.3579788846,6306054.713581803,49.18349798800004,16.608433481000073
399,2020/11/07 00:00,0,0,0,Tue,Night,Collision with a fixed obstacle,The driver of the motor vehicle,Not tested,Clear,None or none of listed,"Not identified, the driver has fled",Not identified,No,0,1849293.9398535008,6308059.893600717,49.19527047400003,16.612490110000067
400,2020/11/07 00:00,0,0,0,Tue,Day,Collision with a parked vehicle,The driver of the motor vehicle,Not tested,Clear,None or none of listed,Truck,Private company,No,0,1848090.7026169656,6311437.066636302,49.21509165000003,16.60168124600005
401,2020/11/07 00:00,0,0,0,Tue,Night,Collision with a parked vehicle,The driver of the motor vehicle,Not tested,Clear,Parking slot adjacent to the road,"Not identified, the driver has fled",Not identified,No,0,1842932.3495510472,6313271.723833494,49.225856220000026,16.555342972000062
402,2020/11/06 00:00,0,0,0,Mon,Day,Collision with a parked vehicle,The driver of the motor vehicle,Not tested,Clear,None or none of listed,Truck with semi-trailer,Private company,No,0,1857658.334329281,6310721.481629837,49.21089242900006,16.687628744000047
403,2020/11/06 00:00,0,0,0,Mon,Night,Collision with a parked vehicle,The driver of the motor vehicle,Not tested,Clear,None or none of listed,"Not identified, the driver has fled",Not identified,No,0,1847194.9520779003,6306252.854094564,49.184661403000064,16.593634582000046
404,2020/11/06 00:00,0,0,0,Mon,Night,Collision with a parked vehicle,The driver of the motor vehicle,Not tested,Clear,None or none of listed,Truck,Private company,No,0,1853153.3534260925,6301272.9196238555,49.155412593000044,16.64715981200004
405,2020/11/06 00:00,0,0,1,Mon,Day,Collision with a non rail vehicle,The driver of the motor vehicle,No,Clear,None or none of listed,Truck,Private company,No,5000,1849518.3264397697,6307158.238808958,49.189977172000056,16.614505809000036
406,2020/11/06 00:00,0,0,0,Mon,Day,Collision with a non rail vehicle,The driver of the motor vehicle,No,Clear,None or none of listed,Passenger car without a trailer,Private company,No,50000,1844688.6347082597,6310262.71006875,49.20820006200005,16.571119950000025
407,2020/11/06 00:00,0,0,0,Mon,Day,Collision with a non rail vehicle,The driver of the motor vehicle,No,Clear,"Bridge, overpass, underpass, tunnel",Truck with trailer,Private company,No,30000,1844523.6857169464,6307874.720792954,49.19418343500006,16.569638188000056
408,2020/11/06 00:00,0,0,0,Mon,Night,Collision with a parked vehicle,The driver of the motor vehicle,Not tested,Clear,Parking slot adjacent to the road,"Not identified, the driver has fled",Not identified,No,0,1848363.433810935,6311444.045354123,49.21513260100005,16.604131232000043
409,2020/11/06 00:00,0,0,1,Mon,Day,Collision with pedestrian,Pedestrian,Under influence of alcohol,Clear,None or none of listed,Troleybus,Private company,No,0,1847138.3261906425,6307218.283479263,49.190329691000045,16.593125903000043
410,2020/11/06 00:00,0,0,3,Mon,Day,Collision with a non rail vehicle,The driver of the motor vehicle,No,Clear,Pedestrian crossing,Passenger car without a trailer,Private company,No,50000,1847823.3193226487,6311589.437163295,49.21598575000007,16.599279301000024
411,2020/11/06 00:00,0,0,2,Mon,Night,Crash,The driver of the motor vehicle,No,Clear,None or none of listed,Passenger car without a trailer,"Private, not used for business activity",No,45000,1844711.1272566523,6310430.895763074,49.20918710100006,16.571322004000024
412,2020/11/05 00:00,0,0,0,Sun,Night,Collision with a parked vehicle,The driver of the motor vehicle,No,Clear,Parking slot adjacent to the road,Passenger car without a trailer,"Private, not used for business activity",No,5000,1846965.8955276713,6307326.4563988075,49.190964762000064,16.591576932000063
413,2020/11/05 00:00,0,0,1,Sun,Night,Collision with pedestrian,The driver of the motor vehicle,Under influence of alcohol,Clear,None or none of listed,Passenger car without a trailer,"Private, used for business activity",No,0,1849157.4600427179,6307990.564152641,49.194863485000035,16.611264091000066
414,2020/11/05 00:00,0,0,1,Sun,Day,Collision with a non rail vehicle,The driver of the motor vehicle,Not tested,Clear,None or none of listed,Passenger car without a trailer,"Private, not used for business activity",No,50000,1846551.3409647192,6313420.066259185,49.22672649400005,16.58785292500005
415,2020/11/05 00:00,0,0,0,Sun,Night,Collision with a parked vehicle,The driver of the motor vehicle,Not tested,Clear,None or none of listed,"Not identified, the driver has fled",Not identified,No,0,1851254.0997562937,6312586.198412793,49.22183427900005,16.630098526000037
416,2020/11/05 00:00,0,0,9,Sun,Night,Collision with a tram,The driver of the motor vehicle,No,Clear,Near the pedestrian crossing,Tram,Public transport,No,500000,1848729.9633644444,6307114.149762125,49.18971832600005,16.607423823000033
417,2020/11/04 00:00,0,0,0,Sat,Day,Collision with a parked vehicle,The driver of the motor vehicle,No,Clear,Parking slot adjacent to the road,Bus,Public transport,No,150000,1852975.0621258875,6314810.077972982,49.23488047000006,16.645558194000046
418,2020/11/04 00:00,0,0,0,Sat,Day,Other collisions,The driver of the motor vehicle,No,Clear,None or none of listed,Truck with semi-trailer,Private company,No,400000,1857687.7827873742,6296908.92016157,49.12976716700006,16.68789328400004
419,2020/11/04 00:00,0,0,0,Sat,Night,Collision with a parked vehicle,The driver of the motor vehicle,Not tested,Clear,None or none of listed,"Not identified, the driver has fled",Not identified,No,0,1850422.3982220911,6311601.443893913,49.21605620400003,16.62262722400004
420,2020/11/04 00:00,0,0,0,Sat,Night,Crash,The driver of the motor vehicle,Not tested,Clear,None or none of listed,"Not identified, the driver has fled",Not identified,No,0,1840862.795316728,6312735.546817975,49.22271052600005,16.53675185000003
421,2020/11/04 00:00,0,0,1,Sat,Day,Crash,Driver of a non-motorized vehicle,No,Clear,None or none of listed,Bicycle,"Private, not used for business activity",No,2000,1845658.1383061581,6310947.883165923,49.21222104500003,16.579829149000034
422,2020/11/04 00:00,0,0,0,Sat,Day,Collision with wildlife animals,"Forest animals, pets",Not tested,Clear,None or none of listed,Passenger car without a trailer,"Private, not used for business activity",No,30000,1836562.2994125693,6312327.143934925,49.22031433500006,16.498119838000036
423,2020/11/03 00:00,0,0,1,Fri,Night,Collision with a fixed obstacle,The driver of the motor vehicle,Not tested,Clear,None or none of listed,Truck,Private company,Yes,90000,1842836.655197938,6312190.2454518005,49.21951109500002,16.55448333500004
424,2020/11/03 00:00,0,0,1,Fri,Day,Crash,Driver of a non-motorized vehicle,No,Clear,None or none of listed,Bicycle,"Private, not used for business activity",No,1000,1842916.6813327167,6310945.085094425,49.21220462500003,16.555202222000048
425,2020/11/03 00:00,0,0,1,Fri,Day,Collision with a parked vehicle,The driver of the motor vehicle,Under influence of drugs,Clear,None or none of listed,Motorbike,Private company,No,80000,1842224.0940963665,6312096.504917709,49.21896107300005,16.548980605000054
426,2020/11/03 00:00,0,1,0,Fri,Day,Collision with pedestrian,The driver of the motor vehicle,Not tested,Clear,Pedestrian crossing,Truck,Private company,No,0,1851161.9216519431,6309318.851350205,49.202660430000044,16.629270476000045
427,2020/11/03 00:00,0,0,1,Fri,Day,Collision with a non rail vehicle,The driver of the motor vehicle,No,Clear,None or none of listed,Passenger car without a trailer,Private company,No,10000,1846730.6075349832,6317682.3793653045,49.25172547200003,16.589463304000045
428,2020/11/03 00:00,0,0,0,Fri,Day,Collision with a parked vehicle,The driver of the motor vehicle,Not tested,Clear,Parking slot adjacent to the road,"Not identified, the driver has fled",Not identified,No,0,1854913.074793354,6310209.0047477465,49.20788487500003,16.66296765800007
429,2020/11/03 00:00,0,0,0,Fri,Night,Collision with a parked vehicle,The driver of the motor vehicle,Not tested,Clear,None or none of listed,"Not identified, the driver has fled",Not identified,No,0,1844779.0043161663,6303479.9035411375,49.16837707500007,16.571931754000047
430,2020/11/03 00:00,0,0,0,Fri,Night,Collision with a parked vehicle,The driver of the motor vehicle,Not tested,Clear,None or none of listed,"Not identified, the driver has fled",Not identified,No,0,1844837.0002123995,6303445.848958208,49.16817705400006,16.572452740000074
431,2020/11/03 00:00,0,0,0,Fri,Day,Collision with a parked vehicle,The driver of the motor vehicle,No,Clear,Parking slot adjacent to the road,Passenger car without a trailer,"Private, not used for business activity",No,10000,1845487.1094895354,6303569.607663207,49.16890395200006,16.578292771000065
432,2020/11/03 00:00,0,1,0,Fri,Day,Collision with a non rail vehicle,The driver of the motor vehicle,No,Clear,"Exit from the car park, forest roads, etc.",Truck,Private company,No,60000,1853341.8450425616,6314405.66761722,49.23250828900006,16.648853061000068
433,2020/11/03 00:00,0,0,0,Fri,Night,Collision with a parked vehicle,The driver of the motor vehicle,Not tested,Clear,Parking slot adjacent to the road,"Not identified, the driver has fled",Not identified,No,0,1846352.954047398,6312961.538196947,49.22403641800001,16.58607078500006
434,2020/11/03 00:00,0,0,0,Fri,Night,Collision with a parked vehicle,The driver of the motor vehicle,Not tested,Clear,None or none of listed,"Not identified, the driver has fled",Not identified,No,0,1842513.5248837506,6312112.685857401,49.21905601500003,16.551580606000073
435,2020/11/02 00:00,0,0,1,Thu,Night,Collision with a parked vehicle,Driver of a non-motorized vehicle,Under influence of alcohol,Clear,Parking slot adjacent to the road,Bicycle,"Private, not used for business activity",No,0,1848416.418437646,6308255.155473321,49.196416714000065,16.60460720100002
436,2020/11/02 00:00,0,0,0,Thu,Night,Collision with a parked vehicle,The driver of the motor vehicle,Not tested,Clear,Parking slot adjacent to the road,"Not identified, the driver has fled",Not identified,No,0,1854590.923756723,6310392.026509113,49.20895898900005,16.66007372600006
437,2020/11/02 00:00,0,0,0,Thu,Night,Collision with a parked vehicle,The driver of the motor vehicle,Not tested,Clear,Parking slot adjacent to the road,"Not identified, the driver has fled",Not identified,No,0,1853942.7838326967,6296908.204455162,49.12976296000004,16.654251386000055
438,2020/11/02 00:00,0,0,0,Thu,Day,Collision with a parked vehicle,The driver of the motor vehicle,No,Clear,None or none of listed,Passenger car without a trailer,Private company,No,200000,1842947.7531629435,6310216.471301601,49.20792869500007,16.555481345000032
439,2020/11/02 00:00,0,0,0,Thu,Night,Collision with a parked vehicle,The driver of the motor vehicle,Not tested,Clear,Parking slot adjacent to the road,"Not identified, the driver has fled",Not identified,No,0,1854326.3174384232,6307284.626099276,49.19071918200006,16.65769672700003
440,2020/11/02 00:00,0,0,0,Thu,Night,Collision with a parked vehicle,The driver of the motor vehicle,Not tested,Clear,Parking slot adjacent to the road,"Not identified, the driver has fled",Not identified,No,0,1848287.588279634,6307313.462888755,49.19088847900008,16.603449900000044
441,2020/11/02 00:00,0,1,0,Thu,Day,Collision with a non rail vehicle,The driver of the motor vehicle,No,Clear,None or none of listed,Passenger car without a trailer,"Private, not used for business activity",No,90000,1857875.6553561524,6303427.586437982,49.168069788000025,16.68958097200004
442,2020/11/02 00:00,0,0,0,Thu,Day,Collision with a non rail vehicle,The driver of the motor vehicle,No,Clear,"Bridge, overpass, underpass, tunnel",Passenger car without a trailer,"Private, not used for business activity",No,30000,1858164.962022301,6303099.06668871,49.16614016800003,16.692179858000028
443,2020/11/02 00:00,0,0,0,Thu,Day,Collision with a fixed obstacle,The driver of the motor vehicle,Not tested,Clear,Parking slot adjacent to the road,Passenger car without a trailer,"Private, not used for business activity",No,0,1847845.052894756,6306150.979026886,49.18406323000004,16.59947453700005