objectid,date,dead,serious.injuries,light.injuries,day.of.the.week,day/night,type.of.the.accident,cause.of.the.accident,alcohol.or.drugs,weather.conditions,place,vehicle.type,vehicle.characteristic,skid,total.damage.in.czk,x,y,lat,lng
444,2020/11/02 00:00,0,0,0,Thu,Day,Collision with a parked vehicle,The driver of the motor vehicle,Not tested,Clear,None or none of listed,"Not identified, the driver has fled",Not identified,No,0,1850132.1337630425,6306973.911894529,49.18889498300007,16.62001973400004
445,2020/11/02 00:00,0,0,0,Thu,Night,Collision with a parked vehicle,The driver of the motor vehicle,Not tested,Clear,None or none of listed,"Not identified, the driver has fled",Not identified,No,0,1846607.659164906,6306988.518211326,49.18898073800005,16.58835884000007
446,2020/11/02 00:00,0,0,0,Thu,Day,Collision with a non rail vehicle,The driver of the motor vehicle,No,Clear,None or none of listed,Passenger car without a trailer,"Private, not used for business activity",No,50000,1851287.5380162566,6298325.964580965,49.13809600800005,16.630398907000032
447,2020/11/01 00:00,0,0,0,Wed,Day,Collision with a fixed obstacle,The driver of the motor vehicle,No,Clear,"Bridge, overpass, underpass, tunnel",Truck,Private company,No,20000,1851080.0324741707,6310498.486624801,49.20958376900006,16.628534853000076
448,2020/11/01 00:00,0,0,0,Wed,Night,Collision with a fixed obstacle,The driver of the motor vehicle,No,Clear,None or none of listed,Passenger car without a trailer,"Private, not used for business activity",No,20000,1854997.9618050125,6308861.250238139,49.19997448500003,16.66373021100003
449,2020/11/01 00:00,0,0,0,Wed,Night,Collision with a parked vehicle,The driver of the motor vehicle,Under influence of alcohol,Clear,Parking slot adjacent to the road,Passenger car without a trailer,Private company,No,5000,1837366.7404732718,6316787.382414505,49.24647725700004,16.50534625500006
450,2020/11/01 00:00,0,0,1,Wed,Day,Collision with pedestrian,The driver of the motor vehicle,Not tested,Clear,Pedestrian crossing,"Not identified, the driver has fled",Not identified,No,0,1858422.1925337797,6309111.043703792,49.20144069600007,16.694490599000062
451,2020/11/01 00:00,0,0,0,Wed,Night,Collision with a parked vehicle,The driver of the motor vehicle,Not tested,Clear,Parking slot adjacent to the road,"Not identified, the driver has fled",Not identified,No,0,1856781.9778719041,6309270.770755438,49.20237822200005,16.679756300000065
452,2020/11/01 00:00,0,0,0,Wed,Day,Collision with a non rail vehicle,The driver of the motor vehicle,Not tested,Clear,None or none of listed,"Not identified, the driver has fled",Not identified,No,0,1847334.6070545223,6306629.408929027,49.186872332000064,16.594889124000076
453,2020/10/31 00:00,0,0,0,Tue,Day,Collision with a parked vehicle,The driver of the motor vehicle,Not tested,Clear,Parking slot adjacent to the road,Truck,Private company,No,0,1850632.7653430107,6307792.2194195,49.19369911100006,16.62451698400002
454,2020/10/31 00:00,0,0,1,Tue,Day,Collision with pedestrian,The driver of the motor vehicle,No,Clear,Pedestrian crossing,Passenger car without a trailer,Private company,No,0,1840335.5050564222,6313533.991703641,49.227394845000056,16.53201512100003
455,2020/10/31 00:00,0,0,0,Tue,Night,Collision with a parked vehicle,The driver of the motor vehicle,Not tested,Clear,None or none of listed,"Not identified, the driver has fled",Not identified,No,0,1855113.6568197103,6309820.15587181,49.20560273000006,16.664769517000025
456,2020/10/31 00:00,0,0,0,Tue,Day,Collision with a tram,The driver of the motor vehicle,No,"At the beginning of the rain, light rain, drizzle, etc.",Pedestrian crossing,Passenger car without a trailer,"Private, not used for business activity",No,70000,1848385.4609325356,6307976.28180085,49.19477964200007,16.604329105000033
457,2020/10/31 00:00,0,0,0,Tue,Day,Collision with a non rail vehicle,The driver of the motor vehicle,Not tested,Rain,None or none of listed,Passenger car without a trailer,"Private, not used for business activity",No,10000,1847285.2452093156,6309681.74118416,49.20479035200004,16.59444569900006
458,2020/10/31 00:00,0,0,1,Tue,Day,Collision with a non rail vehicle,The driver of the motor vehicle,No,Rain,None or none of listed,Truck,Private company,No,20000,1849340.7317769367,6302935.590993757,49.16517993600008,16.612910449000026
459,2020/10/31 00:00,0,0,0,Tue,Night,Collision with a parked vehicle,The driver of the motor vehicle,Not tested,Clear,None or none of listed,"Not identified, the driver has fled",Not identified,No,0,1850611.6786484704,6312624.401826625,49.22205842500006,16.62432755900005
460,2020/10/31 00:00,0,0,0,Tue,Night,Collision with a parked vehicle,The driver of the motor vehicle,Not tested,Clear,Parking slot adjacent to the road,"Not identified, the driver has fled",Not identified,No,0,1846187.6270150864,6315560.691211462,49.23928309800003,16.584585627000024
461,2020/10/31 00:00,0,0,0,Tue,Day,Collision with a non rail vehicle,The driver of the motor vehicle,No,Clear,None or none of listed,Passenger car without a trailer,"Private, not used for business activity",No,0,1849715.2748866312,6307818.146612645,49.193851317000046,16.61627502700003
462,2020/10/31 00:00,0,0,0,Tue,Day,Collision with a non rail vehicle,The driver of the motor vehicle,No,Clear,None or none of listed,Passenger car without a trailer,"Private, not used for business activity",No,30000,1852298.7756252142,6311079.032307614,49.21299066500005,16.63948300900006
463,2020/10/31 00:00,0,0,0,Tue,Night,Collision with a parked vehicle,The driver of the motor vehicle,Not tested,Clear,Parking slot adjacent to the road,Passenger car without a trailer,Private company,No,0,1845448.3823292407,6319370.349207753,49.26162212000003,16.57794487900003
464,2020/10/30 00:00,0,0,0,Mon,Night,Collision with a parked vehicle,The driver of the motor vehicle,Not tested,Clear,None or none of listed,"Not identified, the driver has fled",Not identified,No,0,1852437.3063862913,6309352.880776416,49.20286016400006,16.64072745200002
465,2020/10/30 00:00,0,0,0,Mon,Day,Collision with pedestrian,Pedestrian,Not tested,Clear,Pedestrian crossing,Passenger car without a trailer,"Private, not used for business activity",No,1000,1857036.2699940964,6304179.275431938,49.17248468600007,16.68204064500003
466,2020/10/30 00:00,0,1,1,Mon,Day,Other collisions,The driver of the motor vehicle,No,Clear,None or none of listed,Passenger car without a trailer,"Private, not used for business activity",No,0,1851049.0287714668,6311991.0258656405,49.21834216800005,16.628256342000043
467,2020/10/30 00:00,0,0,0,Mon,Day,Collision with a fixed obstacle,The driver of the motor vehicle,No,Clear,"Bridge, overpass, underpass, tunnel",Truck with trailer,Private company,No,0,1844487.2819057442,6307821.401868802,49.19387042700002,16.569311167000023
468,2020/10/30 00:00,0,0,1,Mon,Day,Collision with pedestrian,Pedestrian,No,Clear,"Bus, trolleybus, tram stop. islet",Tram,Public transport,No,0,1847381.2721850576,6305464.6426011035,49.180033126000055,16.59530832400003
469,2020/10/30 00:00,0,0,0,Mon,Night,Collision with a parked vehicle,The driver of the motor vehicle,Not tested,Clear,None or none of listed,"Not identified, the driver has fled",Not identified,No,0,1850515.8801003185,6310874.598878606,49.21179098700003,16.62346698600004
470,2020/10/30 00:00,0,0,0,Mon,Day,Collision with a fixed obstacle,The driver of the motor vehicle,No,Clear,None or none of listed,Truck,Private company,No,0,1842135.1067425762,6310869.79005514,49.21176276700003,16.548181218000025
471,2020/10/30 00:00,0,0,0,Mon,Night,Collision with a parked vehicle,The driver of the motor vehicle,Not tested,Clear,None or none of listed,Passenger car without a trailer,Private company,No,10000,1849441.6876457757,6308788.5333484495,49.199547651000046,16.61381735100002
472,2020/10/30 00:00,0,0,0,Mon,Day,Collision with a non rail vehicle,The driver of the motor vehicle,Not tested,Clear,Near the pedestrian crossing,"Not identified, the driver has fled",Not identified,No,0,1848700.4940896048,6311040.478215156,49.212764420000035,16.60715909600003
473,2020/10/30 00:00,0,0,0,Mon,Night,Collision with a parked vehicle,The driver of the motor vehicle,Not tested,Clear,None or none of listed,"Not identified, the driver has fled",Not identified,No,0,1849814.5532820667,6310394.756579656,49.208975011000064,16.61716686000005
474,2020/10/30 00:00,0,0,0,Mon,Night,Collision with a fixed obstacle,The driver of the motor vehicle,Not tested,Clear,Parking slot adjacent to the road,"Not identified, the driver has fled",Not identified,No,0,1852458.5629543818,6309219.81371378,49.202079129000026,16.640918403000057
475,2020/10/29 00:00,0,0,0,Sun,Night,Collision with a fixed obstacle,The driver of the motor vehicle,Not tested,Rain,None or none of listed,Passenger car without a trailer,Private company,No,10000,1839560.4087040562,6304751.722056818,49.17584657500002,16.52505231200007
476,2020/10/29 00:00,0,0,0,Sun,Day,Collision with a non rail vehicle,The driver of the motor vehicle,No,Impact wind,None or none of listed,Passenger car without a trailer,"Private, not used for business activity",No,110000,1843051.015905594,6303992.477208091,49.171387600000045,16.556408970000064
477,2020/10/29 00:00,0,0,0,Sun,Day,Collision with a fixed obstacle,Other,Not tested,Impact wind,Pedestrian crossing,Passenger car without a trailer,Private company,No,10000,1851013.2023744695,6303226.497877744,49.16688866700008,16.627934508000067
478,2020/10/29 00:00,0,0,0,Sun,Day,Collision with a non rail vehicle,The driver of the motor vehicle,No,Clear,Parking slot adjacent to the road,Passenger car without a trailer,"Private, not used for business activity",No,30000,1850050.1525240503,6311748.537361873,49.216919322000074,16.619283284000062
479,2020/10/29 00:00,0,0,0,Sun,Day,Collision with a fixed obstacle,Other,Not tested,Impact wind,None or none of listed,Passenger car without a trailer,"Private, not used for business activity",No,5000,1855714.2132274015,6305756.138321703,49.18174480200002,16.670164407000073
480,2020/10/29 00:00,0,0,0,Sun,Day,Collision with a fixed obstacle,Other,Not tested,Clear,Parking slot adjacent to the road,Passenger car without a trailer,Private company,No,15000,1848892.9959907285,6311904.353223943,49.21783360500006,16.608888370000045
481,2020/10/29 00:00,0,0,0,Sun,Night,Collision with a parked vehicle,The driver of the motor vehicle,Not tested,Rain,Parking slot adjacent to the road,Passenger car without a trailer,Private company,No,0,1849485.732204189,6307769.264093078,49.19356435100008,16.614213010000075
482,2020/10/29 00:00,0,0,1,Sun,Night,Collision with a fixed obstacle,The driver of the motor vehicle,Not tested,Rain,"Exit from the car park, forest roads, etc.",Passenger car without a trailer,"Private, not used for business activity",No,30000,1845194.9482576833,6305024.32636896,49.17744745700003,16.575668242000063
483,2020/10/28 00:00,0,0,1,Sat,Day,Collision with a non rail vehicle,The driver of the motor vehicle,No,Clear,Pedestrian crossing,Passenger car without a trailer,"Private, not used for business activity",No,2000,1846946.647608473,6304239.453317958,49.172838112000065,16.59140402500003
484,2020/10/28 00:00,0,0,0,Sat,Day,Crash,The driver of the motor vehicle,No,Clear,None or none of listed,Passenger car without a trailer,"Private, not used for business activity",Yes,60000,1848528.7031797462,6307238.503827243,49.19044840300007,16.60561587200004
485,2020/10/28 00:00,0,0,0,Sat,Night,Collision with a parked vehicle,The driver of the motor vehicle,No,Clear,None or none of listed,Bus,Police,No,20000,1846993.621873243,6304431.143554161,49.173963896000025,16.59182600200006
486,2020/10/28 00:00,0,0,0,Sat,Day,Collision with a parked vehicle,The driver of the motor vehicle,Not tested,Clear,None or none of listed,Passenger car without a trailer,"Private, not used for business activity",No,0,1849224.245614619,6307829.747663153,49.193919421000025,16.611864036000043
487,2020/10/27 00:00,0,0,0,Fri,Night,Collision with a parked vehicle,The driver of the motor vehicle,Not tested,Clear,Parking slot adjacent to the road,"Not identified, the driver has fled",Not identified,No,0,1847668.0368706358,6306869.0310907755,49.188279214000026,16.597884375000035
488,2020/10/27 00:00,0,0,0,Fri,Day,Collision with a fixed obstacle,The driver of the motor vehicle,No,Rain,"Bus stop, trolleybus, tramway without boarding. islet",Truck,"State enterprise, state organization",No,60000,1850667.6312754492,6316574.064560182,49.245226290000055,16.62483019000007
489,2020/10/27 00:00,0,0,0,Fri,Day,Collision with a non rail vehicle,The driver of the motor vehicle,No,Clear,None or none of listed,Truck,Private company,No,10000,1847777.7824151493,6299036.714983838,49.14227299800007,16.598870236000042
490,2020/10/27 00:00,0,0,1,Fri,Day,Collision with a fixed obstacle,The driver of the motor vehicle,No,Clear,"Bridge, overpass, underpass, tunnel",Passenger car without a trailer,"Private, not used for business activity",Yes,10000,1848321.6060688687,6312220.021585833,49.21968580500004,16.603755487000058
491,2020/10/27 00:00,0,0,0,Fri,Night,Collision with a parked vehicle,The driver of the motor vehicle,Not tested,Clear,Parking slot adjacent to the road,"Not identified, the driver has fled",Not identified,No,0,1849454.2717576164,6302753.246584476,49.16410885000004,16.613930396000057
492,2020/10/27 00:00,0,0,1,Fri,Day,Collision with a non rail vehicle,The driver of the motor vehicle,No,Clear,None or none of listed,Other motor vehicle,Private company,No,1000,1846604.2605808515,6317693.6401338475,49.25179150100007,16.588328310000065
493,2020/10/27 00:00,0,0,1,Fri,Day,Collision with a parked vehicle,The driver of the motor vehicle,No,Clear,Parking slot adjacent to the road,Motorbike,"Private, not used for business activity",Yes,20000,1845628.5269876511,6310942.942065392,49.21219204900006,16.579563146000055
494,2020/10/27 00:00,0,0,0,Fri,Day,Collision with a non rail vehicle,The driver of the motor vehicle,No,Clear,None or none of listed,Passenger car without a trailer,Registered outside of the Czech Republic,No,20000,1848399.931909742,6307942.551950314,49.194581634000016,16.60445910000004
495,2020/10/27 00:00,0,1,0,Fri,Day,Collision with pedestrian,The driver of the motor vehicle,No,"At the beginning of the rain, light rain, drizzle, etc.",Pedestrian crossing,Passenger car without a trailer,"Private, not used for business activity",No,15000,1844363.4308459135,6302955.520506439,49.165297000000066,16.56819859400002
496,2020/10/27 00:00,0,0,0,Fri,Night,Collision with a fixed obstacle,The driver of the motor vehicle,No,Clear,Parking slot adjacent to the road,Truck,Private company,No,0,1848531.5373739838,6308672.54392184,49.19886680800004,16.60564133200006
497,2020/10/27 00:00,0,0,0,Fri,Night,Collision with a parked vehicle,The driver of the motor vehicle,Not tested,Clear,None or none of listed,Passenger car without a trailer,Private company,No,10000,1846434.0606491496,6317905.812821366,49.25303558700005,16.586799378000023
498,2020/10/27 00:00,0,0,0,Fri,Day,Collision with a parked vehicle,The driver of the motor vehicle,Not tested,Clear,None or none of listed,"Not identified, the driver has fled",Not identified,No,0,1847162.531612042,6308615.009691825,49.198529086000065,16.593343344000058
499,2020/10/26 00:00,0,0,0,Thu,Day,Collision with a non rail vehicle,The driver of the motor vehicle,No,Clear,"Exit from the car park, forest roads, etc.",Passenger car without a trailer,"Private, not used for business activity",No,50000,1854592.0906076247,6305707.2386401305,49.18145766500004,16.660084208000058
500,2020/10/26 00:00,0,1,0,Thu,Day,Collision with a non rail vehicle,The driver of the motor vehicle,No,Clear,None or none of listed,Passenger car without a trailer,"Private, not used for business activity",No,20000,1849471.7181934875,6309051.148415988,49.20108913300003,16.614087120000022
501,2020/10/26 00:00,0,0,0,Thu,Day,Collision with a non rail vehicle,The driver of the motor vehicle,No,Clear,None or none of listed,Passenger car without a trailer,"Private, not used for business activity",No,80000,1851410.3191844614,6313685.817531147,49.22828552700001,16.631501869000033
502,2020/10/26 00:00,0,0,0,Thu,Day,Collision with a non rail vehicle,The driver of the motor vehicle,No,Clear,Pedestrian crossing,Passenger car without a trailer,"Private, not used for business activity",No,30000,1845943.614468633,6306255.7940105265,49.184678665000035,16.582393625000062
503,2020/10/26 00:00,0,0,0,Thu,Night,Collision with a parked vehicle,The driver of the motor vehicle,Not tested,Clear,None or none of listed,Passenger car without a trailer,Private company,No,5000,1847538.0083583037,6308539.353532003,49.19808498600002,16.596716309000044
504,2020/10/25 00:00,0,0,0,Wed,Day,Collision with wildlife animals,"Forest animals, pets",Not tested,Clear,None or none of listed,Passenger car without a trailer,Private company,No,30000,1858615.324057941,6303933.509282377,49.17104127000004,16.696225529000056
505,2020/10/25 00:00,0,0,1,Wed,Day,Collision with a non rail vehicle,The driver of the motor vehicle,No,Clear,Pedestrian crossing,Passenger car without a trailer,Private company,No,80000,1845932.0375755494,6306274.869937878,49.18479067100002,16.58228962800007
506,2020/10/25 00:00,0,0,1,Wed,Day,Collision with a non rail vehicle,The driver of the motor vehicle,No,Clear,Pedestrian crossing,Passenger car without a trailer,"Private, not used for business activity",No,20000,1849323.366381652,6302944.784536243,49.16523393800003,16.612754453000036
507,2020/10/25 00:00,0,0,0,Wed,Day,Collision with a fixed obstacle,The driver of the motor vehicle,No,Clear,None or none of listed,Passenger car without a trailer,"Private, not used for business activity",No,35000,1847893.3583179924,6309037.84422129,49.201011042000054,16.59990847200004
508,2020/10/25 00:00,0,0,0,Wed,Day,Collision with a non rail vehicle,The driver of the motor vehicle,No,Clear,Pedestrian crossing,Passenger car without a trailer,Registered outside of the Czech Republic,No,20000,1848653.5929617456,6306959.14737049,49.188808299000065,16.606737776000045
509,2020/10/25 00:00,0,0,1,Wed,Day,Collision with pedestrian,The driver of the motor vehicle,No,Clear,Pedestrian crossing,Passenger car without a trailer,"Private, not used for business activity",No,10000,1845513.4706128696,6315365.998676757,49.23814119100007,16.578529577000037
510,2020/10/25 00:00,0,0,0,Wed,Day,Collision with a non rail vehicle,The driver of the motor vehicle,No,Clear,None or none of listed,Passenger car without a trailer,Private company,No,120000,1843186.5532855683,6311892.63050161,49.21776482000006,16.557626523000064
511,2020/10/25 00:00,0,0,1,Wed,Day,Collision with pedestrian,The driver of the motor vehicle,No,Clear,Parking slot adjacent to the road,Passenger car without a trailer,"Private, not used for business activity",No,0,1849520.8000701743,6307838.254610672,49.19396936100002,16.614528030000034
512,2020/10/25 00:00,0,0,0,Wed,Day,Collision with a fixed obstacle,The driver of the motor vehicle,No,Clear,Parking slot adjacent to the road,Passenger car without a trailer,Private company,No,30000,1841092.833593548,6307996.13687078,49.19489619900001,16.53881831900003
513,2020/10/25 00:00,0,0,0,Wed,Day,Collision with a fixed obstacle,The driver of the motor vehicle,Not tested,Clear,None or none of listed,"Not identified, the driver has fled",Not identified,No,0,1858117.6770648402,6305633.026149235,49.18102188900008,16.691755090000072
514,2020/10/25 00:00,0,0,0,Wed,Day,Collision with a parked vehicle,The driver of the motor vehicle,Not tested,Clear,None or none of listed,Passenger car without a trailer,Private company,No,0,1854424.8016806128,6309471.2263344675,49.20355478100003,16.65858142600007
515,2020/10/24 00:00,0,0,0,Tue,Night,Collision with a parked vehicle,Driver of a non-motorized vehicle,Not tested,Clear,Parking slot adjacent to the road,"Not identified, the driver has fled",Not identified,No,0,1848163.560444455,6309888.734666535,49.20600522500006,16.60233573900007
516,2020/10/24 00:00,0,0,0,Tue,Night,Crash,The driver of the motor vehicle,Not tested,Clear,None or none of listed,Passenger car without a trailer,Private company,Yes,80000,1834454.081804032,6310788.611497011,49.21128637800007,16.479181397000048
517,2020/10/24 00:00,0,0,0,Tue,Night,Collision with a fixed obstacle,The driver of the motor vehicle,Not tested,Clear,None or none of listed,"Not identified, the driver has fled",Not identified,No,0,1848950.3267530021,6307639.866108233,49.19280470900003,16.60940338100005
518,2020/10/24 00:00,0,0,0,Tue,Night,Collision with a fixed obstacle,The driver of the motor vehicle,Not tested,Clear,None or none of listed,"Not identified, the driver has fled",Not identified,No,0,1848950.9934454309,6307641.620945307,49.192815011000036,16.609409370000037
519,2020/10/24 00:00,0,0,0,Tue,Night,Collision with a parked vehicle,The driver of the motor vehicle,Not tested,Clear,Parking slot adjacent to the road,"Not identified, the driver has fled",Not identified,No,0,1850534.0763842848,6312304.1399462195,49.22017936200006,16.623630446000046
520,2020/10/24 00:00,0,0,1,Tue,Day,Collision with a non rail vehicle,The driver of the motor vehicle,No,Clear,None or none of listed,Passenger car without a trailer,Private company,No,60000,1848875.244316808,6310479.140085043,49.20947023100006,16.60872890400003
521,2020/10/24 00:00,0,0,0,Tue,Night,Collision with a parked vehicle,The driver of the motor vehicle,Not tested,Clear,Parking slot adjacent to the road,"Not identified, the driver has fled",Not identified,No,0,1851119.3404995636,6301541.604743263,49.15699111100008,16.628887963000064
522,2020/10/24 00:00,0,0,0,Tue,Day,Collision with a non rail vehicle,The driver of the motor vehicle,No,Clear,Pedestrian crossing,Truck,Registered outside of the Czech Republic,No,10000,1849703.1549770748,6308216.096604168,49.196187430000066,16.616166152000062
523,2020/10/24 00:00,0,0,0,Tue,Night,Collision with a parked vehicle,The driver of the motor vehicle,Not tested,Clear,None or none of listed,"Not identified, the driver has fled",Not identified,No,0,1850096.674497722,6305308.8873699615,49.179118500000065,16.61970119800003
524,2020/10/24 00:00,0,0,1,Tue,Night,Collision with a non rail vehicle,The driver of the motor vehicle,No,Clear,Near the pedestrian crossing,Passenger car without a trailer,"Private, not used for business activity",No,60000,1849872.0767383787,6306526.124024217,49.186265908000045,16.61768360200006
525,2020/10/23 00:00,0,0,0,Mon,Night,Collision with wildlife animals,"Forest animals, pets",Not tested,Clear,None or none of listed,Passenger car without a trailer,"Private, not used for business activity",No,100000,1858927.9214332318,6304316.111759921,49.17328832500004,16.699033639000053
526,2020/10/23 00:00,0,0,0,Mon,Night,Collision with a parked vehicle,The driver of the motor vehicle,Not tested,Clear,None or none of listed,"Not identified, the driver has fled",Not identified,No,0,1852848.3786529317,6308556.026449022,49.198182856000074,16.64442017700003
527,2020/10/23 00:00,0,1,0,Mon,Day,Collision with pedestrian,The driver of the motor vehicle,No,Clear,None or none of listed,Truck,Private company,No,0,1850043.5756572129,6314564.5087052565,49.233440029000064,16.619224203000044
528,2020/10/23 00:00,0,0,1,Mon,Day,Collision with a tram,The driver of the motor vehicle,No,Clear,Near the pedestrian crossing,Passenger car without a trailer,"Private, not used for business activity",No,20000,1848636.4322830036,6309585.764054875,49.20422703900003,16.606583619000048
529,2020/10/23 00:00,0,0,1,Mon,Day,Collision with a non rail vehicle,Driver of a non-motorized vehicle,No,Clear,None or none of listed,Bicycle,"Private, not used for business activity",No,1000,1847150.3299939767,6306726.868246522,49.187444545000055,16.59323373500007
530,2020/10/23 00:00,0,0,0,Mon,Day,Collision with a parked vehicle,The driver of the motor vehicle,No,Clear,None or none of listed,Bus,Private company,No,20000,1851012.8290088973,6311409.183008913,49.21492802900008,16.627931154000066
531,2020/10/23 00:00,0,0,1,Mon,Day,Collision with a non rail vehicle,The driver of the motor vehicle,No,Clear,Near the pedestrian crossing,Passenger car without a trailer,"Private, not used for business activity",No,10000,1847564.60603556,6310888.17487346,49.21187065600003,16.596955240000057
532,2020/10/23 00:00,0,0,0,Mon,Day,Collision with a parked vehicle,The driver of the motor vehicle,Not tested,Clear,Parking slot adjacent to the road,Passenger car without a trailer,"Private, not used for business activity",No,0,1848357.4268998932,6309002.08104998,49.20080112400006,16.60407727100005
533,2020/10/23 00:00,0,0,0,Mon,Night,Collision with a parked vehicle,The driver of the motor vehicle,Not tested,Clear,Parking slot adjacent to the road,"Not identified, the driver has fled",Not identified,No,0,1848190.004834767,6308521.100584318,49.19797784100007,16.60257329300003
534,2020/10/22 00:00,0,0,1,Sun,Day,Crash,The driver of the motor vehicle,No,Rain,None or none of listed,Passenger car without a trailer,"Private, not used for business activity",No,10000,1860243.4419647101,6315329.147125206,49.23792504700003,16.71085116100005
535,2020/10/22 00:00,0,0,0,Sun,Night,Collision with a parked vehicle,The driver of the motor vehicle,Not tested,Clear,Parking slot adjacent to the road,"Not identified, the driver has fled",Not identified,No,0,1852913.6639720574,6300736.581122705,49.152261468000056,16.64500664500002
536,2020/10/22 00:00,0,0,1,Sun,Night,Collision with a non rail vehicle,The driver of the motor vehicle,No,Clear,Near the pedestrian crossing,Passenger car without a trailer,"Private, not used for business activity",No,50000,1849717.9113774556,6306830.847804703,49.18805503300006,16.616298711000066
537,2020/10/22 00:00,0,1,0,Sun,Night,Collision with a fixed obstacle,The driver of the motor vehicle,No,Clear,None or none of listed,Passenger car without a trailer,"Private, not used for business activity",Yes,100000,1844565.7278603502,6309953.1037751855,49.206383010000074,16.570015859000023
538,2020/10/22 00:00,0,0,0,Sun,Night,Collision with a parked vehicle,The driver of the motor vehicle,Not tested,Clear,Parking slot adjacent to the road,"Not identified, the driver has fled",Not identified,No,0,1848351.937067885,6307475.2848988455,49.19183850400002,16.60402795500005
539,2020/10/21 00:00,0,0,0,Sat,Night,Collision with a parked vehicle,The driver of the motor vehicle,Under influence of alcohol,Clear,Parking slot adjacent to the road,Passenger car without a trailer,"Private, not used for business activity",No,10000,1840346.019404971,6308730.766294045,49.19920856700003,16.53210957300007
540,2020/10/21 00:00,0,0,1,Sat,Day,Other collisions,The driver of the motor vehicle,No,Clear,None or none of listed,Passenger car without a trailer,"Private, not used for business activity",No,0,1853004.2201514319,6308411.552042485,49.19733478500006,16.645820125000057
541,2020/10/21 00:00,0,0,2,Sat,Day,Collision with a non rail vehicle,The driver of the motor vehicle,No,Clear,None or none of listed,Truck,Private company,Yes,150000,1852603.8701781458,6310223.401298652,49.207969366000036,16.64222372000006
542,2020/10/21 00:00,0,0,0,Sat,Day,Collision with a parked vehicle,The driver of the motor vehicle,Not tested,Clear,Parking slot adjacent to the road,Passenger car without a trailer,Private company,No,0,1857388.2697937095,6304393.134263421,49.173740672000065,16.685202713000024
543,2020/10/21 00:00,0,0,0,Sat,Night,Collision with a parked vehicle,The driver of the motor vehicle,Not tested,Clear,Parking slot adjacent to the road,"Not identified, the driver has fled",Not identified,No,0,1842876.560897678,6303490.188164254,49.16843748200005,16.55484181400004
544,2020/10/20 00:00,0,0,0,Fri,Night,Collision with a parked vehicle,The driver of the motor vehicle,Not tested,Clear,"Exit from the car park, forest roads, etc.","Not identified, the driver has fled",Not identified,No,0,1847234.091120309,6308057.754371699,49.19525791600005,16.59398617400006
545,2020/10/20 00:00,0,0,0,Fri,Day,Collision with a non rail vehicle,The driver of the motor vehicle,No,Fog,Near the pedestrian crossing,Passenger car without a trailer,Private company,No,80000,1838887.1895006301,6312035.609459764,49.218603766000044,16.519004681000066
546,2020/10/20 00:00,0,0,0,Fri,Day,Collision with a non rail vehicle,The driver of the motor vehicle,No,Fog,"Bridge, overpass, underpass, tunnel",Truck,Private company,No,80000,1858166.897534289,6306140.386303205,49.184001033000065,16.692197245000045
547,2020/10/20 00:00,0,0,1,Fri,Day,Collision with pedestrian,Pedestrian,Under influence of alcohol,Clear,Pedestrian crossing,Tram,Public transport,No,2000,1849398.229184491,6307590.40172471,49.19251432100003,16.613426957000062
548,2020/10/20 00:00,0,0,0,Fri,Day,Other collisions,Road defect,Not tested,Clear,"Bus, trolleybus, tram stop. islet",Passenger car without a trailer,Not identified,No,15000,1855106.6498143661,6309947.949423498,49.206352759000026,16.664706572000057
549,2020/10/20 00:00,0,0,0,Fri,Day,Collision with a non rail vehicle,The driver of the motor vehicle,Not tested,Clear,None or none of listed,Passenger car without a trailer,"Private, not used for business activity",No,0,1857383.4708104637,6304074.202092244,49.171867582000054,16.68515960300004
550,2020/10/20 00:00,0,0,0,Fri,Night,Collision with a parked vehicle,The driver of the motor vehicle,Not tested,Clear,Parking slot adjacent to the road,"Not identified, the driver has fled",Not identified,No,0,1846916.8028529948,6310385.830264418,49.20892262500007,16.59113592500006
551,2020/10/20 00:00,0,0,0,Fri,Night,Collision with a non rail vehicle,The driver of the motor vehicle,Not tested,Clear,None or none of listed,"Not identified, the driver has fled",Not identified,No,0,1849876.0839060883,6306533.4485068265,49.18630891300005,16.617719599000054
552,2020/10/19 00:00,0,0,0,Thu,Day,Collision with a non rail vehicle,The driver of the motor vehicle,No,Clear,None or none of listed,Passenger car without a trailer,Private company,No,150000,1840797.6744164915,6312739.981392105,49.22273654400004,16.536166859000048
553,2020/10/19 00:00,0,0,1,Thu,Day,Crash,The driver of the motor vehicle,Not tested,Clear,None or none of listed,"Not identified, the driver has fled",Not identified,No,0,1836967.806149951,6308416.051801675,49.19736119900005,16.50176256700007
554,2020/10/19 00:00,0,0,0,Thu,Day,Other collisions,Technical defect of the vehicle,Not tested,Clear,None or none of listed,Bus,Public transport - city- local,No,70000,1859741.8083980025,6314505.34041634,49.23309295800004,16.70634491000004
555,2020/10/19 00:00,0,0,0,Thu,Day,Collision with a non rail vehicle,The driver of the motor vehicle,No,Clear,None or none of listed,Passenger car without a trailer,Private company,No,90000,1858251.8466622308,6306463.141571069,49.18589611100003,16.69296035600007