objectid,date,dead,serious.injuries,light.injuries,day.of.the.week,day/night,type.of.the.accident,cause.of.the.accident,alcohol.or.drugs,weather.conditions,place,vehicle.type,vehicle.characteristic,skid,total.damage.in.czk,x,y,lat,lng
556,2020/10/19 00:00,0,0,0,Thu,Day,Collision with a fixed obstacle,The driver of the motor vehicle,No,Clear,None or none of listed,Truck,"Private, not used for business activity",No,5000,1849424.2525644929,6306876.847596846,49.18832510600003,16.61366072900006
557,2020/10/19 00:00,0,1,0,Thu,Day,Collision with pedestrian,The driver of the motor vehicle,No,Clear,Pedestrian crossing,Passenger car without a trailer,"Private, not used for business activity",No,15000,1840833.7355862986,6312589.132017595,49.221851491000045,16.53649080200006
558,2020/10/19 00:00,0,0,1,Thu,Night,Collision with a non rail vehicle,The driver of the motor vehicle,No,Clear,Parking slot adjacent to the road,Passenger car without a trailer,"Private, not used for business activity",No,5000,1844040.006870908,6304868.720439505,49.17653366000007,16.56529322700004
559,2020/10/19 00:00,0,0,0,Thu,Day,Collision with a non rail vehicle,The driver of the motor vehicle,Not tested,Clear,None or none of listed,"Not identified, the driver has fled",Not identified,No,0,1844355.3824467293,6308197.721874556,49.19607956600004,16.56812629400002
560,2020/10/19 00:00,0,0,0,Thu,Day,Collision with a non rail vehicle,The driver of the motor vehicle,Not tested,Clear,None or none of listed,Motorbike,"Private, not used for business activity",No,0,1852623.2451128752,6310368.242625924,49.20881940800007,16.642397768000023
561,2020/10/18 00:00,0,0,2,Wed,Day,Collision with a non rail vehicle,The driver of the motor vehicle,No,Clear,None or none of listed,Truck,Private company,No,120000,1845713.642426906,6312802.528600611,49.22310351200007,16.580327751000027
562,2020/10/18 00:00,0,0,0,Wed,Day,Collision with a non rail vehicle,The driver of the motor vehicle,No,Clear,None or none of listed,Passenger car without a trailer,"Private, not used for business activity",No,40000,1853028.1024123437,6307553.526599653,49.19229783900005,16.646034663000023
563,2020/10/18 00:00,0,0,0,Wed,Night,Collision with a fixed obstacle,The driver of the motor vehicle,Not tested,Clear,Parking slot adjacent to the road,"Not identified, the driver has fled",Not identified,No,0,1844017.1860413346,6304861.398765775,49.17649066300003,16.565088224000018
564,2020/10/18 00:00,0,0,1,Wed,Day,Collision with a non rail vehicle,The driver of the motor vehicle,Under influence of alcohol,Clear,None or none of listed,Passenger car without a trailer,"Private, not used for business activity",No,50000,1849839.6148616646,6313923.681315333,49.229680916000056,16.617391992000023
565,2020/10/18 00:00,0,0,0,Wed,Night,Collision with a parked vehicle,The driver of the motor vehicle,Not tested,Clear,None or none of listed,"Not identified, the driver has fled",Not identified,No,0,1851174.175478848,6303377.854955817,49.167777686000086,16.62938055400002
566,2020/10/18 00:00,0,0,0,Wed,Day,Collision with a parked vehicle,The driver of the motor vehicle,No,Clear,None or none of listed,Passenger car without a trailer,"Private, not used for business activity",No,5000,1849624.2005150341,6310486.099265662,49.20951107200005,16.615456892000054
567,2020/10/18 00:00,0,0,0,Wed,Night,Collision with a parked vehicle,The driver of the motor vehicle,Not tested,Clear,Parking slot adjacent to the road,"Not identified, the driver has fled",Not identified,No,0,1849861.18501676,6313187.777681168,49.225363730000026,16.61758576000005
568,2020/10/18 00:00,0,0,1,Wed,Day,Crash,Driver of a non-motorized vehicle,No,Clear,"Bus stop, trolleybus, tramway without boarding. islet",Bicycle,"Private, not used for business activity",No,5000,1852007.2129582616,6311286.396862146,49.21420751400006,16.636863857000037
569,2020/10/18 00:00,0,0,0,Wed,Day,Collision with a parked vehicle,The driver of the motor vehicle,Under influence of alcohol,Clear,None or none of listed,Passenger car without a trailer,"Private, not used for business activity",No,5000,1844971.9758742217,6311197.056522516,49.21368325400004,16.57366524700006
570,2020/10/18 00:00,0,0,0,Wed,Night,Collision with a parked vehicle,The driver of the motor vehicle,Not tested,Clear,Parking slot adjacent to the road,"Not identified, the driver has fled",Not identified,No,0,1846729.2286204477,6313426.877527345,49.22676645300004,16.58945091700002
571,2020/10/18 00:00,0,0,0,Wed,Night,Collision with a parked vehicle,The driver of the motor vehicle,Under influence of alcohol,Clear,Parking slot adjacent to the road,Passenger car without a trailer,Private company,No,90000,1840124.767130277,6307047.007774815,49.18932413400005,16.53012203000003
572,2020/10/18 00:00,0,0,0,Wed,Night,Collision with a non rail vehicle,The driver of the motor vehicle,Under influence of drugs,Clear,None or none of listed,Passenger car without a trailer,"Private, used for business activity",No,20000,1849848.924733323,6306592.212360374,49.18665393800006,16.61747562400006
573,2020/10/18 00:00,0,0,0,Wed,Night,Collision with a parked vehicle,The driver of the motor vehicle,Not tested,Clear,None or none of listed,"Not identified, the driver has fled",Not identified,No,0,1846092.780471226,6306214.742405697,49.18443762600003,16.583733606000067
574,2020/10/18 00:00,0,0,0,Wed,Day,Collision with a parked vehicle,The driver of the motor vehicle,Not tested,Clear,Parking slot adjacent to the road,Passenger car without a trailer,Private company,No,0,1843197.3933549386,6313058.300874479,49.22460411400003,16.557723901000028
575,2020/10/18 00:00,0,0,0,Wed,Day,Collision with a parked vehicle,The driver of the motor vehicle,Not tested,Clear,Parking slot adjacent to the road,Passenger car without a trailer,"Private, not used for business activity",No,0,1850382.5981645507,6309925.4583171,49.206220758000015,16.622269694000064
576,2020/10/18 00:00,0,0,0,Wed,Night,Collision with a parked vehicle,The driver of the motor vehicle,Not tested,Clear,None or none of listed,"Not identified, the driver has fled",Not identified,No,0,1847102.2065781069,6311948.048948146,49.21808999600005,16.59280143500007
577,2020/10/18 00:00,0,0,0,Wed,Night,Collision with a parked vehicle,The driver of the motor vehicle,Not tested,Clear,Parking slot adjacent to the road,"Not identified, the driver has fled",Not identified,No,0,1849474.6520186723,6308222.371488795,49.19622426500007,16.614113475000067
578,2020/10/18 00:00,0,0,0,Wed,Day,Collision with a fixed obstacle,The driver of the motor vehicle,Not tested,Clear,Parking slot adjacent to the road,Passenger car without a trailer,Private company,No,0,1849405.2122561447,6306768.858775497,49.187691082000065,16.613489687000023
579,2020/10/17 00:00,0,0,0,Tue,Day,Collision with a non rail vehicle,The driver of the motor vehicle,No,Clear,None or none of listed,Truck,Private company,No,1000,1841818.4450926804,6312036.014397505,49.218606142000056,16.545336598000063
580,2020/10/17 00:00,0,0,0,Tue,Day,Collision with a non rail vehicle,The driver of the motor vehicle,No,Clear,None or none of listed,Passenger car without a trailer,Private company,No,50000,1847454.5460134824,6309269.574570821,49.20237120100005,16.59596655400003
581,2020/10/17 00:00,0,0,1,Tue,Day,Collision with a non rail vehicle,The driver of the motor vehicle,No,Clear,None or none of listed,Passenger car without a trailer,"Private, not used for business activity",No,20000,1852509.0548037358,6310991.60153492,49.21247759800007,16.641371979000038
582,2020/10/17 00:00,0,0,0,Tue,Night,Collision with a parked vehicle,The driver of the motor vehicle,Not tested,Clear,"Exit from the car park, forest roads, etc.","Not identified, the driver has fled",Not identified,No,0,1849738.073007028,6304118.238631512,49.17212621300006,16.61647982600004
583,2020/10/17 00:00,0,0,0,Tue,Night,Collision with a parked vehicle,The driver of the motor vehicle,Not tested,Clear,None or none of listed,"Not identified, the driver has fled",Not identified,No,0,1851871.520287601,6307624.040737615,49.19271180400005,16.635644909000064
584,2020/10/17 00:00,0,0,1,Tue,Day,Collision with a non rail vehicle,The driver of the motor vehicle,No,Clear,Near the pedestrian crossing,Passenger car without a trailer,"Private, not used for business activity",No,15000,1844474.0363334988,6307875.063866144,49.19418544900002,16.569192180000073
585,2020/10/17 00:00,0,0,1,Tue,Day,Collision with pedestrian,The driver of the motor vehicle,No,Clear,None or none of listed,Passenger car without a trailer,"Private, not used for business activity",No,0,1843496.5726127687,6311765.475674037,49.21701871200002,16.560411474000034
586,2020/10/17 00:00,0,0,1,Tue,Day,Crash,The driver of the motor vehicle,No,Clear,None or none of listed,Motorbike,"Private, not used for business activity",No,20000,1845920.1499897623,6316202.169906428,49.243045300000055,16.58218284000003
587,2020/10/17 00:00,0,0,0,Tue,Night,Collision with a parked vehicle,The driver of the motor vehicle,Not tested,Clear,Parking slot adjacent to the road,"Not identified, the driver has fled",Not identified,No,0,1848358.2238361284,6308972.744418434,49.20062892700003,16.604084430000057
588,2020/10/17 00:00,0,0,1,Tue,Night,Collision with a fixed obstacle,The driver of the motor vehicle,Under influence of alcohol,Clear,None or none of listed,Passenger car without a trailer,"Private, not used for business activity",No,20000,1848345.0874683002,6312031.346025567,49.218578750000056,16.603966424000077
589,2020/10/16 00:00,0,0,1,Mon,Day,Collision with a non rail vehicle,The driver of the motor vehicle,No,Clear,None or none of listed,Passenger car without a trailer,Private company,No,90000,1846683.0197885016,6308331.234624175,49.196863312000055,16.589035816000035
590,2020/10/16 00:00,0,0,0,Mon,Day,Collision with a non rail vehicle,The driver of the motor vehicle,No,Clear,Parking slot adjacent to the road,Truck,"Private, not used for business activity",No,0,1848216.8330546867,6308540.704297708,49.19809291500006,16.60281429500003
591,2020/10/16 00:00,0,0,0,Mon,Day,Collision with a non rail vehicle,The driver of the motor vehicle,Not tested,Clear,"Exit from the car park, forest roads, etc.","Not identified, the driver has fled",Not identified,No,0,1851477.6557878489,6307169.7498684395,49.19004475300004,16.63210676400007
592,2020/10/16 00:00,0,0,0,Mon,Night,Collision with a fixed obstacle,The driver of the motor vehicle,Not tested,Clear,None or none of listed,"Not identified, the driver has fled",Not identified,No,0,1852433.4520602457,6307443.794920839,49.19165363400003,16.640692828000052
593,2020/10/16 00:00,0,0,0,Mon,Day,Collision with a parked vehicle,The driver of the motor vehicle,No,Clear,None or none of listed,Tractor (also with trailer),Private company,No,0,1846019.5481649686,6306666.102366962,49.187087771000044,16.583075749000045
594,2020/10/16 00:00,0,0,0,Mon,Day,Collision with a non rail vehicle,The driver of the motor vehicle,No,Clear,None or none of listed,Passenger car without a trailer,"Private, not used for business activity",No,20000,1856777.0401845714,6311312.148377855,49.21435862600003,16.679711944000072
595,2020/10/16 00:00,0,0,1,Mon,Day,Collision with pedestrian,The driver of the motor vehicle,No,Clear,Pedestrian crossing,Passenger car without a trailer,"Private, not used for business activity",No,0,1857445.6906134542,6310031.870280802,49.20684529000003,16.68571853300006
596,2020/10/16 00:00,0,0,1,Mon,Day,Collision with a non rail vehicle,The driver of the motor vehicle,No,Clear,None or none of listed,Passenger car without a trailer,"Private, not used for business activity",No,50000,1847373.8554126665,6306612.230059827,49.18677146900006,16.595241698000052
597,2020/10/16 00:00,0,0,0,Mon,Day,Collision with a non rail vehicle,The driver of the motor vehicle,No,Clear,None or none of listed,Passenger car without a trailer,"Private, not used for business activity",No,120000,1850842.2376778661,6311413.227655232,49.214951763000045,16.626398706000032
598,2020/10/16 00:00,0,0,1,Mon,Day,Other collisions,Pedestrian,No,Clear,None or none of listed,Bus,Public transport,No,10000,1858513.0192195096,6310057.390663896,49.206995068000026,16.695306509000034
599,2020/10/16 00:00,0,0,0,Mon,Day,Collision with a non rail vehicle,The driver of the motor vehicle,No,Clear,None or none of listed,Truck,"Private, used for business activity",No,30000,1847201.4101668382,6312486.634564584,49.22125011600008,16.59369259600004
600,2020/10/16 00:00,0,0,0,Mon,Night,Crash,The driver of the motor vehicle,Under influence of alcohol,Clear,Parking slot adjacent to the road,Passenger car without a trailer,"Private, not used for business activity",No,35000,1857569.1471570109,6310154.72146445,49.20756629400005,16.686827562000072
601,2020/10/15 00:00,0,0,2,Sun,Day,Collision with pedestrian,The driver of the motor vehicle,No,Clear,Pedestrian crossing,Passenger car without a trailer,"Private, not used for business activity",No,0,1850877.24198043,6311408.84694923,49.21492605700007,16.62671315500006
602,2020/10/15 00:00,0,0,0,Sun,Night,Collision with a parked vehicle,The driver of the motor vehicle,Not tested,Clear,Parking slot adjacent to the road,"Not identified, the driver has fled",Not identified,No,0,1846473.3329409903,6311094.921597124,49.21308390700005,16.587152167000056
603,2020/10/15 00:00,0,0,0,Sun,Night,Collision with a parked vehicle,The driver of the motor vehicle,Not tested,Clear,Parking slot adjacent to the road,"Not identified, the driver has fled",Not identified,No,0,1840323.264031256,6304372.296178074,49.17361829200007,16.531905158000026
604,2020/10/15 00:00,0,0,0,Sun,Night,Collision with a parked vehicle,The driver of the motor vehicle,Not tested,Clear,Parking slot adjacent to the road,"Not identified, the driver has fled",Not identified,No,0,1845451.0552215332,6319406.341342131,49.26183312200005,16.577968890000022
605,2020/10/15 00:00,0,0,1,Sun,Day,Collision with pedestrian,The driver of the motor vehicle,No,Clear,Pedestrian crossing,Passenger car without a trailer,"Private, not used for business activity",No,0,1848273.1439077891,6304974.488913253,49.17715478800005,16.60332014400007
606,2020/10/15 00:00,0,0,0,Sun,Day,Collision with a non rail vehicle,The driver of the motor vehicle,No,Clear,Pedestrian crossing,Passenger car without a trailer,Registered outside of the Czech Republic,No,150000,1853630.431248966,6306459.731511741,49.185876089000026,16.65144547500006
607,2020/10/14 00:00,0,0,0,Sat,Night,Collision with a parked vehicle,The driver of the motor vehicle,Not tested,Clear,None or none of listed,"Not identified, the driver has fled",Not identified,No,0,1850408.26710329,6308683.890948655,49.19893341400005,16.622500282000033
608,2020/10/14 00:00,0,0,0,Sat,Day,Collision with a parked vehicle,The driver of the motor vehicle,Not tested,Clear,Parking slot adjacent to the road,"Not identified, the driver has fled",Not identified,No,0,1847236.7990782375,6309065.981346053,49.201176197000045,16.594010500000024
609,2020/10/14 00:00,0,0,0,Sat,Day,Crash,The driver of the motor vehicle,No,Clear,Parking slot adjacent to the road,Truck,Private company,No,20000,1848902.345158163,6311882.877911207,49.21770759500002,16.60897235500005
610,2020/10/14 00:00,0,0,1,Sat,Day,Collision with a non rail vehicle,The driver of the motor vehicle,No,Clear,"Bridge, overpass, underpass, tunnel",Motorbike,"Private, not used for business activity",No,20000,1847754.886444923,6303118.842172861,49.16625632500006,16.598664558000053
611,2020/10/14 00:00,0,0,0,Sat,Day,Collision with a non rail vehicle,The driver of the motor vehicle,No,Clear,Near the pedestrian crossing,Passenger car without a trailer,"Private, not used for business activity",No,20000,1842185.6902078772,6312098.8929771725,49.21897508500006,16.54863561700006
612,2020/10/14 00:00,0,0,0,Sat,Day,Collision with a parked vehicle,The driver of the motor vehicle,Not tested,Clear,Parking slot adjacent to the road,Passenger car without a trailer,Private company,No,1000,1857341.204024324,6305035.806757424,49.17751487500003,16.684779914000043
613,2020/10/13 00:00,0,0,0,Fri,Day,Collision with a tram,The driver of the motor vehicle,No,Clear,"Exit from the car park, forest roads, etc.",Passenger car without a trailer,Private company,No,250000,1850143.3627827195,6306549.449300222,49.18640286000004,16.620120606000057
614,2020/10/13 00:00,0,0,0,Fri,Day,Collision with a parked vehicle,The driver of the motor vehicle,No,Clear,None or none of listed,Truck,Private company,No,0,1856996.708048947,6309136.16297341,49.20158813600005,16.681685254000055
615,2020/10/13 00:00,0,0,1,Fri,Day,Collision with a non rail vehicle,Driver of a non-motorized vehicle,No,Clear,None or none of listed,Bicycle,"Private, not used for business activity",No,1000,1852629.63318186,6308464.208097666,49.19764388000005,16.64245515300007
616,2020/10/13 00:00,0,0,0,Fri,Night,Collision with a parked vehicle,The driver of the motor vehicle,Not tested,Clear,Parking slot adjacent to the road,"Not identified, the driver has fled",Not identified,No,0,1852353.5108622392,6310148.9469395615,49.207532404000055,16.639974704000053
617,2020/10/13 00:00,0,0,0,Fri,Day,Collision with a non rail vehicle,The driver of the motor vehicle,Under influence of alcohol,Clear,Pedestrian crossing,Passenger car without a trailer,Private company,No,40000,1849483.7932412953,6306476.744523002,49.18597598000007,16.614195592000044
618,2020/10/13 00:00,0,0,0,Fri,Day,Collision with a parked vehicle,The driver of the motor vehicle,Not tested,Clear,Parking slot adjacent to the road,Passenger car without a trailer,"Private, used for business activity",No,30000,1842772.1304135728,6303166.185235043,49.16653440700002,16.553903699000042
619,2020/10/13 00:00,0,0,0,Fri,Day,Collision with a non rail vehicle,The driver of the motor vehicle,No,Clear,"Bus, trolleybus, tram stop. islet",Passenger car without a trailer,"Private, not used for business activity",No,110000,1850290.096231796,6300786.036959598,49.152552042000075,16.621438735000027
620,2020/10/13 00:00,0,0,0,Fri,Night,Collision with a parked vehicle,The driver of the motor vehicle,Not tested,Clear,None or none of listed,"Not identified, the driver has fled",Not identified,No,0,1845856.722147664,6307612.674356616,49.19264507600006,16.581613058000073
621,2020/10/13 00:00,0,0,0,Fri,Day,Collision with a parked vehicle,The driver of the motor vehicle,Not tested,Clear,Parking slot adjacent to the road,Passenger car without a trailer,"Private, used for business activity",No,10000,1846509.7468822605,6317594.21456083,49.25120850300003,16.587479279000032
622,2020/10/13 00:00,0,0,0,Fri,Day,Other collisions,The driver of the motor vehicle,No,Clear,"Exit from the car park, forest roads, etc.",Truck,Private company,No,130000,1858532.1911074964,6307684.273205704,49.193065406000066,16.695478733000073
623,2020/10/13 00:00,0,0,2,Fri,Day,Collision with a non rail vehicle,The driver of the motor vehicle,No,Clear,None or none of listed,Passenger car without a trailer,"Private, not used for business activity",No,90000,1849125.6644131595,6309139.514997721,49.201607811000024,16.61097846600006
624,2020/10/13 00:00,0,0,0,Fri,Day,Collision with a parked vehicle,The driver of the motor vehicle,Not tested,Clear,Parking slot adjacent to the road,Passenger car without a trailer,"Private, not used for business activity",No,0,1847139.3961935863,6312192.113380873,49.21952205500002,16.593135515000025
625,2020/10/13 00:00,0,0,1,Fri,Day,Crash,The driver of the motor vehicle,No,Clear,None or none of listed,Motorbike,"Private, not used for business activity",No,40000,1855780.9490394914,6301796.268086579,49.15848720500002,16.670763905000054
626,2020/10/13 00:00,0,0,0,Fri,Day,Collision with a non rail vehicle,The driver of the motor vehicle,Not tested,Clear,None or none of listed,"Not identified, the driver has fled",Not identified,No,0,1836066.4279653437,6316962.567665126,49.24750457800007,16.493665349000025
627,2020/10/13 00:00,0,0,0,Fri,Night,Collision with a parked vehicle,The driver of the motor vehicle,Not tested,Clear,Parking slot adjacent to the road,"Not identified, the driver has fled",Not identified,No,0,1850816.7922686609,6314413.602099503,49.23255483200006,16.62617012600003
628,2020/10/12 00:00,0,0,0,Thu,Night,Collision with a fixed obstacle,The driver of the motor vehicle,No,Clear,"Exit from the car park, forest roads, etc.",Passenger car without a trailer,"Private, not used for business activity",No,10000,1846962.9083804514,6313998.964622087,49.23012254500003,16.591550098000027
629,2020/10/12 00:00,0,0,0,Thu,Day,Collision with a fixed obstacle,The driver of the motor vehicle,No,Clear,Near the pedestrian crossing,Passenger car without a trailer,Private company,No,30000,1848684.6067945173,6311915.267973353,49.217897649000065,16.607016378000026
630,2020/10/12 00:00,0,0,0,Thu,Day,Collision with a non rail vehicle,The driver of the motor vehicle,No,Clear,Near the pedestrian crossing,Passenger car without a trailer,Private company,No,180000,1847141.8363168242,6308883.853670267,49.200107162000045,16.593157435000023
631,2020/10/12 00:00,0,0,0,Thu,Day,Collision with a non rail vehicle,The driver of the motor vehicle,No,Clear,Near the pedestrian crossing,Passenger car without a trailer,Private company,No,90000,1846824.0583550718,6306836.914374533,49.18809065100004,16.590302787000038
632,2020/10/12 00:00,0,0,0,Thu,Day,Collision with a non rail vehicle,The driver of the motor vehicle,No,Clear,Parking slot adjacent to the road,Truck,"Private, used for business activity",No,1000,1850983.3076365364,6310806.246533279,49.211389868000026,16.62766595900007
633,2020/10/12 00:00,0,0,0,Thu,Night,Collision with a parked vehicle,The driver of the motor vehicle,Not tested,Clear,Parking slot adjacent to the road,"Not identified, the driver has fled",Not identified,No,0,1856817.162400716,6309499.9343066625,49.203723278000034,16.680072368000026
634,2020/10/12 00:00,0,0,0,Thu,Day,Collision with a non rail vehicle,The driver of the motor vehicle,Under influence of alcohol,Clear,None or none of listed,Passenger car without a trailer,Private company,No,50000,1857538.544427112,6304259.969092165,49.17295860100006,16.68655265300003
635,2020/10/12 00:00,0,0,0,Thu,Night,Collision with a fixed obstacle,The driver of the motor vehicle,No,Clear,None or none of listed,Passenger car without a trailer,Registered outside of the Czech Republic,No,60000,1838291.21177492,6315826.970749452,49.240844833000025,16.513650922000068
636,2020/10/12 00:00,0,0,0,Thu,Night,Collision with a parked vehicle,The driver of the motor vehicle,Not tested,Clear,None or none of listed,"Not identified, the driver has fled",Not identified,No,0,1854939.3505346368,6310341.234953638,49.20866090700007,16.66320369700003
637,2020/10/12 00:00,0,0,0,Thu,Night,Collision with a parked vehicle,The driver of the motor vehicle,Not tested,Clear,None or none of listed,Passenger car without a trailer,"Private, not used for business activity",No,1000,1848104.42630643,6309232.919201747,49.20215605200006,16.601804528000056
638,2020/10/12 00:00,0,0,0,Thu,Night,Collision with a parked vehicle,The driver of the motor vehicle,Not tested,Clear,None or none of listed,"Not identified, the driver has fled",Not identified,No,0,1849947.4787728293,6307624.109554619,49.192712208000046,16.618360950000064
639,2020/10/11 00:00,0,0,0,Wed,Day,Collision with a non rail vehicle,The driver of the motor vehicle,No,Clear,Pedestrian crossing,Passenger car without a trailer,"Private, not used for business activity",No,5000,1837870.508591213,6311939.692256076,49.21804096200002,16.509871681000046
640,2020/10/11 00:00,0,0,0,Wed,Day,Collision with a parked vehicle,The driver of the motor vehicle,Not tested,Clear,None or none of listed,Passenger car without a trailer,Private company,No,0,1846320.5627472415,6316145.032155158,49.24271020500002,16.585779809000027
641,2020/10/11 00:00,0,0,0,Wed,Day,Crash,The driver of the motor vehicle,No,Clear,Parking slot adjacent to the road,Truck,Private company,No,0,1848359.3376989497,6308960.988975677,49.20055992600003,16.604094436000025
642,2020/10/11 00:00,0,0,1,Wed,Day,Collision with a non rail vehicle,The driver of the motor vehicle,No,Clear,None or none of listed,Passenger car without a trailer,Private company,No,10000,1849726.8678097231,6308282.365481799,49.19657644200004,16.616379168000037
643,2020/10/11 00:00,0,0,0,Wed,Day,Collision with a parked vehicle,The driver of the motor vehicle,Not tested,Clear,None or none of listed,"Not identified, the driver has fled",Not identified,No,0,1846019.0546856644,6308394.769021504,49.19723626700003,16.58307131600003
644,2020/10/11 00:00,0,0,0,Wed,Night,Collision with a parked vehicle,The driver of the motor vehicle,Not tested,Clear,Parking slot adjacent to the road,"Not identified, the driver has fled",Not identified,No,0,1848268.5076736324,6309136.990459038,49.20159299300007,16.60327849600003
645,2020/10/11 00:00,0,0,0,Wed,Night,Collision with a parked vehicle,The driver of the motor vehicle,Not tested,Clear,Parking slot adjacent to the road,"Not identified, the driver has fled",Not identified,No,0,1846156.7856162048,6306112.549151392,49.18383758200008,16.584308574000037
646,2020/10/11 00:00,0,0,1,Wed,Night,Collision with a non rail vehicle,The driver of the motor vehicle,No,Clear,Pedestrian crossing,Passenger car without a trailer,Private company,No,90000,1846527.688133275,6311935.286905311,49.21801511300003,16.58764044800006
647,2020/10/11 00:00,0,0,0,Wed,Day,Collision with a parked vehicle,The driver of the motor vehicle,Not tested,Clear,Parking slot adjacent to the road,Passenger car without a trailer,"Private, not used for business activity",No,10000,1848484.2080000413,6305045.494039147,49.17757176300005,16.605216165000055
648,2020/10/11 00:00,0,0,0,Wed,Day,Collision with a fixed obstacle,The driver of the motor vehicle,Not tested,Clear,Parking slot adjacent to the road,Truck,Private company,No,0,1853999.2839289315,6307919.010567936,49.19444343600002,16.65475893500007
649,2020/10/10 00:00,0,0,1,Tue,Day,Collision with pedestrian,Pedestrian,No,Clear,"Bus stop, trolleybus, tramway without boarding. islet",Passenger car without a trailer,"Private, not used for business activity",No,0,1847155.5279462787,6308857.615520193,49.19995315000005,16.593280429000057
650,2020/10/10 00:00,0,0,0,Tue,Day,Collision with a non rail vehicle,The driver of the motor vehicle,No,Clear,Pedestrian crossing,Passenger car without a trailer,Private company,No,120000,1845160.374872867,6306342.515691372,49.185187857000074,16.57535766400002
651,2020/10/10 00:00,0,0,0,Tue,Day,Collision with a fixed obstacle,The driver of the motor vehicle,Not tested,Clear,Pedestrian crossing,"Not identified, the driver has fled",Not identified,No,0,1849048.1261576812,6310563.314334249,49.20996421800003,16.610281928000063
652,2020/10/10 00:00,0,0,0,Tue,Day,Collision with wildlife animals,"Forest animals, pets",Not tested,Clear,"Exit from the car park, forest roads, etc.",Passenger car without a trailer,"Private, not used for business activity",No,15000,1839082.4907529857,6310271.092700994,49.20824925800007,16.520759102000053
653,2020/10/10 00:00,0,0,0,Tue,Night,Collision with a parked vehicle,The driver of the motor vehicle,Not tested,Clear,Gas station,"Not identified, the driver has fled",Not identified,No,0,1846280.448768735,6315079.019844508,49.23645796000005,16.585419459000036
654,2020/10/10 00:00,0,0,0,Tue,Day,Collision with wildlife animals,"Forest animals, pets",Not tested,Clear,None or none of listed,Passenger car without a trailer,"Private, used for business activity",No,40000,1837593.2559334836,6306974.025672279,49.188895651000045,16.507381078000037
655,2020/10/09 00:00,0,0,0,Mon,Night,Collision with a parked vehicle,The driver of the motor vehicle,Not tested,Clear,Parking slot adjacent to the road,"Not identified, the driver has fled",Not identified,No,0,1846572.305207824,6311361.795829113,49.214649960000024,16.58804125000006
656,2020/10/09 00:00,0,0,0,Mon,Day,Collision with a non rail vehicle,The driver of the motor vehicle,No,Clear,Near the pedestrian crossing,Passenger car without a trailer,Private company,No,6000,1846497.179357032,6314859.413941915,49.23516985600001,16.58736638300007
657,2020/10/09 00:00,0,0,0,Mon,Day,Collision with a non rail vehicle,The driver of the motor vehicle,No,Clear,Near the pedestrian crossing,Passenger car without a trailer,Private company,No,120000,1837056.89135357,6312363.600237739,49.220528237000046,16.50256283300007
658,2020/10/09 00:00,0,0,1,Mon,Day,Collision with a parked vehicle,The driver of the motor vehicle,No,Clear,Near the pedestrian crossing,Passenger car without a trailer,"Private, not used for business activity",No,40000,1845102.3579372573,6311961.07431976,49.21816642400005,16.57483648900006
659,2020/10/09 00:00,0,0,0,Mon,Night,Collision with a parked vehicle,The driver of the motor vehicle,Not tested,Clear,Parking slot adjacent to the road,"Not identified, the driver has fled",Not identified,No,0,1844058.2080529307,6303335.206606861,49.16752718600003,16.56545673100004
660,2020/10/09 00:00,0,0,0,Mon,Day,Collision with a parked vehicle,The driver of the motor vehicle,No,Clear,"Bus stop, trolleybus, tramway without boarding. islet",Passenger car without a trailer,"Private, not used for business activity",No,0,1845567.3970024732,6316695.169905449,49.24593649600007,16.579014006000023
661,2020/10/09 00:00,0,0,1,Mon,Day,Collision with pedestrian,Pedestrian,No,Clear,None or none of listed,Passenger car without a trailer,Private company,No,10000,1848504.7693779045,6310354.929194628,49.20874127500007,16.605400871000025
662,2020/10/09 00:00,0,0,2,Mon,Day,Collision with a non rail vehicle,The driver of the motor vehicle,No,Clear,Near the pedestrian crossing,Passenger car without a trailer,"Private, not used for business activity",No,80000,1852935.9295400106,6310040.042254213,49.20689325100004,16.645206660000042
663,2020/10/09 00:00,0,0,0,Mon,Day,Collision with a non rail vehicle,The driver of the motor vehicle,No,Clear,Near the pedestrian crossing,Passenger car with trailer,Private company,No,15000,1847571.3033500845,6302630.056031988,49.16338521900008,16.597015403000057
664,2020/10/09 00:00,0,0,0,Mon,Night,Collision with a parked vehicle,The driver of the motor vehicle,Not tested,Clear,Parking slot adjacent to the road,"Not identified, the driver has fled",Not identified,No,0,1854363.8606046126,6311195.011756715,49.21367125500006,16.658033983000053
665,2020/10/09 00:00,0,0,0,Mon,Night,Collision with a parked vehicle,The driver of the motor vehicle,Not tested,Clear,Parking slot adjacent to the road,Passenger car without a trailer,Private company,No,5000,1848339.0627461383,6308558.915890864,49.19819981700003,16.60391230300007