objectid,date,dead,serious.injuries,light.injuries,day.of.the.week,day/night,type.of.the.accident,cause.of.the.accident,alcohol.or.drugs,weather.conditions,place,vehicle.type,vehicle.characteristic,skid,total.damage.in.czk,x,y,lat,lng
666,2020/10/09 00:00,0,0,1,Mon,Day,Collision with pedestrian,The driver of the motor vehicle,No,Clear,Pedestrian crossing,Passenger car without a trailer,"Private, not used for business activity",No,0,1846458.6956524642,6315758.641457614,49.24044408500003,16.587020678000044
667,2020/10/09 00:00,0,0,0,Mon,Day,Collision with a fixed obstacle,The driver of the motor vehicle,No,Clear,None or none of listed,Truck with trailer,Private company,No,0,1855768.590572264,6304826.063184426,49.17628315200004,16.670652887000074
668,2020/10/09 00:00,0,0,0,Mon,Night,Collision with a parked vehicle,The driver of the motor vehicle,Not tested,Clear,Parking slot adjacent to the road,Passenger car without a trailer,"Private, not used for business activity",No,10000,1847807.8999033875,6303821.862282198,49.170385539000044,16.599140786000078
669,2020/10/09 00:00,0,0,0,Mon,Day,Collision with a non rail vehicle,The driver of the motor vehicle,No,Clear,None or none of listed,Truck,Private company,No,90000,1852682.9819346278,6309206.686268334,49.20200207700003,16.642934393000075
670,2020/10/09 00:00,0,0,0,Mon,Day,Collision with a non rail vehicle,The driver of the motor vehicle,No,Clear,Near the pedestrian crossing,Passenger car without a trailer,Private company,No,40000,1855504.924903661,6300016.192614165,49.14802868700007,16.668284338000035
671,2020/10/09 00:00,0,0,1,Mon,Day,Collision with a non rail vehicle,The driver of the motor vehicle,No,Clear,None or none of listed,Motorbike,"Private, not used for business activity",No,10000,1848352.7877714352,6315222.200724786,49.237297773000066,16.604035597000063
672,2020/10/09 00:00,0,0,0,Mon,Day,Collision with a non rail vehicle,The driver of the motor vehicle,Not tested,Clear,Parking slot adjacent to the road,"Not identified, the driver has fled",Not identified,No,0,1845100.425208259,6310853.834732543,49.21166913500008,16.57481912700007
673,2020/10/09 00:00,0,0,0,Mon,Night,Collision with a parked vehicle,The driver of the motor vehicle,Not tested,Clear,Parking slot adjacent to the road,"Not identified, the driver has fled",Not identified,No,0,1848710.8720717772,6311748.07432387,49.21691660500004,16.607252323000065
674,2020/10/09 00:00,0,0,0,Mon,Night,Collision with a parked vehicle,The driver of the motor vehicle,Not tested,Clear,None or none of listed,"Not identified, the driver has fled",Not identified,No,0,1846902.9580479204,6306142.667934939,49.18401443000004,16.591011555000023
675,2020/10/09 00:00,0,0,0,Mon,Night,Collision with a parked vehicle,The driver of the motor vehicle,Not tested,Clear,Parking slot adjacent to the road,"Not identified, the driver has fled",Not identified,No,0,1842662.663835702,6305127.788191618,49.17805502800007,16.552920344000025
676,2020/10/09 00:00,0,0,0,Mon,Day,Collision with a parked vehicle,The driver of the motor vehicle,Not tested,Clear,Parking slot adjacent to the road,Passenger car without a trailer,"Private, not used for business activity",No,0,1854134.222187402,6308456.998289748,49.197601558000024,16.655971106000038
677,2020/10/09 00:00,0,0,1,Mon,Day,Other collisions,The driver of the motor vehicle,No,Clear,"Bus stop, trolleybus, tramway without boarding. islet",Troleybus,Public transport,No,0,1852591.0755611532,6310422.601577587,49.20913842500005,16.642108784000072
678,2020/10/08 00:00,0,0,0,Sun,Day,Collision with a parked vehicle,The driver of the motor vehicle,No,Clear,Parking slot adjacent to the road,Passenger car without a trailer,"Private, not used for business activity",No,15000,1842470.1875380627,6304960.734958741,49.17707401800004,16.551191300000024
679,2020/10/08 00:00,0,0,0,Sun,Day,Collision with a parked vehicle,The driver of the motor vehicle,Not tested,Rain,"Exit from the car park, forest roads, etc.",Passenger car without a trailer,"Private, not used for business activity",No,0,1841309.3414315397,6307800.733994547,49.193749096000026,16.540763242000025
680,2020/10/08 00:00,0,0,0,Sun,Night,Collision with a parked vehicle,The driver of the motor vehicle,Not tested,Rain,Parking slot adjacent to the road,Passenger car without a trailer,Private company,No,0,1847656.8718596718,6301650.335153662,49.157629885000055,16.59778407800007
681,2020/10/08 00:00,0,0,0,Sun,Day,Collision with a non rail vehicle,The driver of the motor vehicle,No,Rain,Near the pedestrian crossing,Passenger car without a trailer,Private company,No,80000,1847902.1290693507,6311505.583952104,49.21549370700006,16.599987261000024
682,2020/10/08 00:00,0,0,0,Sun,Night,Collision with a non rail vehicle,The driver of the motor vehicle,No,"At the beginning of the rain, light rain, drizzle, etc.",None or none of listed,Passenger car without a trailer,Registered outside of the Czech Republic,No,10000,1847872.294109985,6302182.81583432,49.16075800600003,16.59971924900003
683,2020/10/07 00:00,0,0,0,Sat,Night,Collision with a parked vehicle,The driver of the motor vehicle,Not tested,Clear,Parking slot adjacent to the road,"Not identified, the driver has fled",Not identified,No,0,1854509.450245925,6310161.977197213,49.20760887700002,16.659341837000056
684,2020/10/07 00:00,0,0,0,Sat,Day,Collision with a pet,"Forest animals, pets",Not tested,Clear,None or none of listed,Passenger car without a trailer,"Private, not used for business activity",No,20000,1857164.9172541893,6306203.951871475,49.18437426800005,16.683196303000045
685,2020/10/07 00:00,0,0,0,Sat,Night,Collision with a parked vehicle,The driver of the motor vehicle,Not tested,Clear,None or none of listed,"Not identified, the driver has fled",Not identified,No,0,1847270.2013820116,6312355.902034374,49.22048306900007,16.594310558000075
686,2020/10/07 00:00,0,0,0,Sat,Day,Other collisions,The driver of the motor vehicle,Not tested,Clear,Parking slot adjacent to the road,Passenger car without a trailer,"Private, not used for business activity",No,1000,1836966.5880920806,6311721.230093065,49.216759089000035,16.50175162500005
687,2020/10/07 00:00,0,0,0,Sat,Day,Collision with a parked vehicle,The driver of the motor vehicle,Not tested,Clear,Parking slot adjacent to the road,Passenger car without a trailer,"Private, not used for business activity",No,100,1843324.1112256206,6304816.807309895,49.176228796000025,16.558862227000077
688,2020/10/07 00:00,0,0,1,Sat,Day,Collision with pedestrian,The driver of the motor vehicle,Not tested,Clear,None or none of listed,Passenger car without a trailer,Private company,No,0,1849005.1236610243,6322004.09104399,49.27705991100002,16.609895630000036
689,2020/10/06 00:00,0,0,1,Fri,Day,Other collisions,The driver of the motor vehicle,Not tested,Clear,Parking slot adjacent to the road,"Not identified, the driver has fled",Not identified,No,0,1851458.326271466,6311377.467691181,49.21474192300006,16.631933124000057
690,2020/10/06 00:00,0,0,0,Fri,Night,Collision with a parked vehicle,The driver of the motor vehicle,Not tested,Clear,Parking slot adjacent to the road,"Not identified, the driver has fled",Not identified,No,0,1843678.8445866464,6303706.228420425,49.16970638300006,16.56204885100004
691,2020/10/06 00:00,0,0,0,Fri,Night,Collision with a parked vehicle,The driver of the motor vehicle,Not tested,Clear,Parking slot adjacent to the road,"Not identified, the driver has fled",Not identified,No,0,1842571.936112997,6305032.254575277,49.177494015000036,16.552105323000035
692,2020/10/06 00:00,0,0,0,Fri,Day,Collision with a fixed obstacle,The driver of the motor vehicle,No,Clear,Parking slot adjacent to the road,Passenger car without a trailer,Private company,No,50000,1848367.1061296202,6311414.5620106235,49.21495959300005,16.604164221000072
693,2020/10/06 00:00,0,0,0,Fri,Night,Collision with a parked vehicle,The driver of the motor vehicle,Not tested,Clear,Parking slot adjacent to the road,"Not identified, the driver has fled",Not identified,No,0,1850033.1493623862,6309450.0872418005,49.203430708000035,16.619130542000047
694,2020/10/06 00:00,0,0,1,Fri,Day,Collision with a non rail vehicle,The driver of the motor vehicle,No,Clear,None or none of listed,Motorbike,"Private, not used for business activity",No,10000,1853178.6284051563,6307602.529830232,49.19258552100007,16.64738686100003
695,2020/10/06 00:00,0,0,0,Fri,Day,Collision with a fixed obstacle,The driver of the motor vehicle,No,Rain,None or none of listed,Passenger car without a trailer,Private company,No,40000,1844878.34816746,6304682.824743416,49.17544196400007,16.572824175000054
696,2020/10/06 00:00,0,0,0,Fri,Day,Collision with a parked vehicle,The driver of the motor vehicle,Not tested,Clear,Gas station,Passenger car without a trailer,"Private, not used for business activity",No,0,1848462.1752011434,6311463.981025344,49.21524958300005,16.605018241000035
697,2020/10/06 00:00,0,0,0,Fri,Night,Collision with a fixed obstacle,The driver of the motor vehicle,No,Clear,None or none of listed,Truck,"Private, not used for business activity",No,5000,1848886.2041659558,6311885.606419856,49.21772360500005,16.608827358000042
698,2020/10/06 00:00,0,0,0,Fri,Day,Collision with a fixed obstacle,The driver of the motor vehicle,No,Clear,Pedestrian crossing,Truck,Registered outside of the Czech Republic,No,0,1847524.3278608005,6302645.720175749,49.16347723200004,16.596593415000026
699,2020/10/06 00:00,0,0,0,Fri,Night,Collision with a parked vehicle,The driver of the motor vehicle,Not tested,Clear,"Exit from the car park, forest roads, etc.","Not identified, the driver has fled",Not identified,No,0,1858124.4541954375,6305269.086740731,49.178884780000026,16.69181597000005
700,2020/10/05 00:00,0,0,0,Thu,Day,Collision with a fixed obstacle,The driver of the motor vehicle,No,Clear,None or none of listed,Truck,Private company,No,1000,1840177.9395529763,6312176.173619145,49.21942852900002,16.530599686000077
701,2020/10/05 00:00,0,0,0,Thu,Day,Collision with a fixed obstacle,The driver of the motor vehicle,No,"At the beginning of the rain, light rain, drizzle, etc.",None or none of listed,Passenger car without a trailer,"Private, not used for business activity",No,60000,1846021.0322764178,6304592.94939356,49.17491415100005,16.583089081000026
702,2020/10/05 00:00,0,0,0,Thu,Night,Collision with a parked vehicle,The driver of the motor vehicle,Not tested,Clear,Parking slot adjacent to the road,"Not identified, the driver has fled",Not identified,No,0,1846993.2483963524,6306430.166140616,49.18570249700007,16.59182264700007
703,2020/10/05 00:00,0,0,1,Thu,Day,Other collisions,The driver of the motor vehicle,Not tested,Clear,None or none of listed,"Not identified, the driver has fled",Not identified,No,0,1851867.999586066,6307643.833655362,49.19282800100006,16.635613282000065
704,2020/10/05 00:00,0,0,0,Thu,Day,Collision with a fixed obstacle,The driver of the motor vehicle,No,Clear,"Exit from the car park, forest roads, etc.",Passenger car without a trailer,Private company,No,10000,1848236.541947894,6308678.176887559,49.198899873000066,16.602991343000042
705,2020/10/05 00:00,0,0,0,Thu,Night,Collision with a parked vehicle,The driver of the motor vehicle,Not tested,Clear,Parking slot adjacent to the road,"Not identified, the driver has fled",Not identified,No,0,1851075.5789152966,6307371.106784961,49.191226897000035,16.628494846000024
706,2020/10/05 00:00,0,0,0,Thu,Day,Collision with a parked vehicle,The driver of the motor vehicle,No,Clear,Parking slot adjacent to the road,Passenger car without a trailer,"Private, not used for business activity",No,25000,1846935.9475790218,6310314.771945619,49.20850560200006,16.591307905000065
707,2020/10/05 00:00,0,0,0,Thu,Day,Collision with a fixed obstacle,The driver of the motor vehicle,No,Clear,"Bridge, overpass, underpass, tunnel",Motorbike,"Private, not used for business activity",No,50000,1847857.522458837,6312386.218863878,49.22066094800003,16.599586553000048
708,2020/10/05 00:00,0,0,0,Thu,Day,Collision with a fixed obstacle,The driver of the motor vehicle,No,Clear,"Bridge, overpass, underpass, tunnel",Motorbike,"Private, not used for business activity",No,30000,1847823.4594738926,6312397.639579436,49.22072795700006,16.599280560000068
709,2020/10/05 00:00,0,0,0,Thu,Day,Collision with a parked vehicle,The driver of the motor vehicle,Not tested,Clear,Parking slot adjacent to the road,Passenger car without a trailer,"Private, used for business activity",No,0,1847916.6258726781,6306004.674521064,49.18320417100005,16.600117488000024
710,2020/10/04 00:00,0,0,0,Wed,Night,Collision with wildlife animals,"Forest animals, pets",Not tested,Clear,None or none of listed,Passenger car without a trailer,Registered outside of the Czech Republic,No,50000,1847665.4601583846,6302104.344969986,49.16029703200007,16.597861228000053
711,2020/10/04 00:00,0,0,0,Wed,Night,Collision with a parked vehicle,The driver of the motor vehicle,Not tested,Clear,Parking slot adjacent to the road,"Not identified, the driver has fled",Not identified,No,0,1847137.5203488471,6306482.791251584,49.186011483000065,16.59311866400003
712,2020/10/04 00:00,0,0,0,Wed,Night,Collision with a parked vehicle,The driver of the motor vehicle,Not tested,Clear,Parking slot adjacent to the road,"Not identified, the driver has fled",Not identified,No,0,1850608.2482270428,6313201.558197139,49.22544457700006,16.62429674300006
713,2020/10/04 00:00,0,0,0,Wed,Night,Collision with a parked vehicle,The driver of the motor vehicle,Not tested,Clear,Parking slot adjacent to the road,"Not identified, the driver has fled",Not identified,No,0,1849696.951809771,6309072.537119661,49.20121467700005,16.61611042800007
714,2020/10/04 00:00,0,0,1,Wed,Day,Collision with pedestrian,Pedestrian,No,Clear,None or none of listed,Passenger car without a trailer,"Private, not used for business activity",No,1000,1850324.125041664,6305996.242315375,49.18315465900008,16.621744421000074
715,2020/10/04 00:00,0,0,0,Wed,Day,Collision with a fixed obstacle,The driver of the motor vehicle,Not tested,Clear,None or none of listed,"Not identified, the driver has fled",Not identified,No,0,1849733.5480923683,6308279.80985508,49.19656144000003,16.61643917800006
716,2020/10/04 00:00,0,0,1,Wed,Day,Collision with pedestrian,Pedestrian,No,Clear,Near the pedestrian crossing,Tram,Public transport,No,5000,1847403.128097282,6309591.6015747115,49.204261301000024,16.595504659000024
717,2020/10/04 00:00,0,0,0,Wed,Day,Collision with a non rail vehicle,The driver of the motor vehicle,No,Clear,Near the pedestrian crossing,Passenger car without a trailer,"Private, not used for business activity",No,70000,1849130.9281552809,6306930.342451962,49.188639182000024,16.611025751000053
718,2020/10/04 00:00,0,0,0,Wed,Day,Collision with a non rail vehicle,The driver of the motor vehicle,No,Clear,None or none of listed,Truck,Private company,No,0,1852850.3943149534,6308906.987850161,49.20024295400003,16.644438284000046
719,2020/10/04 00:00,0,0,0,Wed,Night,Collision with a non rail vehicle,The driver of the motor vehicle,No,Clear,Pedestrian crossing,Passenger car without a trailer,"Private, used for business activity",No,5000,1847165.3774948227,6307269.554773975,49.19063070000004,16.593368909000045
720,2020/10/03 00:00,0,0,0,Tue,Day,Collision with a non rail vehicle,The driver of the motor vehicle,No,Clear,None or none of listed,Passenger car without a trailer,"Private, not used for business activity",No,2000,1844674.8316480026,6310279.580473938,49.208299071000056,16.570995955000058
721,2020/10/03 00:00,0,0,0,Tue,Day,Collision with a non rail vehicle,The driver of the motor vehicle,No,Rain,None or none of listed,Truck with semi-trailer,Private company,No,0,1857016.0696253397,6296571.747511189,49.12778519000005,16.68185918200004
722,2020/10/03 00:00,0,0,1,Tue,Day,Collision with a non rail vehicle,The driver of the motor vehicle,No,Rain,Gas station,Truck,Private company,Yes,50000,1848693.9269075682,6311054.452210738,49.212846423000016,16.607100102000057
723,2020/10/03 00:00,0,0,1,Tue,Day,Collision with a non rail vehicle,The driver of the motor vehicle,No,Rain,None or none of listed,Passenger car without a trailer,Private company,Yes,80000,1845107.3092055696,6319619.928508852,49.26308524700004,16.57488096700007
724,2020/10/03 00:00,0,0,1,Tue,Day,Collision with a non rail vehicle,The driver of the motor vehicle,No,Rain,None or none of listed,Truck,"Private, not used for business activity",No,15000,1850584.199098207,6306888.047430221,49.188390862000055,16.62408070600003
725,2020/10/03 00:00,0,0,0,Tue,Day,Collision with a fixed obstacle,The driver of the motor vehicle,No,Clear,None or none of listed,Passenger car without a trailer,"Private, not used for business activity",No,10000,1845641.7687750356,6313893.149107605,49.22950180600003,16.57968209900002
726,2020/10/03 00:00,0,0,0,Tue,Day,Collision with a fixed obstacle,The driver of the motor vehicle,Not tested,Clear,"Bridge, overpass, underpass, tunnel",Passenger car without a trailer,"Private, not used for business activity",Yes,0,1851089.1386311515,6300588.396952694,49.151390813000035,16.62861665500003
727,2020/10/03 00:00,0,0,0,Tue,Night,Collision with a tram,The driver of the motor vehicle,No,Clear,"Bus stop, trolleybus, tramway without boarding. islet",Passenger car without a trailer,"Private, not used for business activity",No,5000,1851695.749483304,6310810.140764599,49.21141272100004,16.63406593300004
728,2020/10/03 00:00,0,0,1,Tue,Day,Collision with a non rail vehicle,The driver of the motor vehicle,No,Clear,Near the pedestrian crossing,Truck,Private company,No,50000,1852316.6232565334,6309003.779949658,49.200811096000045,16.639643337000052
729,2020/10/02 00:00,0,0,0,Mon,Day,Collision with a non rail vehicle,The driver of the motor vehicle,No,Clear,Pedestrian crossing,Passenger car without a trailer,Private company,No,30000,1844753.8789504978,6310587.156703853,49.21010413900006,16.571706049000056
730,2020/10/02 00:00,0,0,0,Mon,Night,Collision with a fixed obstacle,The driver of the motor vehicle,Not tested,Clear,None or none of listed,"Not identified, the driver has fled",Not identified,No,0,1852184.3917314773,6309425.132130115,49.20328423700004,16.638455481000047
731,2020/10/02 00:00,0,0,0,Mon,Day,Collision with a non rail vehicle,The driver of the motor vehicle,No,Clear,None or none of listed,Passenger car without a trailer,Private company,No,80000,1847816.5394090624,6302612.851434688,49.16328415700007,16.599218396000026
732,2020/10/02 00:00,0,0,0,Mon,Day,Collision with a parked vehicle,The driver of the motor vehicle,Not tested,Clear,None or none of listed,"Not identified, the driver has fled",Not identified,No,0,1847055.240773617,6312281.76781662,49.22004809600003,16.592379534000028
733,2020/10/02 00:00,0,0,0,Mon,Day,Collision with a non rail vehicle,The driver of the motor vehicle,No,Clear,Near the pedestrian crossing,Truck,Private company,No,80000,1849399.419078524,6309733.46245582,49.205093914000024,16.613437646000023
734,2020/10/02 00:00,0,0,0,Mon,Night,Collision with a parked vehicle,The driver of the motor vehicle,Not tested,Clear,Parking slot adjacent to the road,"Not identified, the driver has fled",Not identified,No,0,1847620.7961070072,6310677.367969434,49.21063354800002,16.597460004000023
735,2020/10/02 00:00,0,0,1,Mon,Day,Other collisions,The driver of the motor vehicle,No,Clear,Pedestrian crossing,Bus,Public transport,No,0,1844249.5006904255,6307734.02124757,49.19335745600005,16.56717514200005
736,2020/10/02 00:00,0,0,1,Mon,Day,Collision with a non rail vehicle,The driver of the motor vehicle,No,Rain,Pedestrian crossing,"Not identified, the driver has fled",Not identified,No,0,1849589.2015558062,6308749.324132607,49.19931749900007,16.615142491000025
737,2020/10/01 00:00,0,0,0,Sun,Day,Collision with a non rail vehicle,The driver of the motor vehicle,Not tested,Clear,None or none of listed,Passenger car without a trailer,"Private, not used for business activity",No,5000,1851380.8761810223,6299757.137919989,49.146506473000045,16.631237378000037
738,2020/10/01 00:00,0,0,0,Sun,Night,Collision with a parked vehicle,The driver of the motor vehicle,Not tested,Clear,Parking slot adjacent to the road,"Not identified, the driver has fled",Not identified,No,0,1857243.0865798625,6309969.6835624855,49.20648031700005,16.68389851000006
739,2020/10/01 00:00,0,0,0,Sun,Day,Collision with a fixed obstacle,The driver of the motor vehicle,Under influence of alcohol,Clear,Pedestrian crossing,Passenger car without a trailer,"Private, not used for business activity",No,2000,1848360.068288768,6310723.521850253,49.21090440200003,16.604100999000025
740,2020/10/01 00:00,0,0,0,Sun,Night,Collision with a parked vehicle,The driver of the motor vehicle,Not tested,Clear,None or none of listed,"Not identified, the driver has fled",Not identified,No,0,1854915.842641168,6309779.779333484,49.20536575500006,16.66299252200002
741,2020/10/01 00:00,0,0,0,Sun,Day,Collision with a fixed obstacle,The driver of the motor vehicle,No,Clear,Parking slot adjacent to the road,Passenger car without a trailer,"Private, not used for business activity",No,1000,1839700.9497838186,6312521.1664584475,49.22145272300001,16.526314814000045
742,2020/10/01 00:00,0,0,0,Sun,Night,Collision with a parked vehicle,The driver of the motor vehicle,Not tested,Clear,None or none of listed,"Not identified, the driver has fled",Not identified,No,0,1854154.8427872406,6309169.319365468,49.201782750000056,16.656156344000063
743,2020/09/30 00:00,0,0,0,Sat,Night,Collision with a fixed obstacle,The driver of the motor vehicle,Under influence of alcohol,Clear,"Exit from the car park, forest roads, etc.",Passenger car without a trailer,"Private, not used for business activity",No,15000,1843666.2158356938,6305413.855704503,49.17973489700005,16.561935405000042
744,2020/09/30 00:00,0,0,0,Sat,Night,Collision with a parked vehicle,The driver of the motor vehicle,Not tested,Clear,Parking slot adjacent to the road,"Not identified, the driver has fled",Not identified,No,0,1847163.3087334086,6305426.672074571,49.17981015700007,16.59335032500007
745,2020/09/30 00:00,0,0,0,Sat,Night,Collision with a parked vehicle,The driver of the motor vehicle,Not tested,Clear,None or none of listed,"Not identified, the driver has fled",Not identified,No,0,1846330.6895926408,6316037.776148097,49.24208117600005,16.58587078000005
746,2020/09/29 00:00,0,0,0,Fri,Day,Collision with a non rail vehicle,The driver of the motor vehicle,No,Clear,None or none of listed,Passenger car without a trailer,"Private, not used for business activity",No,120000,1853314.9289915622,6307163.0761739,49.19000557200007,16.64861127000006
747,2020/09/29 00:00,0,0,0,Fri,Day,Collision with a fixed obstacle,The driver of the motor vehicle,No,Clear,None or none of listed,Truck,Private company,No,1000,1844016.183164043,6304820.528662012,49.176250650000036,16.565079215000026
748,2020/09/29 00:00,0,0,0,Fri,Day,Collision with a non rail vehicle,The driver of the motor vehicle,No,Clear,None or none of listed,Bus,Public transport - city- local,No,30000,1859146.7981499874,6298789.72362293,49.14082150100005,16.700999842000044
749,2020/09/29 00:00,0,0,1,Fri,Day,Collision with a non rail vehicle,The driver of the motor vehicle,No,Clear,None or none of listed,Passenger car without a trailer,"Private, not used for business activity",No,20000,1845664.5445202175,6318833.873268479,49.25847695100002,16.579886697000063
750,2020/09/29 00:00,0,0,1,Fri,Day,Collision with pedestrian,The driver of the motor vehicle,Not tested,Clear,Parking slot adjacent to the road,Passenger car without a trailer,Private company,No,0,1849482.9258398209,6307128.089653901,49.18980016700004,16.614187800000025
751,2020/09/29 00:00,0,0,1,Fri,Day,Collision with a non rail vehicle,The driver of the motor vehicle,No,Clear,None or none of listed,Passenger car without a trailer,"Private, not used for business activity",No,20000,1837467.853525234,6311580.098190277,49.215930950000036,16.506254569000074
752,2020/09/29 00:00,0,0,0,Fri,Day,Collision with a fixed obstacle,The driver of the motor vehicle,Not tested,Clear,Gas station,Passenger car without a trailer,Private company,No,0,1848451.4821848157,6311299.01170719,49.214281539000055,16.60492218400003
753,2020/09/29 00:00,0,0,0,Fri,Night,Collision with a fixed obstacle,The driver of the motor vehicle,Not tested,Clear,Parking slot adjacent to the road,"Not identified, the driver has fled",Not identified,No,0,1851037.9776403399,6308049.949716575,49.19521210000004,16.628157068000064
754,2020/09/28 00:00,0,0,0,Thu,Day,Collision with a non rail vehicle,The driver of the motor vehicle,Under influence of alcohol,Clear,None or none of listed,Passenger car without a trailer,"Private, not used for business activity",No,5000,1848271.953345833,6312105.318687487,49.21901278800004,16.60330944900005
755,2020/09/28 00:00,0,0,0,Thu,Day,Collision with a non rail vehicle,The driver of the motor vehicle,No,Clear,"Bridge, overpass, underpass, tunnel",Truck,Private company,No,20000,1852192.690154239,6311140.21600116,49.21334970400004,16.63853002700006
756,2020/09/27 00:00,0,0,0,Wed,Day,Collision with a parked vehicle,The driver of the motor vehicle,No,Clear,Parking slot adjacent to the road,Passenger car without a trailer,Registered outside of the Czech Republic,No,20000,1850224.039579919,6308850.348814814,49.19991049600003,16.620845338000034
757,2020/09/27 00:00,0,0,0,Wed,Day,Collision with a non rail vehicle,The driver of the motor vehicle,Not tested,Clear,None or none of listed,Passenger car without a trailer,"Private, not used for business activity",No,0,1853140.8493529733,6301453.919494066,49.15647596800005,16.647047486000073
758,2020/09/27 00:00,0,0,0,Wed,Night,Collision with a fixed obstacle,The driver of the motor vehicle,Not tested,Clear,None or none of listed,"Not identified, the driver has fled",Not identified,No,0,1850205.511563873,6313632.163337883,49.22797076800003,16.62067889800005
759,2020/09/27 00:00,0,0,0,Wed,Day,Collision with a non rail vehicle,The driver of the motor vehicle,Not tested,Clear,Near the pedestrian crossing,"Not identified, the driver has fled",Not identified,No,0,1850571.716175789,6309579.389335172,49.20418962400004,16.62396857000004
760,2020/09/27 00:00,0,0,0,Wed,Day,Collision with a non rail vehicle,The driver of the motor vehicle,Not tested,Clear,Pedestrian crossing,Passenger car without a trailer,"Private, not used for business activity",No,2100,1855728.7856166612,6309207.598264967,49.20200743000004,16.670295313000054
761,2020/09/27 00:00,0,0,0,Wed,Day,Collision with a fixed obstacle,The driver of the motor vehicle,No,Clear,Parking slot adjacent to the road,Truck,Private company,No,0,1849809.0333937975,6302402.697785379,49.162049671000034,16.617117274000066
762,2020/09/26 00:00,0,0,0,Tue,Night,Collision with wildlife animals,"Forest animals, pets",Not tested,Clear,"Bus stop, trolleybus, tramway without boarding. islet",Bus,Public transport,No,10000,1844613.9681616894,6320302.6681654975,49.26708750000005,16.570449209000056
763,2020/09/26 00:00,0,0,0,Tue,Night,Collision with a parked vehicle,The driver of the motor vehicle,Not tested,Clear,Parking slot adjacent to the road,"Not identified, the driver has fled",Not identified,No,0,1838748.9266855624,6311932.501628635,49.21799877000005,16.51776264500006
764,2020/09/26 00:00,0,0,2,Tue,Day,Collision with a non rail vehicle,The driver of the motor vehicle,No,"At the beginning of the rain, light rain, drizzle, etc.",None or none of listed,Passenger car without a trailer,Registered outside of the Czech Republic,No,100000,1844857.18677754,6310687.011982002,49.21069014400006,16.572634079000068
765,2020/09/26 00:00,0,0,0,Tue,Day,Collision with a non rail vehicle,The driver of the motor vehicle,No,Clear,"Bridge, overpass, underpass, tunnel",Truck,Private company,No,50000,1844844.3847021381,6310658.553861154,49.21052313700005,16.57251907600005
766,2020/09/26 00:00,0,0,0,Tue,Night,Collision with a parked vehicle,The driver of the motor vehicle,Not tested,Clear,Parking slot adjacent to the road,"Not identified, the driver has fled",Not identified,No,0,1847721.0173785312,6308537.131728187,49.19807194400004,16.59836030700006
767,2020/09/26 00:00,0,0,1,Tue,Day,Crash,The driver of the motor vehicle,No,Clear,None or none of listed,Motorbike,The Municipal Police,No,30000,1841915.3874485958,6305387.523114811,49.17958026700006,16.54620744600004
768,2020/09/26 00:00,0,0,1,Tue,Day,Crash,The driver of the motor vehicle,No,Clear,None or none of listed,Motorbike,The Municipal Police,Yes,20000,1841893.1228825205,6305379.348499819,49.17953226400003,16.54600744000004
769,2020/09/26 00:00,0,0,1,Tue,Day,Collision with a non rail vehicle,The driver of the motor vehicle,No,Clear,Pedestrian crossing,Passenger car without a trailer,Private company,No,30000,1846909.252163255,6313968.111833096,49.22994155600002,16.591068096000072
770,2020/09/26 00:00,0,0,0,Tue,Day,Collision with a parked vehicle,The driver of the motor vehicle,Under influence of alcohol,Clear,Parking slot adjacent to the road,Passenger car without a trailer,"Private, not used for business activity",No,10000,1858686.74731115,6308911.036235954,49.20026671700003,16.696867135000048
771,2020/09/26 00:00,0,0,1,Tue,Day,Collision with a non rail vehicle,The driver of the motor vehicle,No,Clear,None or none of listed,Truck,Private company,No,20000,1847352.7538013137,6307978.534800497,49.19479286800002,16.595052139000074
772,2020/09/26 00:00,0,0,0,Tue,Day,Collision with a fixed obstacle,The driver of the motor vehicle,No,Clear,None or none of listed,Passenger car without a trailer,"Private, not used for business activity",No,10000,1843790.009120712,6311738.87867058,49.21686264700003,16.563047459000074
773,2020/09/26 00:00,0,0,0,Tue,Night,Collision with a fixed obstacle,The driver of the motor vehicle,Not tested,Clear,Parking slot adjacent to the road,"Not identified, the driver has fled",Not identified,No,0,1840526.8415537947,6306735.965946771,49.18749796000002,16.533733926000025
774,2020/09/26 00:00,0,0,0,Tue,Night,Collision with a fixed obstacle,The driver of the motor vehicle,Not tested,Clear,None or none of listed,Passenger car without a trailer,Private company,No,10000,1847880.810496308,6300639.74554355,49.15169251300006,16.599795753000024
775,2020/09/26 00:00,0,0,0,Tue,Night,Collision with a parked vehicle,The driver of the motor vehicle,Not tested,Clear,Parking slot adjacent to the road,"Not identified, the driver has fled",Not identified,No,0,1847950.6897481817,6309110.081799441,49.20143505000004,16.600423489000036
776,2020/09/25 00:00,0,0,0,Mon,Night,Collision with a parked vehicle,The driver of the motor vehicle,No,Clear,None or none of listed,Passenger car without a trailer,Police,No,10000,1850282.9331565246,6305900.015934372,49.182589636000046,16.62137438800005
777,2020/09/25 00:00,0,0,0,Mon,Day,Collision with a non rail vehicle,The driver of the motor vehicle,No,Clear,Pedestrian crossing,Passenger car without a trailer,Private company,No,90000,1846703.317005216,6311053.843170826,49.21284284900001,16.589218149000033