objectid,date,dead,serious.injuries,light.injuries,day.of.the.week,day/night,type.of.the.accident,cause.of.the.accident,alcohol.or.drugs,weather.conditions,place,vehicle.type,vehicle.characteristic,skid,total.damage.in.czk,x,y,lat,lng
778,2020/09/25 00:00,0,0,0,Mon,Night,Collision with a parked vehicle,The driver of the motor vehicle,Not tested,Clear,Parking slot adjacent to the road,"Not identified, the driver has fled",Not identified,No,0,1850529.1445968864,6308252.52438899,49.19640126900003,16.623586143000068
779,2020/09/25 00:00,0,0,3,Mon,Day,Collision with a non rail vehicle,The driver of the motor vehicle,No,Clear,Gas station,Passenger car without a trailer,"Private, not used for business activity",No,50000,1850865.708724587,6312636.323960174,49.22212837400007,16.62660955000007
780,2020/09/25 00:00,0,0,0,Mon,Day,Collision with a fixed obstacle,The driver of the motor vehicle,No,Clear,None or none of listed,Truck,"Private, not used for business activity",No,0,1848920.27182632,6308877.655638475,49.20007078100007,16.609133393000032
781,2020/09/25 00:00,0,0,1,Mon,Day,Collision with a non rail vehicle,The driver of the motor vehicle,Under influence of alcohol,Clear,None or none of listed,Truck,"Private, not used for business activity",No,50000,1853263.8588374502,6306482.568478185,49.18601017500003,16.648152499000044
782,2020/09/25 00:00,0,0,0,Mon,Night,Collision with a parked vehicle,The driver of the motor vehicle,Not tested,"At the beginning of the rain, light rain, drizzle, etc.",Parking slot adjacent to the road,"Not identified, the driver has fled",Not identified,No,0,1847723.4700808711,6308609.196017402,49.198494960000055,16.598382340000057
783,2020/09/25 00:00,0,0,0,Mon,Night,Collision with a parked vehicle,The driver of the motor vehicle,Not tested,Clear,None or none of listed,"Not identified, the driver has fled",Not identified,No,0,1846189.4705771792,6314205.781580948,49.231335760000036,16.584602188000073
784,2020/09/25 00:00,0,0,0,Mon,Night,Collision with a fixed obstacle,The driver of the motor vehicle,Not tested,"At the beginning of the rain, light rain, drizzle, etc.",Parking slot adjacent to the road,"Not identified, the driver has fled",Not identified,No,0,1853922.8977188612,6307327.566970711,49.19097128200007,16.654072746000054
785,2020/09/25 00:00,0,0,1,Mon,Day,Collision with pedestrian,The driver of the motor vehicle,Not tested,Clear,Pedestrian crossing,Passenger car without a trailer,"Private, not used for business activity",No,0,1847369.851361901,6306706.932539603,49.18732749700006,16.595205729000043
786,2020/09/25 00:00,0,0,0,Mon,Night,Collision with a parked vehicle,The driver of the motor vehicle,Not tested,Clear,Parking slot adjacent to the road,"Not identified, the driver has fled",Not identified,No,0,1850785.108069918,6306312.505023341,49.18501164800006,16.625885502000074
787,2020/09/24 00:00,0,0,1,Sun,Night,Collision with a non rail vehicle,The driver of the motor vehicle,No,Clear,None or none of listed,Passenger car without a trailer,"Private, not used for business activity",No,10000,1849637.3422261984,6308210.180994394,49.196152704000035,16.61557494600004
788,2020/09/24 00:00,0,0,0,Sun,Day,Collision with a parked vehicle,The driver of the motor vehicle,No,Clear,Parking slot adjacent to the road,Passenger car without a trailer,"Private, not used for business activity",No,30000,1845893.9075330035,6313934.565099929,49.22974476300004,16.581947100000036
789,2020/09/24 00:00,0,0,2,Sun,Day,Collision with a non rail vehicle,The driver of the motor vehicle,No,"At the beginning of the rain, light rain, drizzle, etc.",Parking slot adjacent to the road,Passenger car without a trailer,"Private, not used for business activity",No,30000,1842774.5930233505,6312808.601687806,49.22313914300003,16.553925821000064
790,2020/09/24 00:00,0,0,0,Sun,Day,Collision with a non rail vehicle,The driver of the motor vehicle,No,Clear,"Bus stop, trolleybus, tramway without boarding. islet",Truck,"Private, not used for business activity",No,60000,1852680.421363697,6309187.262620548,49.20188806900005,16.64291139100004
791,2020/09/24 00:00,0,0,0,Sun,Night,Collision with a parked vehicle,The driver of the motor vehicle,Not tested,Clear,None or none of listed,"Not identified, the driver has fled",Not identified,No,0,1845076.4217204126,6308920.730017862,49.20032361700003,16.574603500000023
792,2020/09/24 00:00,0,0,0,Sun,Night,Collision with a parked vehicle,The driver of the motor vehicle,Not tested,Clear,None or none of listed,Passenger car without a trailer,Private company,No,0,1842524.6994681903,6313300.206636564,49.22602332000008,16.551680989000033
793,2020/09/23 00:00,0,0,1,Sat,Day,Collision with a non rail vehicle,The driver of the motor vehicle,No,Clear,None or none of listed,Passenger car without a trailer,Private company,No,70000,1850500.223236576,6312724.342446808,49.222644789000064,16.623326338000027
794,2020/09/23 00:00,0,0,0,Sat,Day,Collision with a fixed obstacle,The driver of the motor vehicle,No,Clear,"Bridge, overpass, underpass, tunnel",Passenger car without a trailer,"Private, not used for business activity",Yes,1000000,1844214.0703681707,6306861.706827463,49.18823621200005,16.566856866000023
795,2020/09/23 00:00,0,0,1,Sat,Day,Collision with a fixed obstacle,The driver of the motor vehicle,No,Clear,"Bridge, overpass, underpass, tunnel",Passenger car without a trailer,Private company,Yes,300000,1851635.5499064368,6311459.605235028,49.21522390600005,16.63352515100007
796,2020/09/22 00:00,0,0,0,Fri,Night,Collision with a parked vehicle,The driver of the motor vehicle,Not tested,Clear,Parking slot adjacent to the road,Truck,"Private, not used for business activity",No,5000,1854630.5631802413,6310679.159564261,49.21064406200002,16.660429813000064
797,2020/09/22 00:00,0,0,1,Fri,Day,Other collisions,The driver of the motor vehicle,Not tested,Clear,Near the pedestrian crossing,"Not identified, the driver has fled",Not identified,No,0,1847126.609035003,6309517.323176291,49.20382533900004,16.59302064600007
798,2020/09/22 00:00,0,0,0,Fri,Night,Collision with a parked vehicle,The driver of the motor vehicle,No,Clear,None or none of listed,Passenger car without a trailer,Private company,No,40000,1857812.6353886644,6310336.5153802615,49.20863320900003,16.68901485400005
799,2020/09/22 00:00,0,0,0,Fri,Night,Collision with a parked vehicle,The driver of the motor vehicle,Not tested,Clear,Parking slot adjacent to the road,Passenger car without a trailer,"Private, not used for business activity",No,0,1849355.0220826094,6307155.688633041,49.189962200000075,16.613038821000032
800,2020/09/21 00:00,0,0,0,Thu,Day,Collision with wildlife animals,"Forest animals, pets",Not tested,Clear,None or none of listed,Passenger car without a trailer,"Private, not used for business activity",No,10000,1835909.1438775684,6311030.545637994,49.212706133000026,16.49225244200005
801,2020/09/21 00:00,0,0,0,Thu,Night,Collision with a parked vehicle,The driver of the motor vehicle,Not tested,Clear,Parking slot adjacent to the road,"Not identified, the driver has fled",Not identified,No,0,1848391.5855082816,6308023.46971491,49.19505665300006,16.604384123000045
802,2020/09/21 00:00,0,0,0,Thu,Day,Crash,The driver of the motor vehicle,No,Clear,None or none of listed,Truck,"Private, not used for business activity",No,0,1858785.973052466,6310030.287548645,49.20683600100005,16.697758495000073
803,2020/09/21 00:00,0,0,0,Thu,Day,Collision with wildlife animals,"Forest animals, pets",Not tested,Clear,None or none of listed,Passenger car without a trailer,"Private, not used for business activity",No,20000,1849136.3411768368,6299579.37344902,49.14546189600003,16.611074377000023
804,2020/09/21 00:00,0,0,0,Thu,Night,Collision with a parked vehicle,The driver of the motor vehicle,Not tested,Clear,None or none of listed,Passenger car without a trailer,"Private, not used for business activity",No,5000,1847858.3956489207,6311890.927099463,49.217754825000036,16.59959439700003
805,2020/09/21 00:00,0,0,0,Thu,Night,Collision with a parked vehicle,The driver of the motor vehicle,Not tested,Clear,None or none of listed,"Not identified, the driver has fled",Not identified,No,0,1847200.9635530435,6309359.715675838,49.20290028100004,16.59368858400006
806,2020/09/21 00:00,0,0,0,Thu,Day,Collision with a parked vehicle,The driver of the motor vehicle,Not tested,Clear,Parking slot adjacent to the road,Passenger car without a trailer,"Private, not used for business activity",No,0,1855468.8757563643,6309774.648771027,49.20533564300006,16.66796050300007
807,2020/09/21 00:00,0,0,0,Thu,Night,Collision with wildlife animals,"Forest animals, pets",Not tested,"At the beginning of the rain, light rain, drizzle, etc.",None or none of listed,Passenger car without a trailer,Private company,No,20000,1853970.1746613213,6315647.708392546,49.23979346100003,16.654497442000036
808,2020/09/21 00:00,0,0,0,Thu,Night,Other collisions,Road defect,Not tested,"At the beginning of the rain, light rain, drizzle, etc.",Pedestrian crossing,Passenger car without a trailer,"Private, not used for business activity",No,10000,1848561.596419481,6308768.631776302,49.199430832000075,16.605911357000025
809,2020/09/20 00:00,0,0,0,Wed,Day,Collision with a fixed obstacle,The driver of the motor vehicle,No,Clear,Gas station,Truck,Private company,No,0,1851184.8867515756,6300966.429810633,49.15361191200003,16.629476775000057
810,2020/09/20 00:00,0,0,0,Wed,Night,Collision with a parked vehicle,The driver of the motor vehicle,Not tested,Rain,Parking slot adjacent to the road,"Not identified, the driver has fled",Not identified,No,0,1845183.287095744,6311955.617936165,49.21813440800002,16.575563488000057
811,2020/09/20 00:00,0,0,0,Wed,Night,Crash,The driver of the motor vehicle,No,Rain,None or none of listed,Bus,Public transport,No,150000,1849917.834058474,6306672.262494133,49.187123939000045,16.618094647000078
812,2020/09/20 00:00,0,0,0,Wed,Day,Collision with a parked vehicle,The driver of the motor vehicle,No,"At the beginning of the rain, light rain, drizzle, etc.",Parking slot adjacent to the road,Truck,Private company,No,5000,1850693.727235757,6309740.401937735,49.20513464300006,16.625064614000053
813,2020/09/20 00:00,0,0,0,Wed,Day,Collision with a non rail vehicle,The driver of the motor vehicle,No,Clear,"Bridge, overpass, underpass, tunnel",Passenger car without a trailer,"Private, not used for business activity",Yes,40000,1846400.781798701,6311897.114907512,49.217791133000034,16.586500429000065
814,2020/09/20 00:00,0,0,0,Wed,Night,Collision with a parked vehicle,The driver of the motor vehicle,Not tested,Clear,None or none of listed,"Not identified, the driver has fled",Not identified,No,0,1849881.6057981062,6302192.957414505,49.16081758200004,16.617769203000023
815,2020/09/20 00:00,0,0,1,Wed,Day,Collision with a non rail vehicle,The driver of the motor vehicle,No,Clear,None or none of listed,Passenger car without a trailer,"Private, not used for business activity",No,20000,1858639.3887714993,6307581.037885298,49.19245934900004,16.69644170600003
816,2020/09/20 00:00,0,0,0,Wed,Day,Collision with a parked vehicle,The driver of the motor vehicle,Not tested,Clear,Parking slot adjacent to the road,Passenger car without a trailer,"Private, not used for business activity",No,0,1838864.1576093007,6312354.16138376,49.220472856000065,16.518797782000032
817,2020/09/20 00:00,0,0,0,Wed,Day,Collision with a parked vehicle,The driver of the motor vehicle,Not tested,Clear,None or none of listed,Passenger car without a trailer,"Private, not used for business activity",No,0,1848063.6827048787,6309239.395882367,49.202194067000036,16.601438522000024
818,2020/09/19 00:00,0,0,0,Tue,Day,Collision with a fixed obstacle,The driver of the motor vehicle,No,Clear,Parking slot adjacent to the road,Other motor vehicle,Private company,No,5000,1848795.1009626116,6307538.296549984,49.192208428000065,16.608008964000078
819,2020/09/19 00:00,0,0,0,Tue,Night,Collision with a fixed obstacle,The driver of the motor vehicle,Not tested,Clear,None or none of listed,"Not identified, the driver has fled",Not identified,No,0,1857215.7390545176,6304807.448424803,49.17617383500004,16.683652843000058
820,2020/09/19 00:00,0,0,0,Tue,Day,Collision with a parked vehicle,The driver of the motor vehicle,Not tested,Clear,None or none of listed,Truck,Private company,No,1000,1848784.7090655044,6308946.871426307,49.20047706000002,16.607915612000053
821,2020/09/19 00:00,0,0,0,Tue,Day,Collision with a non rail vehicle,The driver of the motor vehicle,No,Clear,None or none of listed,Passenger car without a trailer,Private company,No,40000,1849692.4251139928,6307030.990707225,49.18923009700006,16.616069764000027
822,2020/09/19 00:00,0,0,0,Tue,Night,Collision with a parked vehicle,The driver of the motor vehicle,Not tested,Clear,Parking slot adjacent to the road,"Not identified, the driver has fled",Not identified,No,0,1837518.1889707,6312125.649106168,49.21913207700003,16.506706740000027
823,2020/09/19 00:00,0,0,0,Tue,Day,Other collisions,The driver of the motor vehicle,Not tested,Clear,Parking slot adjacent to the road,Passenger car without a trailer,"Private, not used for business activity",No,0,1843982.4531356986,6304840.793831955,49.17636965900003,16.564776213000073
824,2020/09/19 00:00,0,0,0,Tue,Night,Collision with a parked vehicle,The driver of the motor vehicle,Not tested,Clear,Parking slot adjacent to the road,"Not identified, the driver has fled",Not identified,No,0,1845746.964246685,6316943.115891065,49.247390510000045,16.58062708600005
825,2020/09/18 00:00,0,0,1,Mon,Day,Collision with a non rail vehicle,The driver of the motor vehicle,No,Clear,Near the pedestrian crossing,Passenger car without a trailer,"Private, not used for business activity",No,30000,1850628.167291447,6309934.310367506,49.20627271100006,16.624475679000057
826,2020/09/18 00:00,0,0,1,Mon,Day,Collision with a non rail vehicle,The driver of the motor vehicle,No,Clear,None or none of listed,Truck with trailer,Private company,No,40000,1844490.5129539648,6307901.126567908,49.19433844900004,16.569340192000027
827,2020/09/18 00:00,0,0,0,Mon,Night,Collision with a parked vehicle,The driver of the motor vehicle,Not tested,Clear,None or none of listed,"Not identified, the driver has fled",Not identified,No,0,1844799.0891352922,6310996.481828587,49.21250623700007,16.57211217900004
828,2020/09/18 00:00,0,0,0,Mon,Day,Collision with a non rail vehicle,The driver of the motor vehicle,No,Clear,Near the pedestrian crossing,Passenger car without a trailer,"Private, used for business activity",No,120000,1849683.5605203023,6308153.746974212,49.19582142200006,16.615990132000032
829,2020/09/18 00:00,0,0,0,Mon,Night,Collision with a parked vehicle,The driver of the motor vehicle,Not tested,Clear,None or none of listed,"Not identified, the driver has fled",Not identified,No,0,1843873.3588102043,6304788.689647873,49.17606367200005,16.56379620200005
830,2020/09/18 00:00,0,0,0,Mon,Night,Collision with a parked vehicle,The driver of the motor vehicle,Not tested,Clear,Parking slot adjacent to the road,Truck,Private company,No,20000,1844060.989259088,6303318.86051384,49.16743117500004,16.565481715000033
831,2020/09/18 00:00,0,0,0,Mon,Day,Collision with a parked vehicle,The driver of the motor vehicle,Not tested,Clear,Parking slot adjacent to the road,Passenger car without a trailer,Private company,No,0,1847433.7622192746,6313256.560828435,49.22576726300007,16.595779850000042
832,2020/09/17 00:00,0,0,0,Sun,Day,Collision with a fixed obstacle,The driver of the motor vehicle,No,"At the beginning of the rain, light rain, drizzle, etc.",None or none of listed,Passenger car without a trailer,"Private, not used for business activity",Yes,70000,1857896.2801861318,6303029.431755335,49.165731145000045,16.68976624800007
833,2020/09/17 00:00,0,0,0,Sun,Day,Collision with a fixed obstacle,The driver of the motor vehicle,No,"At the beginning of the rain, light rain, drizzle, etc.",None or none of listed,Passenger car without a trailer,"Private, not used for business activity",Yes,20000,1850546.57155185,6306875.955439705,49.18831986800005,16.623742692000064
834,2020/09/17 00:00,0,0,0,Sun,Day,Collision with a fixed obstacle,The driver of the motor vehicle,No,Rain,None or none of listed,Passenger car without a trailer,"Private, not used for business activity",Yes,30000,1844715.134424362,6310412.833478991,49.20908109900005,16.57135800100002
835,2020/09/17 00:00,0,0,0,Sun,Day,Collision with a fixed obstacle,The driver of the motor vehicle,No,Clear,None or none of listed,Passenger car without a trailer,"Private, not used for business activity",No,0,1844090.5459197273,6304903.288047925,49.17673666000007,16.56574722700003
836,2020/09/17 00:00,0,0,1,Sun,Day,Collision with a non rail vehicle,The driver of the motor vehicle,No,Rain,None or none of listed,Passenger car without a trailer,"Private, not used for business activity",No,30000,1847622.8997114268,6304194.77116331,49.17257569300004,16.59747890100004
837,2020/09/17 00:00,0,0,0,Sun,Day,Collision with a fixed obstacle,The driver of the motor vehicle,No,Clear,Pedestrian crossing,Passenger car without a trailer,"Private, not used for business activity",No,30000,1840409.6436146565,6313370.319742238,49.22643465000005,16.532681119000074
838,2020/09/17 00:00,0,0,0,Sun,Day,Collision with a fixed obstacle,The driver of the motor vehicle,No,Clear,None or none of listed,Passenger car without a trailer,"Private, not used for business activity",Yes,3000,1850579.8498457067,6306709.029356531,49.187339808000054,16.624041636000072
839,2020/09/17 00:00,0,0,1,Sun,Night,Collision with a non rail vehicle,The driver of the motor vehicle,No,Clear,None or none of listed,Truck,Ministry of Defence,No,40000,1852378.9236548305,6311015.804336134,49.21261962700003,16.640202991000024
840,2020/09/17 00:00,0,0,0,Sun,Night,Collision with a non rail vehicle,The driver of the motor vehicle,Not tested,Clear,None or none of listed,Passenger car without a trailer,"Private, not used for business activity",Yes,0,1840819.825548003,6312701.288967803,49.22250953200005,16.536365846000024
841,2020/09/16 00:00,0,0,0,Sat,Night,Collision with a fixed obstacle,The driver of the motor vehicle,Under influence of alcohol,Clear,Parking slot adjacent to the road,Passenger car without a trailer,"Private, not used for business activity",No,20000,1853183.863983447,6307711.722232769,49.19322654800004,16.647433893000027
842,2020/09/16 00:00,0,0,0,Sat,Night,Collision with a fixed obstacle,The driver of the motor vehicle,Not tested,Clear,"Bus, trolleybus, tram stop. islet",Passenger car without a trailer,Private company,No,200000,1850628.933169544,6309544.969680446,49.20398760500006,16.624482559000057
843,2020/09/16 00:00,0,0,0,Sat,Night,Collision with a non rail vehicle,The driver of the motor vehicle,No,Clear,Pedestrian crossing,Passenger car without a trailer,"Private, not used for business activity",No,40000,1850105.7416928879,6306683.838633376,49.187191906000066,16.619782650000044
844,2020/09/16 00:00,0,0,1,Sat,Day,Crash,The driver of the motor vehicle,No,"At the beginning of the rain, light rain, drizzle, etc.",None or none of listed,Moped,"Private, not used for business activity",Yes,2000,1851716.900520513,6310808.095070292,49.211400716000064,16.63425593600004
845,2020/09/16 00:00,0,0,0,Sat,Night,Collision with a non rail vehicle,The driver of the motor vehicle,No,"At the beginning of the rain, light rain, drizzle, etc.",None or none of listed,Passenger car without a trailer,"Private, not used for business activity",No,5000,1849269.7130587571,6309193.179086729,49.20192279600007,16.612272477000033
846,2020/09/15 00:00,0,0,0,Fri,Day,Collision with a fixed obstacle,The driver of the motor vehicle,No,Clear,Gas station,Passenger car without a trailer,"Private, not used for business activity",No,10000,1851164.737589781,6300978.686935741,49.153683926000035,16.629295772000035
847,2020/09/15 00:00,0,0,0,Fri,Day,Other collisions,The driver of the motor vehicle,No,Clear,None or none of listed,"Not identified, the driver has fled",Not identified,No,0,1842709.696765843,6311918.8048228435,49.21791840200006,16.553342848000057
848,2020/09/15 00:00,0,0,0,Fri,Day,Collision with a non rail vehicle,The driver of the motor vehicle,Not tested,Clear,Near the pedestrian crossing,"Not identified, the driver has fled",Not identified,No,0,1850824.067776625,6309327.893070552,49.20271350000006,16.626235483000073
849,2020/09/15 00:00,0,0,1,Fri,Day,Collision with a non rail vehicle,The driver of the motor vehicle,No,Clear,None or none of listed,Passenger car without a trailer,"Private, not used for business activity",No,20000,1843288.1412264737,6304415.61163064,49.17387267900004,16.558539103000044
850,2020/09/15 00:00,0,0,1,Fri,Day,Crash,The driver of the motor vehicle,No,Clear,None or none of listed,Truck with semi-trailer,Private company,Yes,1500000,1857857.1088610701,6303400.598276333,49.16791127100004,16.689414366000047
851,2020/09/15 00:00,0,0,1,Fri,Day,Collision with a non rail vehicle,The driver of the motor vehicle,No,Clear,None or none of listed,Truck,"Private, not used for business activity",No,1000,1854042.8304439327,6308237.467856534,49.19631288400006,16.65515012000003
852,2020/09/15 00:00,0,0,0,Fri,Night,Collision with a parked vehicle,The driver of the motor vehicle,Not tested,Clear,None or none of listed,"Not identified, the driver has fled",Not identified,No,0,1848674.0971213942,6307588.052587645,49.19250053000007,16.60692196800005
853,2020/09/15 00:00,0,0,0,Fri,Night,Collision with a parked vehicle,The driver of the motor vehicle,Not tested,Clear,Parking slot adjacent to the road,"Not identified, the driver has fled",Not identified,No,0,1849508.4007486955,6306616.410362219,49.18679601300005,16.61441664500006
854,2020/09/14 00:00,0,0,0,Thu,Night,Collision with a non rail vehicle,The driver of the motor vehicle,No,Clear,None or none of listed,Passenger car without a trailer,"Private, not used for business activity",Yes,30000,1846714.448397701,6317191.894556915,49.248849364000066,16.58931814400006
855,2020/09/14 00:00,0,0,0,Thu,Day,Collision with a non rail vehicle,The driver of the motor vehicle,Not tested,Clear,"Bus, trolleybus, tram stop. islet",Passenger car without a trailer,"Private, not used for business activity",No,0,1851160.5843708997,6309307.605692123,49.20259442400003,16.629258463000042
856,2020/09/14 00:00,0,0,1,Thu,Day,Collision with a non rail vehicle,The driver of the motor vehicle,Not tested,Clear,Pedestrian crossing,"Not identified, the driver has fled",Not identified,No,0,1847453.8936812675,6306611.375230479,49.18676645000004,16.59596069400004
857,2020/09/14 00:00,0,0,0,Thu,Day,Collision with a parked vehicle,The driver of the motor vehicle,No,Clear,Parking slot adjacent to the road,Passenger car without a trailer,"Private, not used for business activity",No,5000,1838855.252495314,6312355.354768186,49.220479858000026,16.518717786000025
858,2020/09/14 00:00,0,0,0,Thu,Day,Collision with a non rail vehicle,The driver of the motor vehicle,No,Clear,Near the pedestrian crossing,Truck,Private company,No,5000,1849885.6869932793,6306606.687721914,49.18673892800007,16.617805865000037
859,2020/09/14 00:00,0,0,0,Thu,Day,Collision with a non rail vehicle,The driver of the motor vehicle,Under influence of alcohol,Clear,"Bus stop, trolleybus, tramway without boarding. islet",Passenger car without a trailer,"Private, not used for business activity",No,10000,1843759.9615411148,6305797.043446768,49.181984994000054,16.562777537000045
860,2020/09/14 00:00,0,0,1,Thu,Day,Crash,The driver of the motor vehicle,No,Clear,None or none of listed,Motorbike,"Private, not used for business activity",Yes,50000,1834475.9379388934,6318030.92136486,49.253769153000064,16.479377734000025
861,2020/09/14 00:00,0,0,1,Thu,Day,Collision with pedestrian,Pedestrian,Not tested,Clear,"Bus, trolleybus, tram stop. islet",Tram,Public transport,No,0,1845880.7775103822,6309233.60034761,49.202160050000025,16.581829151000022
862,2020/09/14 00:00,0,0,0,Thu,Day,Other collisions,Other,Not tested,Impact wind,Gas station,Passenger car without a trailer,"Private, not used for business activity",No,20000,1840880.277597482,6312844.63498546,49.22335055100006,16.536908896000057
863,2020/09/14 00:00,0,0,0,Thu,Day,Collision with a non rail vehicle,The driver of the motor vehicle,No,Clear,"Bridge, overpass, underpass, tunnel",Passenger car without a trailer,Private company,No,110000,1858158.4424850026,6306288.734015029,49.184872075000044,16.692121292000024
864,2020/09/14 00:00,0,0,0,Thu,Night,Collision with a fixed obstacle,The driver of the motor vehicle,Not tested,"At the beginning of the rain, light rain, drizzle, etc.",Pedestrian crossing,Passenger car without a trailer,"Private, not used for business activity",No,15000,1851072.9835013729,6303309.753051364,49.167377681000055,16.62847153100006
865,2020/09/14 00:00,0,1,0,Thu,Night,Collision with pedestrian,The driver of the motor vehicle,No,Rain,Pedestrian crossing,Truck,Private company,No,20000,1849433.4403186643,6308550.699016593,49.19815158400007,16.61374326400005
866,2020/09/14 00:00,0,0,0,Thu,Night,Collision with a parked vehicle,The driver of the motor vehicle,Not tested,Clear,None or none of listed,"Not identified, the driver has fled",Not identified,No,0,1849534.7491816091,6308776.604052311,49.19947762800006,16.61465333700005
867,2020/09/13 00:00,0,0,0,Wed,Day,Collision with a fixed obstacle,The driver of the motor vehicle,Not tested,Clear,Pedestrian crossing,"Not identified, the driver has fled",Not identified,No,0,1851960.371052371,6311232.2502933955,49.21388977600003,16.636443069000048
868,2020/09/13 00:00,0,0,0,Wed,Day,Collision with a non rail vehicle,The driver of the motor vehicle,No,Clear,None or none of listed,Passenger car without a trailer,Private company,No,25000,1854728.599918071,6306586.925172212,49.18662289500002,16.66131049200004
869,2020/09/13 00:00,0,0,0,Wed,Night,Collision with a parked vehicle,The driver of the motor vehicle,Not tested,Clear,None or none of listed,"Not identified, the driver has fled",Not identified,No,0,1842575.7098437354,6304735.604798444,49.17575192400004,16.55213922300004
870,2020/09/12 00:00,0,0,1,Tue,Night,Collision with pedestrian,The driver of the motor vehicle,No,Clear,Pedestrian crossing,Motorbike,"Private, not used for business activity",No,10000,1848215.5083527456,6307040.932196714,49.189288464000064,16.602802395000023
871,2020/09/12 00:00,0,1,0,Tue,Night,Collision with a non rail vehicle,The driver of the motor vehicle,No,"At the beginning of the rain, light rain, drizzle, etc.",Near the pedestrian crossing,Passenger car without a trailer,"Private, not used for business activity",No,2000,1849108.2039510289,6309590.688514237,49.204255942000025,16.610821616000067
872,2020/09/12 00:00,0,0,0,Tue,Day,Collision with a non rail vehicle,The driver of the motor vehicle,Not tested,Clear,None or none of listed,"Not identified, the driver has fled",Not identified,No,0,1846992.4770636011,6309758.086235384,49.20523843500007,16.591815718000078
873,2020/09/12 00:00,0,0,0,Tue,Day,Collision with a fixed obstacle,Other,Not tested,Clear,None or none of listed,Truck,"Private, not used for business activity",No,30000,1855390.2214116668,6301853.479687469,49.158823305000055,16.66725393900003
874,2020/09/12 00:00,0,0,0,Tue,Night,Collision with a parked vehicle,The driver of the motor vehicle,Not tested,Clear,Parking slot adjacent to the road,"Not identified, the driver has fled",Not identified,No,0,1849715.5304761876,6308752.91587263,49.199338582000046,16.616277323000077
875,2020/09/12 00:00,0,0,0,Tue,Day,Collision with a parked vehicle,The driver of the motor vehicle,No,Clear,None or none of listed,Bus,Public transport,No,5000,1845662.9642287267,6308971.819499376,49.20062349800001,16.579872501000064
876,2020/09/12 00:00,0,0,1,Tue,Day,Other collisions,Pedestrian,No,Rain,Pedestrian crossing,Bus,Public transport,No,0,1849813.1291718213,6311039.585446627,49.21275918100008,16.617154067000058
877,2020/09/12 00:00,0,0,0,Tue,Day,Collision with a non rail vehicle,The driver of the motor vehicle,No,"At the beginning of the rain, light rain, drizzle, etc.",None or none of listed,Truck,Registered outside of the Czech Republic,No,5000,1849477.750819338,6309057.638927072,49.20112723000005,16.614141312000072
878,2020/09/11 00:00,0,0,0,Mon,Night,Collision with a fixed obstacle,The driver of the motor vehicle,No,Rain,None or none of listed,Passenger car without a trailer,"Private, not used for business activity",Yes,100000,1852503.2826654976,6302203.928535751,49.16088203100002,16.641320127000025
879,2020/09/11 00:00,0,0,0,Mon,Night,Collision with a parked vehicle,The driver of the motor vehicle,Not tested,Clear,None or none of listed,"Not identified, the driver has fled",Not identified,No,0,1854895.1969944495,6309311.11980959,49.20261505000006,16.662807059000045
880,2020/09/11 00:00,0,0,0,Mon,Day,Collision with a parked vehicle,The driver of the motor vehicle,Under influence of alcohol,Clear,Pedestrian crossing,Passenger car without a trailer,"Private, not used for business activity",No,5000,1844913.2104263494,6311513.702651124,49.21554134700005,16.573137348000042
881,2020/09/11 00:00,0,0,0,Mon,Day,Collision with a non rail vehicle,The driver of the motor vehicle,No,Rain,"Bridge, overpass, underpass, tunnel",Passenger car without a trailer,Private company,No,60000,1846708.2892015928,6316181.509251859,49.24292413200003,16.58926281500004
882,2020/09/11 00:00,0,0,0,Mon,Day,Collision with a non rail vehicle,The driver of the motor vehicle,No,Rain,None or none of listed,Passenger car without a trailer,"Private, used for business activity",No,120000,1846363.7532625173,6313015.401860149,49.22435243100006,16.58616779600004
883,2020/09/10 00:00,0,0,0,Sun,Night,Collision with a fixed obstacle,The driver of the motor vehicle,Under influence of alcohol,Clear,None or none of listed,Passenger car without a trailer,Private company,No,80000,1845460.7470303627,6316502.135692547,49.24480446800004,16.578055953000046
884,2020/09/10 00:00,0,1,0,Sun,Day,Collision with pedestrian,The driver of the motor vehicle,No,Clear,None or none of listed,Passenger car without a trailer,"Private, not used for business activity",No,1000,1852982.0750311657,6308618.717048513,49.19855084800008,16.64562119200002
885,2020/09/10 00:00,0,0,0,Sun,Night,Collision with a parked vehicle,The driver of the motor vehicle,Not tested,Clear,Parking slot adjacent to the road,Passenger car without a trailer,"Private, not used for business activity",No,1000,1840408.4062985159,6313174.824729214,49.22528773800007,16.53267000400007
886,2020/09/10 00:00,0,0,0,Sun,Night,Collision with a fixed obstacle,The driver of the motor vehicle,No,Clear,None or none of listed,Passenger car without a trailer,"Private, not used for business activity",Yes,50000,1835932.4122114952,6311108.937433374,49.21316615500007,16.492461465000076