objectid,date,dead,serious.injuries,light.injuries,day.of.the.week,day/night,type.of.the.accident,cause.of.the.accident,alcohol.or.drugs,weather.conditions,place,vehicle.type,vehicle.characteristic,skid,total.damage.in.czk,x,y,lat,lng
887,2020/09/10 00:00,0,0,0,Sun,Night,Crash,Road defect,Not tested,Clear,None or none of listed,Passenger car without a trailer,Private company,No,5000,1838481.372627149,6316604.36400929,49.24540397800007,16.515359166000053
888,2020/09/09 00:00,0,0,0,Sat,Night,Collision with a parked vehicle,The driver of the motor vehicle,Not tested,Clear,None or none of listed,Truck,"Private, not used for business activity",No,20000,1845322.7042939295,6303968.386513952,49.171246111000066,16.57681589400005
889,2020/09/09 00:00,0,0,1,Sat,Night,Collision with pedestrian,The driver of the motor vehicle,No,Clear,Parking slot adjacent to the road,Passenger car without a trailer,"Private, not used for business activity",No,0,1847974.5214700482,6309355.769639675,49.20287712000003,16.60063757300003
890,2020/09/09 00:00,0,0,0,Sat,Day,Collision with a parked vehicle,The driver of the motor vehicle,No,Clear,None or none of listed,Passenger car without a trailer,"Private, not used for business activity",No,55000,1841605.2825167074,6312399.910464508,49.220741281000066,16.543421726000076
891,2020/09/09 00:00,0,0,0,Sat,Day,Collision with a non rail vehicle,The driver of the motor vehicle,No,Clear,None or none of listed,Passenger car without a trailer,"Private, not used for business activity",No,50000,1856110.2514628507,6305418.684575312,49.17976325300003,16.673722079000072
892,2020/09/08 00:00,0,1,1,Fri,Day,Collision with a non rail vehicle,The driver of the motor vehicle,No,Clear,Near the pedestrian crossing,Passenger car without a trailer,Private company,No,200000,1850493.9570624419,6308701.236055026,49.199035228000064,16.623270048000048
893,2020/09/08 00:00,0,0,1,Fri,Day,Collision with a non rail vehicle,The driver of the motor vehicle,No,Clear,"Bus stop, trolleybus, tramway without boarding. islet",Passenger car without a trailer,"Private, not used for business activity",No,20000,1846027.943101727,6307923.897940073,49.19447212700004,16.583151162000036
894,2020/09/08 00:00,0,0,0,Fri,Day,Collision with a parked vehicle,The driver of the motor vehicle,Not tested,Clear,None or none of listed,Passenger car without a trailer,"Private, not used for business activity",No,1000,1857654.9912936538,6310614.4645566195,49.21026439700005,16.687598713000057
895,2020/09/08 00:00,0,1,0,Fri,Day,Collision with a fixed obstacle,The driver of the motor vehicle,No,Clear,None or none of listed,Motorbike,"Private, not used for business activity",No,20000,1855366.5711405692,6309711.096300374,49.204962643000044,16.667041485000027
896,2020/09/08 00:00,0,0,1,Fri,Day,Crash,The driver of the motor vehicle,No,Clear,Pedestrian crossing,Motorbike,"Private, not used for business activity",Yes,2000,1855369.7760287141,6299785.756665783,49.146674640000064,16.66707027500007
897,2020/09/08 00:00,0,0,1,Fri,Day,Collision with pedestrian,Pedestrian,No,Clear,None or none of listed,Passenger car without a trailer,Private company,No,0,1855143.2200481996,6299207.30729574,49.14327549500006,16.66503508800002
898,2020/09/08 00:00,0,0,0,Fri,Day,Collision with a fixed obstacle,The driver of the motor vehicle,No,Clear,"Bridge, overpass, underpass, tunnel",Truck with semi-trailer,Private company,No,20000,1848516.9206795609,6312226.183048221,49.21972195700004,16.605510028000026
899,2020/09/08 00:00,0,0,0,Fri,Night,Collision with a parked vehicle,The driver of the motor vehicle,Not tested,Clear,None or none of listed,"Not identified, the driver has fled",Not identified,No,0,1854928.634697814,6309553.163160367,49.20403569500007,16.663107435000025
900,2020/09/08 00:00,0,0,0,Fri,Night,Collision with a non rail vehicle,The driver of the motor vehicle,No,Clear,Gas station,Passenger car without a trailer,Registered outside of the Czech Republic,No,120000,1848234.6110000075,6304515.049162866,49.17445666000003,16.60297399700005
901,2020/09/08 00:00,0,0,0,Fri,Night,Collision with a parked vehicle,The driver of the motor vehicle,Not tested,Clear,Parking slot adjacent to the road,"Not identified, the driver has fled",Not identified,No,0,1847676.2634923256,6311505.933308217,49.21549575700004,16.597958276000043
902,2020/09/07 00:00,0,0,0,Thu,Night,Collision with wildlife animals,"Forest animals, pets",Not tested,Clear,None or none of listed,Bus,Private company,No,20000,1847442.5688155098,6319780.368637566,49.264025784000054,16.59585896100003
903,2020/09/07 00:00,0,0,1,Thu,Day,Collision with a non rail vehicle,The driver of the motor vehicle,No,Clear,None or none of listed,Passenger car without a trailer,Private company,No,30000,1847240.3415983962,6308552.140755212,49.19816004700003,16.59404232300005
904,2020/09/07 00:00,0,0,0,Thu,Night,Collision with a parked vehicle,The driver of the motor vehicle,Not tested,Clear,Parking slot adjacent to the road,"Not identified, the driver has fled",Not identified,No,0,1847392.9834407696,6312275.2789114155,49.22001002300003,16.59541352800005
905,2020/09/07 00:00,0,1,0,Thu,Day,Collision with pedestrian,Pedestrian,No,Clear,None or none of listed,Bicycle,"Private, not used for business activity",No,1000,1852745.882678937,6312438.368517695,49.22096692600006,16.643499440000024
906,2020/09/07 00:00,0,0,1,Thu,Day,Other collisions,The driver of the motor vehicle,No,Clear,None or none of listed,Passenger car without a trailer,"Private, not used for business activity",No,10000,1848304.8428007076,6310388.335411528,49.20893732700006,16.60360490000005
907,2020/09/07 00:00,0,0,1,Thu,Day,Collision with a non rail vehicle,The driver of the motor vehicle,No,Clear,None or none of listed,Passenger car without a trailer,Private company,No,10000,1846225.9287122882,6312686.945620205,49.22242537800001,16.584929697000064
908,2020/09/07 00:00,0,0,0,Thu,Day,Collision with a fixed obstacle,The driver of the motor vehicle,No,Clear,None or none of listed,Bus,Private company,No,1000,1849540.1687710208,6307816.278460716,49.19384035000006,16.61470202200007
909,2020/09/07 00:00,0,0,0,Thu,Night,Collision with a parked vehicle,The driver of the motor vehicle,Not tested,Clear,Parking slot adjacent to the road,"Not identified, the driver has fled",Not identified,No,0,1849069.8706390974,6308515.275901478,49.197943650000056,16.610477262000074
910,2020/09/06 00:00,0,0,0,Wed,Day,Collision with a fixed obstacle,The driver of the motor vehicle,No,Clear,None or none of listed,Truck with trailer,"Private, used for business activity",No,30000,1857069.6156362477,6302763.697327438,49.16417023800005,16.682340194000062
911,2020/09/06 00:00,0,0,0,Wed,Night,Collision with a parked vehicle,The driver of the motor vehicle,Not tested,Clear,None or none of listed,"Not identified, the driver has fled",Not identified,No,0,1850046.6685579447,6310835.080382772,49.21155907700006,16.61925198700004
912,2020/09/06 00:00,0,0,0,Wed,Night,Collision with a fixed obstacle,The driver of the motor vehicle,Not tested,Clear,None or none of listed,"Not identified, the driver has fled",Not identified,No,0,1854010.3586597876,6312495.250353181,49.22130066700004,16.65485842100003
913,2020/09/05 00:00,0,0,1,Tue,Day,Other collisions,The driver of the motor vehicle,Not tested,Clear,None or none of listed,"Not identified, the driver has fled",Not identified,No,0,1855817.3896974411,6305981.226429485,49.183066489000055,16.671091257000054
914,2020/09/05 00:00,0,0,2,Tue,Day,Collision with a non rail vehicle,The driver of the motor vehicle,No,Clear,Pedestrian crossing,Passenger car without a trailer,Private company,No,80000,1847379.4190494947,6309619.545975529,49.20442531400005,16.595291677000034
915,2020/09/05 00:00,0,0,1,Tue,Day,Collision with pedestrian,Pedestrian,No,Clear,"Bus stop, trolleybus, tramway without boarding. islet",Passenger car without a trailer,Private company,No,10000,1843169.3306018678,6312804.155487361,49.223113057000035,16.55747180900005
916,2020/09/05 00:00,0,0,0,Tue,Day,Collision with a parked vehicle,The driver of the motor vehicle,No,Clear,Parking slot adjacent to the road,Passenger car without a trailer,"Private, not used for business activity",No,20000,1848235.7942148722,6306474.405063726,49.185962244000045,16.602984626000023
917,2020/09/05 00:00,0,0,0,Tue,Night,Collision with a parked vehicle,The driver of the motor vehicle,Not tested,Clear,None or none of listed,"Not identified, the driver has fled",Not identified,No,0,1838244.5443066687,6312026.087974813,49.21854789800005,16.513231701000052
918,2020/09/05 00:00,0,0,0,Tue,Night,Collision with a parked vehicle,The driver of the motor vehicle,Not tested,Clear,Parking slot adjacent to the road,"Not identified, the driver has fled",Not identified,No,0,1846067.1461528428,6311525.590492442,49.21561110400006,16.583503329000052
919,2020/09/05 00:00,0,0,0,Tue,Night,Collision with a parked vehicle,The driver of the motor vehicle,Not tested,Clear,Gas station,"Not identified, the driver has fled",Not identified,No,0,1849045.7736428804,6307059.288904192,49.18939623700003,16.610260795000045
920,2020/09/05 00:00,0,0,0,Tue,Night,Collision with wildlife animals,"Forest animals, pets",Not tested,Clear,None or none of listed,Passenger car without a trailer,"Private, not used for business activity",No,10000,1839020.9192747131,6313028.792108048,49.224430990000016,16.520205996000072
921,2020/09/05 00:00,0,0,0,Tue,Night,Collision with a parked vehicle,The driver of the motor vehicle,Not tested,Clear,None or none of listed,Passenger car without a trailer,Private company,No,0,1847692.7516900229,6308797.796312131,49.199602023000054,16.598106392000034
922,2020/09/04 00:00,0,0,1,Mon,Night,Collision with pedestrian,Pedestrian,No,Clear,Pedestrian crossing,Tram,Public transport,No,0,1849178.4941944575,6307346.809185157,49.19108425000007,16.61145304400003
923,2020/09/04 00:00,0,0,0,Mon,Day,Collision with a non rail vehicle,The driver of the motor vehicle,No,Clear,None or none of listed,Passenger car without a trailer,Private company,No,10000,1844473.928910187,6307975.231616352,49.19477347700006,16.569191215000046
924,2020/09/03 00:00,0,0,0,Sun,Night,Collision with a fixed obstacle,The driver of the motor vehicle,Not tested,Clear,Gas station,Truck,Private company,No,20000,1853373.8721053363,6310423.084819827,49.20914126100006,16.649140765000027
925,2020/09/03 00:00,0,0,1,Sun,Day,Collision with a non rail vehicle,The driver of the motor vehicle,No,Clear,None or none of listed,Passenger car without a trailer,"Private, not used for business activity",No,25000,1841729.394398099,6305966.066491809,49.18297747300005,16.544536642000025
926,2020/09/03 00:00,0,0,1,Sun,Day,Collision with a non rail vehicle,The driver of the motor vehicle,No,Clear,None or none of listed,Passenger car without a trailer,"Private, not used for business activity",No,50000,1840138.64911606,6315388.187704147,49.23827133500003,16.530246734000055
927,2020/09/03 00:00,0,0,1,Sun,Night,Collision with a non rail vehicle,The driver of the motor vehicle,No,Clear,Gas station,Passenger car without a trailer,"Private, not used for business activity",No,20000,1851692.4828128498,6307158.063199034,49.18997614100004,16.634036588000072
928,2020/09/03 00:00,0,0,0,Sun,Night,Collision with a parked vehicle,The driver of the motor vehicle,Not tested,Clear,Parking slot adjacent to the road,"Not identified, the driver has fled",Not identified,No,0,1850539.1309570866,6307363.801503313,49.19118400900003,16.623675852000076
929,2020/09/02 00:00,0,1,0,Sat,Day,Other collisions,Another road user,No,Clear,"Exit from the car park, forest roads, etc.",Truck,Private company,No,0,1835498.8618679945,6309554.375060034,49.204042808000054,16.48856681600006
930,2020/09/02 00:00,0,0,0,Sat,Night,Collision with a fixed obstacle,The driver of the motor vehicle,Not tested,Clear,Near the pedestrian crossing,"Not identified, the driver has fled",Not identified,No,0,1850478.4991266332,6317645.746712047,49.251510671000055,16.62313118700007
931,2020/09/02 00:00,0,0,0,Sat,Day,Collision with a fixed obstacle,The driver of the motor vehicle,No,Clear,"Exit from the car park, forest roads, etc.",Passenger car without a trailer,"Private, not used for business activity",No,35000,1842403.2654884662,6304437.269866083,49.173999875000035,16.550590129000057
932,2020/09/02 00:00,0,0,0,Sat,Night,Collision with a parked vehicle,The driver of the motor vehicle,Not tested,Clear,Parking slot adjacent to the road,"Not identified, the driver has fled",Not identified,No,0,1844224.4574785393,6304736.738698016,49.17575858300006,16.56695017500004
933,2020/09/02 00:00,0,0,0,Sat,Night,Collision with a parked vehicle,The driver of the motor vehicle,Not tested,Clear,None or none of listed,Passenger car without a trailer,"Private, not used for business activity",No,0,1849467.216544602,6306746.372406225,49.18755905900008,16.614046681000044
934,2020/09/02 00:00,0,0,1,Sat,Day,Collision with pedestrian,The driver of the motor vehicle,Not tested,Clear,Parking slot adjacent to the road,"Not identified, the driver has fled",Not identified,No,0,1849693.0192261157,6308070.101025157,49.19533039500004,16.616075101000035
935,2020/09/01 00:00,0,0,0,Fri,Night,Collision with a non rail vehicle,The driver of the motor vehicle,No,Clear,Pedestrian crossing,Passenger car without a trailer,"Private, not used for business activity",No,300000,1849661.073315246,6308140.799204897,49.195745415000026,16.61578812600004
936,2020/09/01 00:00,0,0,1,Fri,Night,Collision with a fixed obstacle,The driver of the motor vehicle,No,Rain,None or none of listed,Passenger car without a trailer,"Private, not used for business activity",No,150000,1845675.3796915316,6316764.571208841,49.24634348600006,16.579984031000038
937,2020/09/01 00:00,0,0,0,Fri,Night,Collision with a parked vehicle,The driver of the motor vehicle,Not tested,Rain,Parking slot adjacent to the road,"Not identified, the driver has fled",Not identified,No,0,1850397.3152691494,6313661.98854894,49.22814573600004,16.622401900000057
938,2020/09/01 00:00,0,0,0,Fri,Night,Collision with a parked vehicle,The driver of the motor vehicle,Not tested,"At the beginning of the rain, light rain, drizzle, etc.",Parking slot adjacent to the road,"Not identified, the driver has fled",Not identified,No,0,1839954.6742879315,6304024.260261947,49.17157426700003,16.528594060000046
939,2020/09/01 00:00,0,0,1,Fri,Day,Collision with pedestrian,The driver of the motor vehicle,No,"At the beginning of the rain, light rain, drizzle, etc.",Pedestrian crossing,Passenger car without a trailer,"Private, not used for business activity",No,0,1848279.9124667873,6310560.274595019,49.20994637900002,16.603380947000062
940,2020/09/01 00:00,0,0,0,Fri,Night,Collision with a fixed obstacle,The driver of the motor vehicle,Not tested,Clear,None or none of listed,"Not identified, the driver has fled",Not identified,No,0,1846262.6949797475,6315430.016150718,49.23851666800003,16.585259974000053
941,2020/09/01 00:00,0,0,0,Fri,Day,Collision with a parked vehicle,The driver of the motor vehicle,No,Clear,Parking slot adjacent to the road,Truck with semi-trailer,Private company,No,0,1845009.908992583,6307352.929611209,49.19112018200008,16.574006006000044
942,2020/09/01 00:00,0,0,0,Fri,Day,Collision with a fixed obstacle,The driver of the motor vehicle,No,Clear,None or none of listed,Passenger car without a trailer,"Private, not used for business activity",No,0,1846996.242779333,6306124.270476462,49.183906406000055,16.59184954600005
943,2020/09/01 00:00,0,0,1,Fri,Day,Other collisions,The driver of the motor vehicle,Not tested,Rain,None or none of listed,"Not identified, the driver has fled",Not identified,No,0,1845136.2618466485,6319888.948670749,49.26466229500006,16.57514105300004
944,2020/09/01 00:00,0,0,0,Fri,Day,Crash,The driver of the motor vehicle,No,Rain,None or none of listed,Passenger car without a trailer,"Private, not used for business activity",Yes,80000,1848588.5911733636,6307206.1375310505,49.190258383000064,16.60615385500006
945,2020/08/31 00:00,0,0,0,Thu,Day,Collision with a tram,The driver of the motor vehicle,No,Clear,None or none of listed,Truck,Private company,No,10000,1848754.080509485,6309113.97218017,49.20145788500008,16.607640471000025
946,2020/08/31 00:00,0,0,1,Thu,Day,Collision with pedestrian,The driver of the motor vehicle,Not tested,Clear,Pedestrian crossing,"Not identified, the driver has fled",Not identified,No,0,1849037.4289112133,6310267.324298164,49.20822714200005,16.61018583300006
947,2020/08/31 00:00,0,0,0,Thu,Day,Collision with a non rail vehicle,The driver of the motor vehicle,No,Clear,None or none of listed,Passenger car without a trailer,Registered outside of the Czech Republic,No,30000,1849469.619041851,6308530.5940883225,49.19803356800002,16.614068263000032
948,2020/08/31 00:00,0,1,0,Thu,Day,Collision with pedestrian,Pedestrian,No,Clear,None or none of listed,Passenger car without a trailer,Private company,No,0,1850561.6542296568,6308389.663663065,49.19720629800002,16.623878182000055
949,2020/08/31 00:00,0,0,1,Thu,Day,Collision with pedestrian,The driver of the motor vehicle,No,Clear,Pedestrian crossing,Passenger car without a trailer,"Private, not used for business activity",No,0,1843018.7935884283,6311852.925216051,49.21753184200002,16.556119512000063
950,2020/08/31 00:00,0,0,1,Thu,Day,Crash,Road defect,Not tested,Clear,None or none of listed,Motorbike,"Private, not used for business activity",Yes,40000,1849338.3211533686,6316344.943256038,49.24388261100006,16.61288879400007
951,2020/08/31 00:00,0,0,0,Thu,Night,Collision with wildlife animals,"Forest animals, pets",Not tested,Clear,"Bus stop, trolleybus, tramway without boarding. islet",Passenger car without a trailer,"Private, not used for business activity",No,5000,1836117.0266814118,6311533.410126845,49.21565698900008,16.494119885000032
952,2020/08/31 00:00,0,0,0,Thu,Night,Collision with a fixed obstacle,The driver of the motor vehicle,Not tested,Rain,None or none of listed,"Not identified, the driver has fled",Not identified,No,0,1840965.9731226068,6312308.577190596,49.22020539700002,16.53767871200006
953,2020/08/30 00:00,0,0,1,Wed,Day,Collision with a non rail vehicle,The driver of the motor vehicle,No,Clear,None or none of listed,Passenger car without a trailer,"Private, not used for business activity",No,5000,1849739.8356398465,6306867.210839915,49.18826852700005,16.616495660000055
954,2020/08/30 00:00,0,0,1,Wed,Day,Crash,Road defect,Not tested,Clear,None or none of listed,Bicycle,"Private, not used for business activity",No,0,1853576.446193985,6306600.082259985,49.18670014500002,16.650960519000023
955,2020/08/30 00:00,0,0,0,Wed,Day,Collision with a fixed obstacle,The driver of the motor vehicle,No,Clear,None or none of listed,Passenger car without a trailer,Registered outside of the Czech Republic,No,1000,1848889.024333934,6308102.2391360225,49.19551905600007,16.608852692000028
956,2020/08/30 00:00,0,0,1,Wed,Day,Other collisions,The driver of the motor vehicle,No,Clear,Parking slot adjacent to the road,Passenger car without a trailer,"Private, not used for business activity",No,20000,1845286.451320643,6311158.701099878,49.213458178000046,16.57649022800007
957,2020/08/30 00:00,0,0,0,Wed,Night,Collision with a parked vehicle,The driver of the motor vehicle,Not tested,Clear,Parking slot adjacent to the road,"Not identified, the driver has fled",Not identified,No,0,1847506.1177732178,6313222.806420715,49.225569235000066,16.596429831000023
958,2020/08/29 00:00,0,0,0,Tue,Day,Collision with a non rail vehicle,The driver of the motor vehicle,Not tested,Clear,None or none of listed,"Not identified, the driver has fled",Not identified,No,0,1849819.0325557368,6301882.962112372,49.158996504000065,16.617207098000048
959,2020/08/29 00:00,0,0,0,Tue,Day,Collision with a non rail vehicle,The driver of the motor vehicle,Not tested,Clear,Near the pedestrian crossing,"Not identified, the driver has fled",Not identified,No,0,1846419.943779244,6303023.03747758,49.165693586000025,16.586672564000025
960,2020/08/29 00:00,0,0,0,Tue,Day,Other collisions,The driver of the motor vehicle,Not tested,Clear,Parking slot adjacent to the road,"Not identified, the driver has fled",Not identified,No,0,1853416.7452487461,6307755.153309842,49.193481513000044,16.64952590100006
961,2020/08/29 00:00,0,0,1,Tue,Day,Crash,The driver of the motor vehicle,Under influence of alcohol,Clear,None or none of listed,Motorbike,"Private, not used for business activity",No,20000,1848742.321831678,6307189.0969866635,49.19015833900004,16.607534841000074
962,2020/08/29 00:00,0,0,1,Tue,Day,Collision with a non rail vehicle,The driver of the motor vehicle,No,Clear,"Bus stop, trolleybus, tramway without boarding. islet",Moped,"Private, not used for business activity",No,5000,1852795.1081577665,6309972.060114363,49.20649426500005,16.643941640000037
963,2020/08/29 00:00,0,0,1,Tue,Day,Crash,Driver of a non-motorized vehicle,No,Clear,None or none of listed,Bicycle,"Private, not used for business activity",No,5000,1845665.4734813648,6316785.376193676,49.24646549200002,16.579895042000032
964,2020/08/29 00:00,0,0,0,Tue,Day,Collision with a parked vehicle,The driver of the motor vehicle,Not tested,Clear,Parking slot adjacent to the road,Truck,Private company,No,0,1849176.6246949318,6308451.214706981,49.197567608000035,16.611436250000054
965,2020/08/28 00:00,0,0,0,Mon,Day,Collision with a parked vehicle,The driver of the motor vehicle,Not tested,Clear,None or none of listed,"Not identified, the driver has fled",Not identified,No,0,1841700.3462448947,6312315.8794324985,49.22024824200002,16.544275698000032
966,2020/08/28 00:00,0,0,1,Mon,Day,Collision with a non rail vehicle,The driver of the motor vehicle,No,Clear,None or none of listed,Passenger car without a trailer,Police,No,90000,1844344.6810814457,6310896.465257217,49.211919307000066,16.56803016200007
967,2020/08/28 00:00,0,0,0,Mon,Day,Collision with a non rail vehicle,The driver of the motor vehicle,Not tested,Clear,None or none of listed,"Not identified, the driver has fled",Not identified,No,0,1852043.5252648417,6311189.642779039,49.21363974900004,16.637190056000062
968,2020/08/28 00:00,0,0,1,Mon,Day,Collision with a non rail vehicle,The driver of the motor vehicle,No,Clear,None or none of listed,Passenger car without a trailer,Private company,No,80000,1850825.1110628888,6307395.644796816,49.191370955000075,16.62624485500004
969,2020/08/28 00:00,0,0,0,Mon,Night,Collision with a non rail vehicle,The driver of the motor vehicle,Under influence of alcohol,Clear,None or none of listed,Passenger car without a trailer,Registered outside of the Czech Republic,No,30000,1849248.8023603305,6309664.800927474,49.204690926000055,16.61208463300005
970,2020/08/28 00:00,0,0,0,Mon,Night,Collision with a parked vehicle,The driver of the motor vehicle,Not tested,Clear,None or none of listed,"Not identified, the driver has fled",Not identified,No,0,1855644.732499304,6305941.2078703325,49.18283150800005,16.669540251000058
971,2020/08/27 00:00,0,0,0,Sun,Night,Collision with a parked vehicle,The driver of the motor vehicle,Not tested,Clear,None or none of listed,Passenger car without a trailer,Private company,No,1000,1845734.385478187,6310780.36484255,49.21123798300003,16.580514089000076
972,2020/08/26 00:00,0,0,0,Sat,Night,Collision with a parked vehicle,The driver of the motor vehicle,Not tested,Clear,Parking slot adjacent to the road,"Not identified, the driver has fled",Not identified,No,0,1845821.7369920525,6303655.580493052,49.16940890800002,16.58129878100004
973,2020/08/26 00:00,0,0,0,Sat,Night,Collision with a parked vehicle,The driver of the motor vehicle,Not tested,Clear,Parking slot adjacent to the road,"Not identified, the driver has fled",Not identified,No,0,1845821.7369920525,6303655.580493052,49.16940890800002,16.58129878100004
974,2020/08/26 00:00,0,0,1,Sat,Day,Other collisions,The driver of the motor vehicle,No,Clear,Pedestrian crossing,Motorbike,"Private, not used for business activity",No,30000,1850843.1228904608,6306803.042947548,49.18789178500003,16.626406658000068
975,2020/08/26 00:00,0,0,1,Sat,Day,Collision with a non rail vehicle,The driver of the motor vehicle,No,Clear,Pedestrian crossing,Passenger car without a trailer,Private company,No,20000,1845017.756237449,6311979.14418454,49.21827245100007,16.574076499000057
976,2020/08/26 00:00,0,0,0,Sat,Night,Collision with a parked vehicle,The driver of the motor vehicle,Not tested,Clear,Parking slot adjacent to the road,"Not identified, the driver has fled",Not identified,No,0,1846873.2812735552,6310494.549767852,49.20956066500001,16.590744964000063
977,2020/08/26 00:00,0,0,0,Sat,Night,Collision with a parked vehicle,The driver of the motor vehicle,Not tested,Clear,Parking slot adjacent to the road,"Not identified, the driver has fled",Not identified,No,0,1840894.9788947157,6313074.918648746,49.22470160800003,16.53704096000007
978,2020/08/26 00:00,0,0,1,Sat,Day,Collision with a non rail vehicle,Driver of a non-motorized vehicle,No,Clear,"Exit from the car park, forest roads, etc.",Bicycle,"Private, not used for business activity",No,500,1845709.655964624,6304146.140029146,49.17229008000003,16.580291940000052
979,2020/08/26 00:00,0,0,1,Sat,Day,Crash,The driver of the motor vehicle,No,Clear,None or none of listed,Motorbike,"Private, not used for business activity",No,20000,1855506.3136143093,6309101.5153015675,49.20138476800003,16.66829681300004
980,2020/08/26 00:00,0,0,0,Sat,Night,Collision with a non rail vehicle,The driver of the motor vehicle,No,Clear,None or none of listed,Passenger car without a trailer,Private company,No,20000,1849660.1155223453,6308218.945896932,49.196204156000064,16.615779522000025
981,2020/08/26 00:00,0,0,0,Sat,Night,Other collisions,The driver of the motor vehicle,Not tested,Clear,Parking slot adjacent to the road,"Not identified, the driver has fled",Not identified,No,0,1853448.154154389,6308207.78449733,49.19613863600005,16.649808052000022
982,2020/08/25 00:00,0,0,1,Fri,Day,Collision with a non rail vehicle,Driver of a non-motorized vehicle,No,Clear,None or none of listed,Bicycle,"Private, not used for business activity",No,1000,1846770.1024658051,6310866.213600977,49.21174177900008,16.589818093000076
983,2020/08/25 00:00,0,0,1,Fri,Day,Collision with pedestrian,The driver of the motor vehicle,No,Clear,Pedestrian crossing,Passenger car without a trailer,"Private, not used for business activity",No,0,1848286.075336438,6308592.140028832,49.19839484200003,16.603436309000074
984,2020/08/25 00:00,0,0,0,Fri,Night,Collision with a parked vehicle,The driver of the motor vehicle,Not tested,Clear,Parking slot adjacent to the road,Truck with semi-trailer,Private company,No,0,1846922.7076840608,6307398.171539179,49.19138578900004,16.59118896900003
985,2020/08/25 00:00,0,0,0,Fri,Night,Collision with a parked vehicle,The driver of the motor vehicle,Not tested,Clear,Parking slot adjacent to the road,Passenger car without a trailer,"Private, not used for business activity",No,10000,1851056.3402356256,6301759.328084785,49.158270193000085,16.628322022000074
986,2020/08/25 00:00,0,0,0,Fri,Night,Collision with a parked vehicle,The driver of the motor vehicle,Not tested,Clear,Parking slot adjacent to the road,"Not identified, the driver has fled",Not identified,No,0,1850634.1101937816,6311091.191849472,49.213062020000045,16.624529065000047
987,2020/08/25 00:00,0,0,0,Fri,Day,Collision with a non rail vehicle,The driver of the motor vehicle,Not tested,Clear,None or none of listed,"Not identified, the driver has fled",Not identified,No,0,1848127.7308191885,6313420.860756282,49.226731155000046,16.602013876000058
988,2020/08/24 00:00,0,0,0,Thu,Night,Collision with a non rail vehicle,Driver of a non-motorized vehicle,Under influence of alcohol,Clear,None or none of listed,Bicycle,"Private, not used for business activity",No,1000,1845612.1419831186,6316527.538420697,49.24495344100005,16.579415957000034
989,2020/08/24 00:00,0,0,1,Thu,Day,Collision with pedestrian,The driver of the motor vehicle,No,Clear,Pedestrian crossing,Passenger car without a trailer,"Private, not used for business activity",No,1000,1847893.9498697687,6310008.019940983,49.20670531300004,16.59991378600006
990,2020/08/24 00:00,0,0,0,Thu,Night,Collision with a parked vehicle,The driver of the motor vehicle,Not tested,Clear,None or none of listed,"Not identified, the driver has fled",Not identified,No,0,1845612.1419831186,6316527.538420697,49.24495344100005,16.579415957000034
991,2020/08/24 00:00,0,0,1,Thu,Day,Collision with a fixed obstacle,The driver of the motor vehicle,No,Clear,"Bus stop, trolleybus, tramway without boarding. islet",Bus,Public transport - city- local,No,1000,1853864.1893778914,6296826.543212536,49.12928294400006,16.653545360000066
992,2020/08/24 00:00,0,1,0,Thu,Day,Collision with pedestrian,The driver of the motor vehicle,No,Clear,Pedestrian crossing,Passenger car without a trailer,"Private, not used for business activity",No,20000,1843732.664888777,6305178.838675805,49.178354815000034,16.56253232700004
993,2020/08/24 00:00,0,0,1,Thu,Day,Collision with a non rail vehicle,The driver of the motor vehicle,No,Clear,None or none of listed,Passenger car without a trailer,"Private, not used for business activity",No,70000,1838612.3591550183,6308970.7874199925,49.20061744000003,16.51653583800004
994,2020/08/24 00:00,0,0,0,Thu,Day,Collision with a fixed obstacle,The driver of the motor vehicle,No,Clear,Pedestrian crossing,Bus,Public transport - city- local,No,0,1854969.0716141653,6310305.278986881,49.20844989000004,16.66347068600004
995,2020/08/24 00:00,0,0,0,Thu,Night,Collision with a parked vehicle,The driver of the motor vehicle,Not tested,Clear,Parking slot adjacent to the road,Passenger car without a trailer,"Private, not used for business activity",No,0,1851063.6565978348,6300907.540405867,49.15326591900002,16.62838774600004
996,2020/08/24 00:00,0,0,0,Thu,Day,Collision with a parked vehicle,The driver of the motor vehicle,Not tested,Clear,Parking slot adjacent to the road,"Not identified, the driver has fled",Not identified,No,0,1846782.2690182286,6302510.911230401,49.16268534300008,16.589927387000046
997,2020/08/24 00:00,0,0,1,Thu,Night,Collision with pedestrian,Pedestrian,No,Clear,None or none of listed,Truck,Private company,No,0,1857012.9157215266,6304818.525459368,49.17623888600008,16.68183085000004
998,2020/08/24 00:00,0,0,1,Thu,Night,Collision with pedestrian,Pedestrian,No,Other dificult,None or none of listed,Truck,Private company,No,0,1857003.9787701669,6304819.917177712,49.17624705900005,16.681750568000044
999,2020/08/23 00:00,0,0,0,Wed,Day,Collision with a fixed obstacle,The driver of the motor vehicle,No,Clear,None or none of listed,Truck with semi-trailer,Private company,No,300000,1851229.402414065,6300649.32633679,49.15174880500006,16.629876666000026