objectid,date,dead,serious.injuries,light.injuries,day.of.the.week,day/night,type.of.the.accident,cause.of.the.accident,alcohol.or.drugs,weather.conditions,place,vehicle.type,vehicle.characteristic,skid,total.damage.in.czk,x,y,lat,lng
1000,2020/08/23 00:00,0,0,0,Wed,Day,Collision with a fixed obstacle,The driver of the motor vehicle,No,Clear,"Bus, trolleybus, tram stop. islet",Truck,Private company,No,10000,1848690.7216854685,6311716.886038011,49.21673359900006,16.607071309000048
1001,2020/08/23 00:00,0,0,1,Wed,Day,Collision with a non rail vehicle,The driver of the motor vehicle,No,Clear,Pedestrian crossing,Passenger car without a trailer,"Private, not used for business activity",No,50000,1849039.3692099394,6308483.589704177,49.197757651000074,16.610203263000074
1002,2020/08/23 00:00,0,0,1,Wed,Day,Crash,Driver of a non-motorized vehicle,No,Clear,Near the pedestrian crossing,Bicycle,"Private, not used for business activity",No,2000,1849528.8020491344,6307455.313183838,49.19172125500006,16.61459991300006
1003,2020/08/23 00:00,0,0,1,Wed,Day,Collision with a non rail vehicle,The driver of the motor vehicle,No,Clear,Gas station,Motorbike,"Private, not used for business activity",No,30000,1846744.9895679145,6315226.65451024,49.23732389600007,16.589592500000037
1004,2020/08/23 00:00,0,0,0,Wed,Day,Crash,The driver of the motor vehicle,No,Clear,None or none of listed,Passenger car without a trailer,Private company,Yes,500000,1852894.5562041027,6304913.527409436,49.176796791000065,16.64483499700003
1005,2020/08/23 00:00,0,0,0,Wed,Night,Collision with a parked vehicle,The driver of the motor vehicle,Not tested,Clear,Parking slot adjacent to the road,"Not identified, the driver has fled",Not identified,No,0,1849532.640567815,6308969.124133525,49.20060767700004,16.614634395000056
1006,2020/08/23 00:00,0,0,0,Wed,Day,Collision with a fixed obstacle,The driver of the motor vehicle,No,Clear,"Bridge, overpass, underpass, tunnel",Truck,"Private, not used for business activity",No,0,1847509.5969525853,6314018.720019414,49.23023843400006,16.59646108500004
1007,2020/08/23 00:00,0,0,0,Wed,Night,Collision with a parked vehicle,The driver of the motor vehicle,Not tested,Clear,Parking slot adjacent to the road,"Not identified, the driver has fled",Not identified,No,0,1848966.4484869384,6308324.472618443,49.19682361800005,16.609548205000063
1008,2020/08/23 00:00,0,0,0,Wed,Night,Collision with a parked vehicle,The driver of the motor vehicle,Not tested,Clear,None or none of listed,"Not identified, the driver has fled",Not identified,No,0,1843130.0478459974,6303888.097296902,49.17077455500003,16.557118926000044
1009,2020/08/23 00:00,0,0,0,Wed,Day,Collision with a parked vehicle,The driver of the motor vehicle,Not tested,Clear,None or none of listed,"Not identified, the driver has fled",Not identified,No,0,1842053.8009902549,6312766.185106161,49.22289028300002,16.547450836000053
1010,2020/08/23 00:00,0,0,0,Wed,Night,Collision with a non rail vehicle,The driver of the motor vehicle,No,Clear,"Bridge, overpass, underpass, tunnel",Passenger car without a trailer,"Private, not used for business activity",No,105000,1852667.5581738956,6310579.541744835,49.21005945000007,16.64279583900003
1011,2020/08/23 00:00,0,0,0,Wed,Day,Collision with a non rail vehicle,The driver of the motor vehicle,Not tested,Clear,None or none of listed,"Not identified, the driver has fled",Not identified,No,0,1853901.18540878,6300971.608117882,49.15364233600007,16.653877701000056
1012,2020/08/23 00:00,0,0,0,Wed,Night,Collision with a parked vehicle,The driver of the motor vehicle,Not tested,Clear,Parking slot adjacent to the road,"Not identified, the driver has fled",Not identified,No,0,1845945.5169187277,6303794.496409488,49.17022481100003,16.582410715000037
1013,2020/08/22 00:00,0,0,0,Tue,Day,Collision with a non rail vehicle,The driver of the motor vehicle,No,Clear,None or none of listed,Passenger car without a trailer,Private company,No,30000,1845612.1419831186,6316527.538420697,49.24495344100005,16.579415957000034
1014,2020/08/22 00:00,0,0,0,Tue,Day,Collision with a non rail vehicle,The driver of the motor vehicle,No,Clear,None or none of listed,Passenger car without a trailer,"Private, not used for business activity",No,20000,1852685.3239853936,6309313.173488722,49.202627104000044,16.642955432000065
1015,2020/08/22 00:00,0,0,1,Tue,Day,Collision with a fixed obstacle,The driver of the motor vehicle,Under influence of alcohol,Clear,Parking slot adjacent to the road,Passenger car without a trailer,"Private, not used for business activity",No,50000,1844628.025364346,6302634.928421442,49.16341384000002,16.570575487000045
1016,2020/08/22 00:00,0,0,0,Tue,Day,Collision with a parked vehicle,The driver of the motor vehicle,Not tested,Clear,None or none of listed,Passenger car without a trailer,"Private, not used for business activity",No,0,1845522.2569489565,6308954.958868037,49.200524531000035,16.578608506000023
1017,2020/08/22 00:00,0,0,0,Tue,Day,Collision with a non rail vehicle,The driver of the motor vehicle,Not tested,Clear,Pedestrian crossing,"Not identified, the driver has fled",Not identified,No,0,1844354.2665801595,6308142.354837264,49.19575454700002,16.568116270000075
1018,2020/08/21 00:00,0,0,0,Mon,Day,Collision with a non rail vehicle,The driver of the motor vehicle,No,Clear,None or none of listed,Truck,"Private, not used for business activity",No,110000,1856257.4269616266,6302684.049809511,49.16370238400003,16.675044179000054
1019,2020/08/21 00:00,0,0,1,Mon,Day,Collision with a fixed obstacle,The driver of the motor vehicle,No,Clear,Pedestrian crossing,Passenger car without a trailer,Registered outside of the Czech Republic,No,10000,1846569.2914552484,6308019.27730119,49.19503204200004,16.588014177000048
1020,2020/08/21 00:00,0,0,1,Mon,Day,Collision with pedestrian,The driver of the motor vehicle,No,Clear,Pedestrian crossing,Troleybus,Public transport,No,30000,1844464.771991511,6304076.882612126,49.17188332500007,16.569108957000026
1021,2020/08/21 00:00,0,0,0,Mon,Day,Collision with a non rail vehicle,The driver of the motor vehicle,No,Clear,Pedestrian crossing,Passenger car without a trailer,"Private, not used for business activity",No,20000,1850304.733965602,6305407.996725979,49.17970049200004,16.621570228000053
1022,2020/08/21 00:00,0,0,1,Mon,Day,Collision with a non rail vehicle,The driver of the motor vehicle,Not tested,Clear,None or none of listed,Passenger car without a trailer,"Private, not used for business activity",No,20000,1849505.034224651,6308969.636765775,49.200610686000054,16.614386403000026
1023,2020/08/21 00:00,0,0,0,Mon,Day,Collision with a parked vehicle,The driver of the motor vehicle,No,Clear,Parking slot adjacent to the road,Truck,Private company,No,5000,1850143.48768319,6306936.779380455,49.188676974000025,16.620121728000072
1024,2020/08/21 00:00,0,0,0,Mon,Night,Collision with a parked vehicle,The driver of the motor vehicle,Not tested,Clear,Parking slot adjacent to the road,"Not identified, the driver has fled",Not identified,No,0,1849978.905266956,6308590.204583987,49.198383481000064,16.618643259000066
1025,2020/08/21 00:00,0,0,0,Mon,Night,Collision with a parked vehicle,The driver of the motor vehicle,Not tested,Clear,Parking slot adjacent to the road,"Not identified, the driver has fled",Not identified,No,0,1840056.8596805471,6313122.50671262,49.22498079900003,16.52951200700005
1026,2020/08/21 00:00,0,0,0,Mon,Night,Collision with a fixed obstacle,The driver of the motor vehicle,No,Clear,Parking slot adjacent to the road,Passenger car without a trailer,"Private, not used for business activity",No,10000,1847745.7814011318,6306843.0127992025,49.18812645600007,16.59858276600005
1027,2020/08/21 00:00,0,0,0,Mon,Night,Collision with a parked vehicle,The driver of the motor vehicle,Not tested,Clear,None or none of listed,"Not identified, the driver has fled",Not identified,No,0,1848579.0508703594,6308127.040763188,49.19566464900003,16.60606815300002
1028,2020/08/20 00:00,0,0,0,Sun,Day,Collision with a parked vehicle,The driver of the motor vehicle,Not tested,Clear,None or none of listed,Passenger car without a trailer,Not identified,No,0,1846247.34513516,6313879.488320142,49.229421668000036,16.585122084000034
1029,2020/08/20 00:00,0,0,1,Sun,Day,Collision with a non rail vehicle,The driver of the motor vehicle,No,Clear,None or none of listed,Passenger car without a trailer,"Private, not used for business activity",No,60000,1851442.924329357,6307158.849781619,49.189980759000036,16.631794766000038
1030,2020/08/20 00:00,0,0,1,Sun,Day,Collision with a non rail vehicle,The driver of the motor vehicle,No,Clear,Near the pedestrian crossing,Passenger car without a trailer,"Private, not used for business activity",No,80000,1855250.2155560127,6308966.361984963,49.20059146400007,16.66599624500003
1031,2020/08/20 00:00,0,0,0,Sun,Day,Other collisions,The driver of the motor vehicle,Not tested,Clear,Gas station,Passenger car without a trailer,"Private, not used for business activity",No,1000,1846365.2285797307,6318178.56857215,49.25463485900006,16.586181049000057
1032,2020/08/19 00:00,0,1,0,Sat,Day,Collision with pedestrian,Pedestrian,No,Rain,None or none of listed,Passenger car without a trailer,"Private, not used for business activity",No,2000,1844780.1212959383,6306676.878504787,49.18715104100005,16.571941788000057
1033,2020/08/19 00:00,0,0,1,Sat,Day,Collision with a non rail vehicle,The driver of the motor vehicle,No,Rain,None or none of listed,Passenger car without a trailer,"Private, not used for business activity",Yes,20000,1855782.7298173844,6301762.731987544,49.158290190000045,16.67077990200005
1034,2020/08/19 00:00,0,0,0,Sat,Night,Collision with a parked vehicle,The driver of the motor vehicle,Not tested,Clear,None or none of listed,"Not identified, the driver has fled",Not identified,No,0,1850040.4142949968,6307172.016449196,49.19005806000007,16.61919580400007
1035,2020/08/19 00:00,0,0,1,Sat,Day,Collision with a parked vehicle,Driver of a non-motorized vehicle,Under influence of alcohol,Clear,None or none of listed,Bicycle,"Private, not used for business activity",No,2000,1853958.1539374262,6306441.324504701,49.18576801300002,16.654389458000022
1036,2020/08/19 00:00,0,0,0,Sat,Day,Collision with a parked vehicle,The driver of the motor vehicle,Not tested,Clear,Parking slot adjacent to the road,Passenger car without a trailer,"Private, not used for business activity",No,10000,1850546.140300141,6314815.333499973,49.234911297000046,16.62373881800005
1037,2020/08/19 00:00,0,0,0,Sat,Day,Collision with a parked vehicle,The driver of the motor vehicle,Not tested,Clear,None or none of listed,Passenger car without a trailer,Private company,No,0,1849498.3120858828,6307784.765745244,49.193655354000036,16.61432601700005
1038,2020/08/19 00:00,0,0,0,Sat,Night,Collision with a parked vehicle,The driver of the motor vehicle,Not tested,Clear,Parking slot adjacent to the road,"Not identified, the driver has fled",Not identified,No,0,1854481.493023729,6310282.2926167855,49.20831498800004,16.659090693000053
1039,2020/08/18 00:00,0,0,0,Fri,Day,Collision with a non rail vehicle,The driver of the motor vehicle,No,Clear,None or none of listed,Passenger car without a trailer,Police,No,100000,1853348.4826898375,6307068.161449207,49.189448328000005,16.648912688000053
1040,2020/08/18 00:00,0,0,3,Fri,Day,Collision with a non rail vehicle,The driver of the motor vehicle,No,Clear,None or none of listed,Truck,"Private, not used for business activity",No,50000,1855788.859291187,6301944.880664006,49.15936025200005,16.67083496400005
1041,2020/08/18 00:00,0,0,0,Fri,Day,Collision with a parked vehicle,The driver of the motor vehicle,Not tested,Clear,Parking slot adjacent to the road,Passenger car without a trailer,"Private, not used for business activity",No,50000,1851203.4584048626,6309765.771671786,49.20528354200007,16.629643607000048
1042,2020/08/18 00:00,0,0,1,Fri,Day,Collision with a non rail vehicle,Driver of a non-motorized vehicle,No,Clear,Pedestrian crossing,Bicycle,"Private, not used for business activity",No,1000,1842768.8878994456,6312010.244989406,49.21845493800003,16.55387457100005
1043,2020/08/18 00:00,0,0,0,Fri,Day,Collision with a non rail vehicle,The driver of the motor vehicle,No,Clear,Pedestrian crossing,Truck,"Private, not used for business activity",No,5000,1847282.2536093185,6307009.1040400285,49.189101599000026,16.594418825000048
1044,2020/08/18 00:00,0,0,1,Fri,Day,Collision with a non rail vehicle,Driver of a non-motorized vehicle,No,Clear,None or none of listed,Bicycle,"Private, not used for business activity",No,1000,1855059.1644818147,6311296.727826646,49.214268137000026,16.664280004000034
1045,2020/08/18 00:00,0,0,0,Fri,Night,Collision with a parked vehicle,The driver of the motor vehicle,Not tested,Clear,None or none of listed,"Not identified, the driver has fled",Not identified,No,0,1849803.5194054558,6313135.448845732,49.22505672800003,16.617067741000028
1046,2020/08/18 00:00,0,0,0,Fri,Day,Collision with a parked vehicle,The driver of the motor vehicle,Not tested,Clear,None or none of listed,Passenger car without a trailer,Private company,No,0,1849957.3432381859,6309492.174146924,49.20367773100002,16.61844956400006
1047,2020/08/17 00:00,0,0,1,Thu,Day,Crash,The driver of the motor vehicle,No,Clear,Pedestrian crossing,Motorbike,"Private, not used for business activity",Yes,5000,1849449.9183862875,6308599.594076606,49.19843859700006,16.613891289000037
1048,2020/08/17 00:00,0,0,0,Thu,Day,Collision with a parked vehicle,The driver of the motor vehicle,No,Clear,Near the pedestrian crossing,Passenger car without a trailer,"Private, not used for business activity",No,10000,1851642.3711195544,6312330.5181926,49.22033413300005,16.63358642700007
1049,2020/08/17 00:00,0,0,0,Thu,Night,Collision with a parked vehicle,The driver of the motor vehicle,Not tested,Clear,Parking slot adjacent to the road,"Not identified, the driver has fled",Not identified,No,0,1850632.016162838,6314772.484522157,49.234659960000045,16.624510254000025
1050,2020/08/17 00:00,0,0,1,Thu,Night,Collision with pedestrian,The driver of the motor vehicle,No,Clear,Parking slot adjacent to the road,Passenger car without a trailer,"Private, not used for business activity",No,0,1840355.4666448717,6308318.821320691,49.196790444000044,16.532194439000023
1051,2020/08/17 00:00,0,0,0,Thu,Day,Crash,The driver of the motor vehicle,No,Clear,None or none of listed,Passenger car without a trailer,"Private, not used for business activity",No,10000,1840412.7906166583,6308176.058231569,49.195952395000056,16.532709389000047
1052,2020/08/16 00:00,0,0,1,Wed,Day,Collision with a non rail vehicle,The driver of the motor vehicle,Not tested,Clear,Pedestrian crossing,"Not identified, the driver has fled",Not identified,No,0,1853142.243518276,6308074.234864375,49.19535466200006,16.64706001000007
1053,2020/08/16 00:00,0,0,1,Wed,Day,Collision with a non rail vehicle,Driver of a non-motorized vehicle,Not tested,Clear,None or none of listed,Bicycle,"Private, not used for business activity",No,5000,1851108.6255532939,6306952.414399107,49.188768769000035,16.628791709000037
1054,2020/08/16 00:00,0,0,1,Wed,Day,Crash,Technical defect of the vehicle,Not tested,Clear,"Bus, trolleybus, tram stop. islet",Bicycle,"Private, not used for business activity",No,1000,1849345.3435208045,6307347.6620451,49.19108925700003,16.612951877000054
1055,2020/08/16 00:00,0,0,0,Wed,Day,Collision with a parked vehicle,The driver of the motor vehicle,No,Clear,None or none of listed,Truck,"Private, not used for business activity",No,50000,1854481.1707538005,6307522.589754375,49.19211621800007,16.65908779800003
1056,2020/08/16 00:00,0,0,0,Wed,Night,Collision with a parked vehicle,The driver of the motor vehicle,Not tested,Clear,Parking slot adjacent to the road,"Not identified, the driver has fled",Not identified,No,0,1843399.9517475406,6311907.960284256,49.217854770000024,16.55954351400004
1057,2020/08/16 00:00,0,0,0,Wed,Day,Collision with a non rail vehicle,The driver of the motor vehicle,No,Clear,Pedestrian crossing,Truck with semi-trailer,Registered outside of the Czech Republic,No,0,1853894.9180101254,6306243.583539011,49.184606970000054,16.653821400000027
1058,2020/08/16 00:00,0,0,1,Wed,Day,Collision with a parked vehicle,Driver of a non-motorized vehicle,Under influence of drugs,Clear,None or none of listed,Bicycle,"Private, not used for business activity",No,0,1850742.0380023294,6306570.718393405,49.186527739000034,16.625498597000046
1059,2020/08/16 00:00,0,1,0,Wed,Day,Collision with pedestrian,Pedestrian,Under influence of alcohol,Clear,Near the pedestrian crossing,Truck,Private company,No,0,1850809.0772713502,6307304.173111111,49.190833940000054,16.626100821000023
1060,2020/08/15 00:00,0,0,0,Tue,Day,Collision with a parked vehicle,The driver of the motor vehicle,No,Clear,Parking slot adjacent to the road,Passenger car without a trailer,"Private, not used for business activity",No,5000,1848340.4653717212,6307347.016992048,49.191085470000075,16.60392490300006
1061,2020/08/15 00:00,0,0,0,Tue,Day,Collision with a parked vehicle,The driver of the motor vehicle,No,Clear,Parking slot adjacent to the road,Passenger car without a trailer,Private company,No,10000,1854361.2547266535,6309923.440610459,49.20620891600003,16.65801057400006
1062,2020/08/15 00:00,0,0,0,Tue,Night,Collision with a parked vehicle,The driver of the motor vehicle,Not tested,Clear,Parking slot adjacent to the road,"Not identified, the driver has fled",Not identified,No,0,1849712.6702331863,6306592.727573134,49.186656963000075,16.616251629000033
1063,2020/08/15 00:00,0,0,1,Tue,Day,Collision with a non rail vehicle,The driver of the motor vehicle,No,Clear,"Bridge, overpass, underpass, tunnel",Motorbike,"Private, not used for business activity",No,15000,1849150.7137476162,6312306.06465501,49.22019065500006,16.611203488000054
1064,2020/08/15 00:00,0,0,0,Tue,Night,Collision with a parked vehicle,The driver of the motor vehicle,Not tested,Clear,Parking slot adjacent to the road,"Not identified, the driver has fled",Not identified,No,0,1840463.7470022517,6304324.612947954,49.17333825200006,16.533167138000067
1065,2020/08/15 00:00,0,0,1,Tue,Day,Collision with a non rail vehicle,The driver of the motor vehicle,No,Clear,Near the pedestrian crossing,Passenger car without a trailer,"Private, not used for business activity",No,10000,1850305.9701685472,6305726.297828514,49.18156958000003,16.62158133300005
1066,2020/08/15 00:00,0,0,0,Tue,Day,Collision with a non rail vehicle,The driver of the motor vehicle,No,Clear,Pedestrian crossing,"Not identified, the driver has fled",Not identified,No,0,1848882.8780508894,6306055.734915345,49.183503985000065,16.60879747900003
1067,2020/08/14 00:00,0,0,1,Mon,Night,Collision with a non rail vehicle,The driver of the motor vehicle,No,Clear,None or none of listed,Passenger car without a trailer,Private company,No,60000,1846887.2330566552,6302225.411199949,49.16100822900006,16.59087029500006
1068,2020/08/14 00:00,0,0,1,Mon,Day,Collision with a non rail vehicle,The driver of the motor vehicle,No,Clear,None or none of listed,Passenger car without a trailer,"Private, not used for business activity",No,90000,1849865.9303440154,6302770.256882774,49.16420876900002,16.61762838800007
1069,2020/08/14 00:00,0,1,0,Mon,Day,Collision with pedestrian,The driver of the motor vehicle,No,Clear,Pedestrian crossing,Passenger car without a trailer,"Private, not used for business activity",No,1000,1848163.9490607942,6307040.365347376,49.18928513600007,16.60233923000004
1070,2020/08/14 00:00,0,0,0,Mon,Day,Collision with a fixed obstacle,The driver of the motor vehicle,No,Clear,None or none of listed,Passenger car without a trailer,"State enterprise, state organization",No,20000,1848080.7391885782,6306823.923492835,49.18801437900003,16.60159174300003
1071,2020/08/14 00:00,0,0,0,Mon,Day,Other collisions,The driver of the motor vehicle,Not tested,Clear,Parking slot adjacent to the road,Passenger car without a trailer,"Private, not used for business activity",No,0,1849110.0779033378,6309105.610802701,49.201408807000064,16.610838450000074
1072,2020/08/14 00:00,0,0,0,Mon,Day,Collision with a fixed obstacle,The driver of the motor vehicle,No,Clear,Pedestrian crossing,Truck,Private company,No,0,1852394.7257905097,6307803.229515329,49.19376374600005,16.64034494400005
1073,2020/08/14 00:00,0,0,0,Mon,Day,Collision with a fixed obstacle,The driver of the motor vehicle,No,Clear,None or none of listed,Passenger car without a trailer,Private company,No,20000,1848345.3099959565,6308924.6993607115,49.20034691600006,16.603968423000023
1074,2020/08/13 00:00,0,0,0,Sun,Night,Collision with a parked vehicle,The driver of the motor vehicle,Not tested,Clear,None or none of listed,"Not identified, the driver has fled",Not identified,No,0,1850901.8915665955,6309643.78487458,49.20456757800007,16.626934586000058
1075,2020/08/13 00:00,0,0,0,Sun,Night,Collision with wildlife animals,"Forest animals, pets",Not tested,Clear,None or none of listed,Passenger car without a trailer,"Private, not used for business activity",No,50000,1841784.0331211274,6305428.91145029,49.17982330700005,16.545027470000036
1076,2020/08/13 00:00,0,0,0,Sun,Night,Collision with a fixed obstacle,The driver of the motor vehicle,Not tested,Clear,Parking slot adjacent to the road,"Not identified, the driver has fled",Not identified,No,0,1842568.7661791756,6303598.999724539,49.16907658500002,16.552076847000023
1077,2020/08/13 00:00,0,0,0,Sun,Night,Collision with a parked vehicle,The driver of the motor vehicle,Not tested,Clear,Parking slot adjacent to the road,"Not identified, the driver has fled",Not identified,No,0,1850872.0405772221,6309160.749740702,49.20173245000005,16.626666430000054
1078,2020/08/13 00:00,0,0,0,Sun,Night,Collision with a parked vehicle,The driver of the motor vehicle,Not tested,Clear,Parking slot adjacent to the road,"Not identified, the driver has fled",Not identified,No,0,1845891.3457375646,6304596.360400442,49.17493418300007,16.58192408700006
1079,2020/08/12 00:00,0,0,0,Sat,Day,Collision with a parked vehicle,The driver of the motor vehicle,No,Clear,Parking slot adjacent to the road,Passenger car without a trailer,"Private, not used for business activity",No,0,1846198.7535095147,6315424.967223372,49.23848705500006,16.58468557800006
1080,2020/08/12 00:00,0,0,0,Sat,Day,Collision with a fixed obstacle,The driver of the motor vehicle,No,Clear,None or none of listed,Passenger car without a trailer,Private company,No,1000,1845926.0326682562,6306463.246315203,49.18589672600007,16.582235685000054
1081,2020/08/12 00:00,0,0,0,Sat,Day,Crash,The driver of the motor vehicle,Under influence of alcohol,Clear,None or none of listed,Passenger car without a trailer,"Private, not used for business activity",No,20000,1848285.416436367,6315024.900034708,49.23614052200002,16.60343039000003
1082,2020/08/12 00:00,0,0,0,Sat,Day,Collision with a fixed obstacle,The driver of the motor vehicle,No,Clear,"Bus stop, trolleybus, tramway without boarding. islet",Passenger car without a trailer,Private company,No,30000,1852616.6790440343,6310404.197498245,49.209030417000065,16.64233878400006
1083,2020/08/12 00:00,0,0,2,Sat,Day,Collision with a fixed obstacle,The driver of the motor vehicle,No,Clear,None or none of listed,Passenger car without a trailer,"Private, not used for business activity",No,200000,1855349.864200076,6306388.289195584,49.18545661700004,16.666891404000065
1084,2020/08/11 00:00,0,0,0,Fri,Night,Collision with a fixed obstacle,The driver of the motor vehicle,No,Rain,None or none of listed,Passenger car without a trailer,"Private, not used for business activity",Yes,300000,1853000.2155440685,6302301.7981944,49.161456955000055,16.645784151000043
1085,2020/08/11 00:00,0,0,0,Fri,Day,Collision with a non rail vehicle,The driver of the motor vehicle,No,Clear,Pedestrian crossing,Truck with semi-trailer,Registered outside of the Czech Republic,No,30000,1851509.8844502217,6302555.855477347,49.16294935400002,16.632396279000034
1086,2020/08/11 00:00,0,0,0,Fri,Day,Collision with a fixed obstacle,The driver of the motor vehicle,No,Clear,None or none of listed,Truck,Private company,No,0,1846045.7983027736,6315350.122127998,49.23804807100003,16.583311558000048
1087,2020/08/11 00:00,0,1,0,Fri,Day,Collision with a non rail vehicle,The driver of the motor vehicle,No,Clear,None or none of listed,Passenger car without a trailer,"Private, not used for business activity",No,30000,1845350.8766967037,6304180.890778917,49.17249417300007,16.577068971000074
1088,2020/08/11 00:00,1,1,0,Fri,Night,Collision with a non rail vehicle,The driver of the motor vehicle,Not tested,Clear,None or none of listed,Passenger car without a trailer,"Private, not used for business activity",No,50000,1840388.9518816625,6313880.3827534625,49.22942691500004,16.53249524200004
1089,2020/08/11 00:00,0,0,0,Fri,Night,Collision with a parked vehicle,The driver of the motor vehicle,Not tested,Clear,Parking slot adjacent to the road,"Not identified, the driver has fled",Not identified,No,0,1848671.7968154394,6311672.916453425,49.21647559400003,16.606901304000075
1090,2020/08/11 00:00,0,0,0,Fri,Day,Collision with a parked vehicle,The driver of the motor vehicle,Not tested,Clear,"Bridge, overpass, underpass, tunnel","Not identified, the driver has fled",Not identified,No,0,1844276.7444660077,6306896.793243903,49.188442210000055,16.567419877000077
1091,2020/08/10 00:00,0,0,1,Thu,Day,Collision with a non rail vehicle,The driver of the motor vehicle,No,Clear,None or none of listed,Passenger car without a trailer,"Private, not used for business activity",No,150000,1844229.6367291687,6304712.105577296,49.17561392100003,16.566996701000047
1092,2020/08/10 00:00,0,0,2,Thu,Day,Collision with a non rail vehicle,The driver of the motor vehicle,No,Clear,Pedestrian crossing,Passenger car without a trailer,"Private, not used for business activity",No,25000,1850980.4772271598,6303314.694104765,49.16740670300004,16.627640533000033
1093,2020/08/10 00:00,0,0,0,Thu,Day,Collision with a fixed obstacle,The driver of the motor vehicle,No,Clear,Parking slot adjacent to the road,Truck with semi-trailer,Private company,No,0,1852794.7095226715,6311265.963153839,49.21408760700007,16.643938059000046
1094,2020/08/10 00:00,0,0,0,Thu,Day,Collision with a non rail vehicle,The driver of the motor vehicle,Not tested,Clear,Pedestrian crossing,"Not identified, the driver has fled",Not identified,No,0,1846480.5546816334,6310677.921261043,49.21063679500003,16.58721704100003
1095,2020/08/10 00:00,0,1,0,Thu,Day,Collision with pedestrian,Pedestrian,Under influence of alcohol,Clear,"Bus, trolleybus, tram stop. islet",Tram,Public transport,No,3000,1848670.0445353317,6309416.058785979,49.203230982000036,16.606885563000045
1096,2020/08/10 00:00,0,0,0,Thu,Day,Collision with a fixed obstacle,The driver of the motor vehicle,Under influence of drugs,Clear,None or none of listed,Truck,"Private, not used for business activity",No,50000,1850142.6657000687,6299575.082446298,49.14543668100002,16.620114344000058
1097,2020/08/10 00:00,0,0,0,Thu,Night,Collision with a parked vehicle,The driver of the motor vehicle,Not tested,Clear,None or none of listed,"Not identified, the driver has fled",Not identified,No,0,1843907.2024957552,6311043.548801159,49.21278243900007,16.56410022500006
1098,2020/08/10 00:00,0,0,1,Thu,Night,Collision with pedestrian,The driver of the motor vehicle,Not tested,Rain,Near the pedestrian crossing,Passenger car without a trailer,Taxi,No,0,1848504.4474419376,6307576.12447995,49.19243050400007,16.60539797900003
1099,2020/08/09 00:00,0,0,1,Wed,Night,Crash,Driver of a non-motorized vehicle,Not tested,Clear,"Bus, trolleybus, tram stop. islet",Bicycle,"Private, not used for business activity",No,1000,1845273.4290552884,6314313.729226297,49.23196898300005,16.57637324700005
1100,2020/08/09 00:00,0,0,0,Wed,Day,Collision with a fixed obstacle,The driver of the motor vehicle,No,Clear,None or none of listed,Passenger car without a trailer,Private company,No,80000,1854659.582613017,6306631.55273473,49.18688491900008,16.66069049900005
1101,2020/08/09 00:00,0,0,0,Wed,Night,Collision with a parked vehicle,The driver of the motor vehicle,Not tested,Clear,None or none of listed,"Not identified, the driver has fled",Not identified,No,0,1852283.1323424513,6306345.493959102,49.18520534400006,16.639342483000064
1102,2020/08/09 00:00,0,0,0,Wed,Day,Collision with a fixed obstacle,The driver of the motor vehicle,No,Clear,Parking slot adjacent to the road,Truck,Private company,No,20000,1844091.547127232,6304875.870473729,49.17657564900003,16.565756221000072
1103,2020/08/09 00:00,0,0,1,Wed,Day,Collision with a non rail vehicle,The driver of the motor vehicle,No,Clear,None or none of listed,Motorbike,Registered outside of the Czech Republic,No,30000,1849755.8933650756,6307476.427343224,49.19184521100004,16.61663990900007
1104,2020/08/09 00:00,0,1,0,Wed,Day,Collision with a non rail vehicle,Driver of a non-motorized vehicle,No,Clear,Near the pedestrian crossing,Bicycle,"Private, not used for business activity",No,30000,1847363.974249386,6307343.135432722,49.191062682000045,16.595152934000055
1105,2020/08/09 00:00,0,0,0,Wed,Day,Collision with a non rail vehicle,The driver of the motor vehicle,No,Clear,Near the pedestrian crossing,Passenger car without a trailer,Registered outside of the Czech Republic,No,20000,1852017.7461198017,6306325.746839127,49.18508939800005,16.636958478000054
1106,2020/08/09 00:00,0,0,0,Wed,Day,Collision with a fixed obstacle,The driver of the motor vehicle,Not tested,Clear,"Bridge, overpass, underpass, tunnel","Not identified, the driver has fled",Not identified,No,0,1849540.8271144878,6304447.738362363,49.174061355000035,16.61470793600006
1107,2020/08/09 00:00,0,0,2,Wed,Day,Collision with a non rail vehicle,Driver of a non-motorized vehicle,No,Clear,None or none of listed,Bicycle,"Private, not used for business activity",Yes,10000,1839507.439105469,6308379.672031231,49.197147646000076,16.524576478000025
1108,2020/08/08 00:00,0,0,1,Tue,Day,Collision with a non rail vehicle,The driver of the motor vehicle,No,Clear,None or none of listed,Passenger car without a trailer,"Private, not used for business activity",No,50000,1850341.436224354,6301396.942264797,49.15614122900008,16.621899930000037
1109,2020/08/08 00:00,0,1,0,Tue,Day,Collision with pedestrian,The driver of the motor vehicle,No,Clear,Near the pedestrian crossing,Passenger car without a trailer,Private company,No,50000,1848795.032501121,6308732.50449254,49.19921877000006,16.608008349000045
1110,2020/08/08 00:00,0,0,1,Tue,Day,Collision with a non rail vehicle,The driver of the motor vehicle,No,Clear,None or none of listed,Passenger car without a trailer,"Private, not used for business activity",No,20000,1843858.1100437145,6311001.457212417,49.21253543400007,16.563659220000034