objectid,date,dead,serious.injuries,light.injuries,day.of.the.week,day/night,type.of.the.accident,cause.of.the.accident,alcohol.or.drugs,weather.conditions,place,vehicle.type,vehicle.characteristic,skid,total.damage.in.czk,x,y,lat,lng
1111,2020/08/08 00:00,0,0,0,Tue,Night,Collision with wildlife animals,"Forest animals, pets",Not tested,Clear,None or none of listed,Passenger car without a trailer,Private company,No,30000,1854271.5304378383,6306771.236979571,49.187705045000016,16.657204567000065
1112,2020/08/08 00:00,0,0,0,Tue,Day,Other collisions,The driver of the motor vehicle,Not tested,Clear,None or none of listed,Truck,Private company,No,0,1851020.6842687638,6300818.351721527,49.15274190400003,16.628001719000054
1113,2020/08/08 00:00,0,0,0,Tue,Day,Collision with a non rail vehicle,The driver of the motor vehicle,Not tested,Clear,None or none of listed,"Not identified, the driver has fled",Not identified,No,0,1856952.0657048752,6299766.466864508,49.14656129100006,16.68128422500007
1114,2020/08/08 00:00,0,0,1,Tue,Day,Collision with a pet,"Forest animals, pets",Not tested,Clear,None or none of listed,Bicycle,"Private, not used for business activity",No,1000,1847105.881234496,6315095.698550294,49.236555788000025,16.59283444500005
1115,2020/08/07 00:00,0,0,0,Mon,Night,Collision with a fixed obstacle,The driver of the motor vehicle,Not tested,Clear,None or none of listed,"Not identified, the driver has fled",Not identified,No,0,1850276.9063192958,6311665.1880350895,49.21643024500002,16.62132024800007
1116,2020/08/07 00:00,0,0,0,Mon,Day,Collision with a parked vehicle,The driver of the motor vehicle,No,Clear,Parking slot adjacent to the road,Passenger car without a trailer,Private company,No,10000,1841676.0224908812,6307691.867492306,49.19310998900005,16.54405719400006
1117,2020/08/07 00:00,0,0,0,Mon,Night,Collision with a parked vehicle,The driver of the motor vehicle,Not tested,Clear,None or none of listed,"Not identified, the driver has fled",Not identified,No,0,1846521.9874621534,6314395.175318763,49.23244674200002,16.587589238000078
1118,2020/08/07 00:00,0,0,0,Mon,Night,Collision with a parked vehicle,The driver of the motor vehicle,Not tested,Clear,Parking slot adjacent to the road,Passenger car without a trailer,"Private, not used for business activity",No,2000,1845120.374551561,6311489.154858087,49.21539730200005,16.574998335000032
1119,2020/08/07 00:00,0,0,0,Mon,Night,Collision with a parked vehicle,The driver of the motor vehicle,Not tested,Clear,None or none of listed,"Not identified, the driver has fled",Not identified,No,0,1847545.6068041064,6306212.986332935,49.184427315000036,16.596784567000043
1120,2020/08/07 00:00,0,0,0,Mon,Day,Collision with a tram,The driver of the motor vehicle,No,Clear,None or none of listed,Passenger car without a trailer,Registered outside of the Czech Republic,No,50000,1849740.263218013,6306873.812082806,49.188307284000075,16.616499501000078
1121,2020/08/07 00:00,0,0,0,Mon,Day,Collision with a parked vehicle,The driver of the motor vehicle,Not tested,Clear,None or none of listed,Passenger car without a trailer,Private company,No,0,1845460.9252528686,6309087.682713953,49.20130357600004,16.578057554000054
1122,2020/08/06 00:00,0,0,1,Sun,Night,Collision with a fixed obstacle,The driver of the motor vehicle,No,Clear,None or none of listed,Passenger car without a trailer,"Private, not used for business activity",No,20000,1844722.6009565708,6310649.867871625,49.21047216300008,16.571425074000043
1123,2020/08/06 00:00,0,0,0,Sun,Night,Collision with a parked vehicle,The driver of the motor vehicle,Under influence of alcohol,Clear,Parking slot adjacent to the road,Passenger car without a trailer,Private company,No,40000,1847890.3072733893,6310875.375413541,49.21179554400004,16.599881064000044
1124,2020/08/06 00:00,0,0,0,Sun,Day,Collision with a non rail vehicle,The driver of the motor vehicle,No,Clear,None or none of listed,Passenger car without a trailer,Registered outside of the Czech Republic,No,50000,1848690.031393304,6311062.631992509,49.212894424000055,16.60706510800003
1125,2020/08/06 00:00,0,0,0,Sun,Day,Collision with a parked vehicle,The driver of the motor vehicle,Not tested,Clear,Parking slot adjacent to the road,Passenger car without a trailer,Registered outside of the Czech Republic,No,20000,1834591.891437455,6310710.04733925,49.21082532700006,16.480419362000077
1126,2020/08/06 00:00,0,0,0,Sun,Night,Collision with a parked vehicle,The driver of the motor vehicle,Not tested,Clear,None or none of listed,"Not identified, the driver has fled",Not identified,No,0,1846537.570187108,6314342.495644091,49.232137726000076,16.587729220000025
1127,2020/08/06 00:00,0,0,0,Sun,Night,Other collisions,The driver of the motor vehicle,No,Clear,Parking slot adjacent to the road,Passenger car without a trailer,Private company,No,20000,1849504.7636069707,6307657.003295161,49.192905315000075,16.61438397200004
1128,2020/08/06 00:00,0,0,3,Sun,Day,Collision with a non rail vehicle,The driver of the motor vehicle,No,Rain,None or none of listed,Passenger car without a trailer,"Private, not used for business activity",No,60000,1851049.1712604142,6303229.342760123,49.16690537700003,16.628257622000035
1129,2020/08/06 00:00,0,0,1,Sun,Day,Crash,The driver of the motor vehicle,No,"At the beginning of the rain, light rain, drizzle, etc.",None or none of listed,Motorbike,Private company,No,20000,1841059.767363325,6307877.913554629,49.19420217800006,16.53852128000005
1130,2020/08/06 00:00,0,0,1,Sun,Day,Crash,Driver of a non-motorized vehicle,No,"At the beginning of the rain, light rain, drizzle, etc.",None or none of listed,Bicycle,"Private, not used for business activity",Yes,3000,1849741.3411246396,6308321.548334576,49.196806452000025,16.616509184000055
1131,2020/08/06 00:00,0,0,2,Sun,Day,Crash,The driver of the motor vehicle,No,Clear,Near the pedestrian crossing,Passenger car without a trailer,Private company,No,0,1842838.8082282078,6312329.473430384,49.22032800300007,16.554502676000027
1132,2020/08/06 00:00,0,0,0,Sun,Night,Collision with a parked vehicle,The driver of the motor vehicle,Not tested,Clear,Parking slot adjacent to the road,"Not identified, the driver has fled",Not identified,No,0,1838417.6866351482,6316266.046243252,49.24341991200003,16.514787065000064
1133,2020/08/06 00:00,0,0,1,Sun,Day,Collision with a non rail vehicle,The driver of the motor vehicle,Not tested,Clear,None or none of listed,Passenger car without a trailer,Not identified,No,5000,1847553.3407257325,6310417.429728695,49.20910807300004,16.596854042000075
1134,2020/08/05 00:00,0,0,2,Sat,Day,Collision with a non rail vehicle,The driver of the motor vehicle,No,Clear,None or none of listed,Passenger car without a trailer,"Private, not used for business activity",Yes,60000,1839830.8805576398,6303819.937637508,49.170374235000054,16.527482002000056
1135,2020/08/05 00:00,0,0,0,Sat,Night,Collision with a parked vehicle,The driver of the motor vehicle,Under influence of alcohol,Clear,Parking slot adjacent to the road,Passenger car without a trailer,"Private, not used for business activity",No,10000,1851594.6388803704,6306805.911009007,49.187908624000045,16.633157641000025
1136,2020/08/05 00:00,0,0,1,Sat,Day,Crash,Driver of a non-motorized vehicle,No,Clear,None or none of listed,Bicycle,"Private, not used for business activity",No,3000,1840130.7989768868,6313789.189568822,49.22889194700008,16.53017621500004
1137,2020/08/05 00:00,0,0,0,Sat,Night,Collision with a fixed obstacle,The driver of the motor vehicle,Not tested,Clear,None or none of listed,"Not identified, the driver has fled",Not identified,No,0,1848479.7490978378,6307969.805409681,49.19474162300002,16.60517611000006
1138,2020/08/04 00:00,0,0,0,Fri,Day,Collision with a parked vehicle,The driver of the motor vehicle,Not tested,Clear,Parking slot adjacent to the road,"Not identified, the driver has fled",Not identified,No,0,1844750.1288194885,6302271.963969393,49.16128169800003,16.571672361000026
1139,2020/08/04 00:00,0,0,0,Fri,Night,Collision with a parked vehicle,The driver of the motor vehicle,Not tested,Clear,Parking slot adjacent to the road,Passenger car without a trailer,"Private, not used for business activity",No,20000,1840326.2713273,6304388.644143765,49.173714302000064,16.53193217300003
1140,2020/08/04 00:00,0,0,1,Fri,Day,Crash,Driver of a non-motorized vehicle,No,Clear,None or none of listed,Bicycle,"Private, not used for business activity",No,1000,1847301.1913924112,6310474.767191815,49.20944456800003,16.59458894600004
1141,2020/08/04 00:00,0,0,0,Fri,Day,Collision with a parked vehicle,The driver of the motor vehicle,Not tested,Clear,Parking slot adjacent to the road,Passenger car without a trailer,"Private, not used for business activity",No,5000,1853750.7952257462,6301064.040347877,49.15418539800003,16.65252672300005
1142,2020/08/04 00:00,0,0,0,Fri,Night,Collision with a parked vehicle,The driver of the motor vehicle,Not tested,Clear,None or none of listed,"Not identified, the driver has fled",Not identified,No,0,1845155.120704222,6311897.671687755,49.217794400000045,16.57531046500003
1143,2020/08/03 00:00,0,0,0,Thu,Day,Collision with a non rail vehicle,The driver of the motor vehicle,No,Clear,None or none of listed,Passenger car without a trailer,"Private, not used for business activity",No,80000,1856221.3667936965,6309034.646590502,49.20099227300005,16.674720245000056
1144,2020/08/03 00:00,0,1,0,Thu,Day,Crash,The driver of the motor vehicle,No,Clear,None or none of listed,Motorbike,"Private, not used for business activity",Yes,10000,1850385.5584837664,6308674.3505931795,49.198877413000034,16.62229628700004
1145,2020/08/03 00:00,0,0,0,Thu,Night,Collision with a parked vehicle,The driver of the motor vehicle,Not tested,Clear,Parking slot adjacent to the road,"Not identified, the driver has fled",Not identified,No,0,1850355.1177237348,6307281.53320672,49.19070102400007,16.62202283300007
1146,2020/08/03 00:00,0,0,0,Thu,Day,Collision with a non rail vehicle,The driver of the motor vehicle,No,Clear,None or none of listed,Passenger car without a trailer,Not identified,No,1000,1847085.2283520105,6313448.172854119,49.226891384000055,16.592648917000073
1147,2020/08/03 00:00,0,0,0,Thu,Night,Other collisions,The driver of the motor vehicle,Not tested,Clear,Parking slot adjacent to the road,"Not identified, the driver has fled",Not identified,No,0,1849494.8762098013,6308193.957124588,49.196057466000056,16.614295152000068
1148,2020/08/02 00:00,0,0,1,Wed,Night,Other collisions,Other,Not tested,Clear,"Exit from the car park, forest roads, etc.",Passenger car without a trailer,"Private, not used for business activity",No,0,1851018.96226756,6308633.4400168555,49.198637271000045,16.62798625000005
1149,2020/08/02 00:00,0,0,0,Wed,Day,Collision with a non rail vehicle,The driver of the motor vehicle,No,Clear,None or none of listed,Passenger car without a trailer,"Private, not used for business activity",No,120000,1845476.360479501,6314072.239617902,49.230552389000074,16.578196211000034
1150,2020/08/02 00:00,0,0,0,Wed,Day,Collision with a non rail vehicle,The driver of the motor vehicle,No,Clear,Pedestrian crossing,Truck,"State enterprise, state organization",No,60000,1847591.0430787872,6309825.368757271,49.20563332500005,16.597192728000035
1151,2020/08/02 00:00,0,0,6,Wed,Day,Other collisions,The driver of the motor vehicle,No,Clear,Parking slot adjacent to the road,Passenger car without a trailer,"Private, not used for business activity",No,0,1845878.8608113916,6307194.310969893,49.19018895000005,16.581811933000036
1152,2020/08/02 00:00,0,0,0,Wed,Day,Collision with a non rail vehicle,The driver of the motor vehicle,Not tested,Clear,Pedestrian crossing,Passenger car without a trailer,"Private, not used for business activity",No,0,1851892.6967056512,6307120.6335011525,49.18975639200005,16.635835140000037
1153,2020/08/02 00:00,0,0,0,Wed,Night,Collision with a fixed obstacle,The driver of the motor vehicle,Not tested,Clear,Parking slot adjacent to the road,"Not identified, the driver has fled",Not identified,No,0,1848376.6645776927,6307906.096546904,49.194367625000034,16.604250086000032
1154,2020/08/02 00:00,0,0,1,Wed,Day,Collision with a non rail vehicle,The driver of the motor vehicle,No,Clear,None or none of listed,Passenger car without a trailer,"Private, not used for business activity",No,40000,1850194.8132042089,6305721.98905,49.18154427900003,16.62058279300004
1155,2020/08/02 00:00,0,0,0,Wed,Day,Collision with a parked vehicle,The driver of the motor vehicle,Not tested,Clear,Parking slot adjacent to the road,"Not identified, the driver has fled",Not identified,No,0,1851133.3561800525,6301268.056872431,49.15538402400004,16.62901386800007
1156,2020/08/02 00:00,0,0,0,Wed,Day,Collision with a non rail vehicle,The driver of the motor vehicle,Not tested,Clear,None or none of listed,"Not identified, the driver has fled",Not identified,No,0,1849093.3246539265,6310640.506936164,49.21041722800003,16.610687953000024
1157,2020/08/02 00:00,0,0,0,Wed,Day,Collision with a parked vehicle,The driver of the motor vehicle,Not tested,Clear,Parking slot adjacent to the road,"Not identified, the driver has fled",Not identified,No,0,1849692.198022235,6306877.34869012,49.18832804800007,16.61606772400006
1158,2020/08/02 00:00,0,0,0,Wed,Day,Collision with a non rail vehicle,The driver of the motor vehicle,No,Clear,None or none of listed,Motorbike,"Private, not used for business activity",No,30000,1853979.9715557462,6315656.915646297,49.23984746200006,16.65458544900002
1159,2020/08/02 00:00,0,0,1,Wed,Night,Collision with a non rail vehicle,The driver of the motor vehicle,No,Clear,Near the pedestrian crossing,Passenger car without a trailer,"Private, not used for business activity",No,30000,1848127.4643203237,6309104.794053408,49.20140401300006,16.602011482000023
1160,2020/08/02 00:00,0,0,0,Wed,Day,Collision with a fixed obstacle,The driver of the motor vehicle,No,Clear,None or none of listed,Passenger car without a trailer,"Private, not used for business activity",No,120000,1838868.4850431904,6315038.369004694,49.23621952400003,16.518836656000076
1161,2020/08/02 00:00,0,0,0,Wed,Day,Collision with a parked vehicle,The driver of the motor vehicle,Not tested,Clear,None or none of listed,"Not identified, the driver has fled",Not identified,No,0,1848325.740029479,6306482.577845577,49.186010230000086,16.603792623000057
1162,2020/08/01 00:00,0,0,1,Tue,Day,Collision with a non rail vehicle,The driver of the motor vehicle,No,Clear,Pedestrian crossing,Truck,Private company,No,20000,1848832.1622267216,6310440.118444809,49.20924122600007,16.608341891000066
1163,2020/08/01 00:00,0,0,1,Tue,Day,Crash,Driver of a non-motorized vehicle,No,Clear,"Bus stop, trolleybus, tramway without boarding. islet",Bicycle,"Private, not used for business activity",Yes,0,1853800.4116586251,6312513.326306653,49.22140672300003,16.652972435000038
1164,2020/08/01 00:00,0,0,1,Tue,Day,Collision with pedestrian,Driver of a non-motorized vehicle,No,Clear,None or none of listed,Bicycle,"Private, not used for business activity",No,15000,1852233.2470729977,6309043.480497854,49.20104412500006,16.638894356000037
1165,2020/08/01 00:00,0,1,0,Tue,Day,Collision with a non rail vehicle,The driver of the motor vehicle,No,Clear,Parking slot adjacent to the road,Passenger car without a trailer,"Private, not used for business activity",No,20000,1836026.5790385446,6317028.566211194,49.24789160100004,16.49330738000003
1166,2020/07/31 00:00,0,0,0,Mon,Night,Collision with a parked vehicle,The driver of the motor vehicle,Not tested,Clear,None or none of listed,"Not identified, the driver has fled",Not identified,No,0,1847339.3239953038,6312180.856558011,49.21945600600002,16.59493149700006
1167,2020/07/31 00:00,0,0,0,Mon,Night,Collision with a parked vehicle,The driver of the motor vehicle,Not tested,Clear,None or none of listed,"Not identified, the driver has fled",Not identified,No,0,1847891.7170234201,6300546.300702323,49.15114347400002,16.59989372800004
1168,2020/07/31 00:00,0,0,0,Mon,Night,Collision with a parked vehicle,The driver of the motor vehicle,Not tested,Clear,Parking slot adjacent to the road,"Not identified, the driver has fled",Not identified,No,0,1840029.1579365826,6313622.814599427,49.22791592400006,16.52926315800005
1169,2020/07/31 00:00,0,0,1,Mon,Day,Collision with pedestrian,The driver of the motor vehicle,No,Clear,Pedestrian crossing,Passenger car without a trailer,Private company,No,0,1848847.5924439796,6306068.798185845,49.18358068900005,16.608480503000067
1170,2020/07/31 00:00,0,0,1,Mon,Day,Collision with a non rail vehicle,Driver of a non-motorized vehicle,No,Clear,None or none of listed,Bicycle,"Private, not used for business activity",No,5000,1845603.2355332994,6304167.939576783,49.17241811000007,16.57933594900004
1171,2020/07/31 00:00,0,0,0,Mon,Night,Collision with a parked vehicle,The driver of the motor vehicle,Not tested,Clear,Parking slot adjacent to the road,"Not identified, the driver has fled",Not identified,No,0,1850412.14358192,6305028.224740543,49.17747035000008,16.62253510500005
1172,2020/07/31 00:00,0,0,0,Mon,Night,Collision with a parked vehicle,The driver of the motor vehicle,Not tested,Clear,None or none of listed,"Not identified, the driver has fled",Not identified,No,0,1857041.3582967017,6309476.582631489,49.20358621900003,16.682086354000035
1173,2020/07/31 00:00,0,0,0,Mon,Night,Collision with a fixed obstacle,The driver of the motor vehicle,Under influence of alcohol,Clear,Pedestrian crossing,Passenger car without a trailer,"Private, not used for business activity",No,30000,1845674.1587393598,6316879.851040978,49.247019514000044,16.579973063000065
1174,2020/07/30 00:00,0,0,0,Sun,Night,Collision with a parked vehicle,The driver of the motor vehicle,Not tested,Clear,None or none of listed,"Not identified, the driver has fled",Not identified,No,0,1856054.6534997714,6310243.213273446,49.208085639000046,16.67322263400007
1175,2020/07/30 00:00,0,0,0,Sun,Night,Collision with a parked vehicle,The driver of the motor vehicle,Not tested,Clear,Parking slot adjacent to the road,"Not identified, the driver has fled",Not identified,No,0,1844790.2528167511,6306734.788686942,49.18749104800002,16.572032801000034
1176,2020/07/29 00:00,0,0,0,Sat,Night,Collision with a parked vehicle,The driver of the motor vehicle,Not tested,Clear,Parking slot adjacent to the road,"Not identified, the driver has fled",Not identified,No,0,1839296.4022864946,6312123.711145059,49.219120706000055,16.52268070200006
1177,2020/07/29 00:00,0,0,0,Sat,Day,Collision with a fixed obstacle,The driver of the motor vehicle,No,Clear,Parking slot adjacent to the road,Passenger car without a trailer,"Private, not used for business activity",No,0,1844109.135606777,6304864.971650489,49.17651164500005,16.565914221000067
1178,2020/07/29 00:00,0,0,0,Sat,Day,Collision with a fixed obstacle,The driver of the motor vehicle,No,Clear,Parking slot adjacent to the road,Passenger car without a trailer,"Private, not used for business activity",No,0,1844212.0001596056,6305025.554646149,49.17745467000002,16.56683826900007
1179,2020/07/29 00:00,0,0,0,Sat,Night,Other collisions,The driver of the motor vehicle,No,Clear,Parking slot adjacent to the road,Passenger car without a trailer,"Private, not used for business activity",No,0,1837245.336327166,6314929.6523806,49.23558184500007,16.504255663000038
1180,2020/07/29 00:00,0,0,0,Sat,Day,Collision with a fixed obstacle,The driver of the motor vehicle,Not tested,Clear,Near the pedestrian crossing,Passenger car without a trailer,Private company,No,5000,1840287.30839233,6313622.1235527685,49.22791187000007,16.531582163000053
1181,2020/07/29 00:00,0,1,1,Sat,Night,Crash,Driver of a non-motorized vehicle,No,Clear,None or none of listed,Bicycle,"Private, not used for business activity",No,5000,1844838.0115499722,6309894.64838802,49.20603993300005,16.57246182500006
1182,2020/07/29 00:00,0,0,0,Sat,Night,Other collisions,The driver of the motor vehicle,Not tested,Clear,None or none of listed,"Not identified, the driver has fled",Not identified,No,0,1844017.6294268728,6304812.52436838,49.17620364400004,16.565092207000077
1183,2020/07/28 00:00,0,0,1,Fri,Day,Collision with pedestrian,Pedestrian,No,Clear,Near the pedestrian crossing,Passenger car without a trailer,"Private, not used for business activity",No,15000,1848232.04786873,6310612.249873477,49.210251400000054,16.60295097200003
1184,2020/07/28 00:00,0,0,0,Fri,Day,Collision with a parked vehicle,The driver of the motor vehicle,No,Clear,Parking slot adjacent to the road,Truck,Private company,No,5000,1848014.4055738072,6310234.6440898115,49.20803534800006,16.600995858000033
1185,2020/07/28 00:00,0,0,1,Fri,Day,Collision with a non rail vehicle,The driver of the motor vehicle,Not tested,Clear,Near the pedestrian crossing,"Not identified, the driver has fled",Not identified,No,0,1846510.4803663865,6307076.243851739,49.189495780000065,16.587485868000044
1186,2020/07/28 00:00,0,0,0,Fri,Day,Collision with a non rail vehicle,The driver of the motor vehicle,No,Clear,Parking slot adjacent to the road,Passenger car without a trailer,"Private, not used for business activity",No,20000,1849871.593834428,6311670.486250332,49.21646133400003,16.61767926400006
1187,2020/07/27 00:00,0,0,0,Thu,Night,Collision with a parked vehicle,The driver of the motor vehicle,Not tested,Clear,Parking slot adjacent to the road,"Not identified, the driver has fled",Not identified,No,0,1840452.1435038066,6312855.047629516,49.223411642000016,16.53306290200004
1188,2020/07/27 00:00,0,0,0,Thu,Day,Collision with a parked vehicle,The driver of the motor vehicle,Not tested,Clear,Parking slot adjacent to the road,Passenger car without a trailer,Private company,No,30000,1848249.744996101,6307445.479709194,49.191663525000074,16.603109948000053
1189,2020/07/27 00:00,0,0,0,Thu,Day,Collision with a tram,The driver of the motor vehicle,No,Clear,Pedestrian crossing,Passenger car without a trailer,"Private, not used for business activity",No,0,1847280.348821514,6306654.644964795,49.18702050100007,16.59440171400007
1190,2020/07/27 00:00,0,0,2,Thu,Night,Collision with pedestrian,The driver of the motor vehicle,No,Rain,Pedestrian crossing,Passenger car without a trailer,"Private, not used for business activity",No,1000,1849579.6291927928,6306481.853832091,49.186005979000065,16.615056501000026
1191,2020/07/27 00:00,0,0,0,Thu,Night,Collision with a parked vehicle,The driver of the motor vehicle,Not tested,Clear,Parking slot adjacent to the road,"Not identified, the driver has fled",Not identified,No,0,1848709.8747604578,6311880.84047763,49.217695640000045,16.607243364000055
1192,2020/07/26 00:00,0,0,1,Wed,Day,Collision with pedestrian,The driver of the motor vehicle,No,Clear,None or none of listed,Truck,"Private, used for business activity",No,0,1848720.207101634,6308233.679239598,49.19629064400004,16.607336181000047
1193,2020/07/26 00:00,0,0,0,Wed,Day,Collision with a tram,The driver of the motor vehicle,No,Clear,Near the pedestrian crossing,Passenger car without a trailer,Private company,No,250000,1847696.1080839937,6309262.410074219,49.20232914900002,16.598136543000066
1194,2020/07/26 00:00,0,0,0,Wed,Day,Collision with a non rail vehicle,The driver of the motor vehicle,No,Clear,None or none of listed,Truck,Private company,No,30000,1848666.097146189,6311059.394739951,49.21287542700002,16.606850103000056
1195,2020/07/26 00:00,0,0,0,Wed,Day,Collision with a parked vehicle,The driver of the motor vehicle,Not tested,Clear,Parking slot adjacent to the road,Passenger car without a trailer,"Private, not used for business activity",No,0,1849134.495833638,6307078.534253267,49.18950922700002,16.611057800000026
1196,2020/07/26 00:00,0,0,0,Wed,Night,Collision with a parked vehicle,The driver of the motor vehicle,Not tested,Clear,None or none of listed,"Not identified, the driver has fled",Not identified,No,0,1845727.8110603772,6310594.788539274,49.210148927000034,16.58045503000005
1197,2020/07/25 00:00,0,1,0,Tue,Day,Crash,Driver of a non-motorized vehicle,Not tested,Clear,None or none of listed,Bicycle,Private company,No,2000,1848800.5959153129,6308202.45677402,49.196107361000024,16.608058326000048
1198,2020/07/25 00:00,0,0,0,Tue,Day,Collision with a non rail vehicle,The driver of the motor vehicle,No,Clear,None or none of listed,Passenger car without a trailer,"Private, not used for business activity",No,0,1844911.558556424,6310757.098568073,49.21110144600003,16.57312250900003
1199,2020/07/25 00:00,0,0,0,Tue,Night,Collision with a parked vehicle,The driver of the motor vehicle,Not tested,Clear,Parking slot adjacent to the road,"Not identified, the driver has fled",Not identified,No,0,1850297.9179845022,6307799.045728317,49.19373918500003,16.621508999000067
1200,2020/07/25 00:00,0,0,0,Tue,Day,Collision with a fixed obstacle,Other,Not tested,Clear,None or none of listed,Passenger car without a trailer,"Private, used for business activity",No,30000,1849143.4932314812,6308755.257327466,49.199352326000046,16.611138625000024
1201,2020/07/25 00:00,0,0,1,Tue,Day,Collision with a fixed obstacle,The driver of the motor vehicle,No,Clear,None or none of listed,Passenger car without a trailer,Private company,No,400000,1853857.4718032184,6298848.623933573,49.141167645000046,16.653485015000058
1202,2020/07/25 00:00,0,0,1,Tue,Day,Collision with a non rail vehicle,The driver of the motor vehicle,No,Clear,None or none of listed,Passenger car without a trailer,Private company,No,150000,1855206.0745949277,6307341.828464346,49.19105500900008,16.665599720000046
1203,2020/07/25 00:00,0,0,0,Tue,Day,Collision with a parked vehicle,The driver of the motor vehicle,Not tested,Clear,"Bus stop, trolleybus, tramway without boarding. islet","Not identified, the driver has fled",Not identified,No,0,1845600.4531026285,6307273.018474938,49.19065103500003,16.57931095400005
1204,2020/07/25 00:00,0,0,0,Tue,Night,Collision with a parked vehicle,The driver of the motor vehicle,Not tested,Clear,"Exit from the car park, forest roads, etc.","Not identified, the driver has fled",Not identified,No,0,1845144.1017444294,6311930.906098224,49.21798940800004,16.575211480000064
1205,2020/07/24 00:00,0,0,0,Mon,Day,Collision with a non rail vehicle,The driver of the motor vehicle,Not tested,Rain,None or none of listed,"Not identified, the driver has fled",Not identified,No,0,1851480.1615895813,6299447.054837041,49.14468435300005,16.632129274000018
1206,2020/07/24 00:00,0,0,0,Mon,Day,Collision with a fixed obstacle,The driver of the motor vehicle,No,Rain,Gas station,Passenger car without a trailer,"Private, not used for business activity",No,90000,1847761.0933970879,6302385.406492628,49.16194809700005,16.598720316000026
1207,2020/07/24 00:00,0,0,0,Mon,Night,Collision with a parked vehicle,The driver of the motor vehicle,Not tested,Clear,Gas station,"Not identified, the driver has fled",Not identified,No,0,1855209.1594806588,6309544.291916963,49.20398362700007,16.665627432000065
1208,2020/07/24 00:00,0,0,0,Mon,Day,Collision with a parked vehicle,The driver of the motor vehicle,No,Clear,Near the pedestrian crossing,Truck,Registered outside of the Czech Republic,No,5000,1847972.504694837,6308997.973843863,49.20077701600008,16.600619456000057
1209,2020/07/24 00:00,0,0,1,Mon,Day,Collision with a non rail vehicle,The driver of the motor vehicle,No,Rain,Near the pedestrian crossing,Passenger car without a trailer,"Private, not used for business activity",No,30000,1843997.3569230833,6304473.311652553,49.17421154300007,16.56491009600006
1210,2020/07/24 00:00,0,0,0,Mon,Night,Collision with a parked vehicle,The driver of the motor vehicle,Not tested,Rain,None or none of listed,"Not identified, the driver has fled",Not identified,No,0,1843636.6463733155,6303450.3196773995,49.168203313000056,16.561669778000063
1211,2020/07/23 00:00,0,0,1,Sun,Day,Crash,Driver of a non-motorized vehicle,No,Clear,None or none of listed,Bicycle,"Private, not used for business activity",Yes,1000,1842649.5132189775,6310913.056443926,49.21201667000002,16.55280221000004
1212,2020/07/23 00:00,0,0,0,Sun,Day,Collision with a parked vehicle,The driver of the motor vehicle,Under influence of alcohol,Clear,Parking slot adjacent to the road,Passenger car without a trailer,"Private, not used for business activity",No,60000,1847048.603015023,6307223.396474257,49.190359709000056,16.592319906000053
1213,2020/07/23 00:00,0,0,0,Sun,Day,Collision with a non rail vehicle,The driver of the motor vehicle,No,Clear,None or none of listed,Truck with semi-trailer,Private company,No,0,1851505.1013856656,6302664.302923992,49.16358638900004,16.632353312000074
1214,2020/07/23 00:00,0,0,1,Sun,Night,Collision with pedestrian,The driver of the motor vehicle,No,Clear,Pedestrian crossing,Passenger car without a trailer,Private company,No,10000,1840284.3024321184,6313616.499553271,49.22787887700008,16.53155516000004
1215,2020/07/22 00:00,0,0,0,Sat,Night,Collision with a parked vehicle,The driver of the motor vehicle,Not tested,Clear,Parking slot adjacent to the road,"Not identified, the driver has fled",Not identified,No,0,1848083.535088911,6310253.044220513,49.20814333500004,16.601616859000046
1216,2020/07/22 00:00,0,0,0,Sat,Night,Collision with a parked vehicle,The driver of the motor vehicle,Not tested,Clear,Parking slot adjacent to the road,"Not identified, the driver has fled",Not identified,No,0,1850424.309021154,6312109.331286414,49.219036332000016,16.62264438900007
1217,2020/07/22 00:00,0,0,0,Sat,Night,Collision with a parked vehicle,The driver of the motor vehicle,Not tested,Clear,Near the pedestrian crossing,"Not identified, the driver has fled",Not identified,No,0,1844859.0444771978,6303514.975371461,49.16858307000007,16.572650767000027
1218,2020/07/22 00:00,0,0,0,Sat,Night,Other collisions,The driver of the motor vehicle,Not tested,Clear,Parking slot adjacent to the road,"Not identified, the driver has fled",Not identified,No,0,1853606.6383776024,6307270.8552585365,49.19063833500006,16.651231740000068
1219,2020/07/21 00:00,0,0,0,Fri,Night,Collision with a parked vehicle,The driver of the motor vehicle,Not tested,Clear,Gas station,"Not identified, the driver has fled",Not identified,No,0,1851151.8231930174,6300955.367538199,49.153546918000075,16.629179760000056
1220,2020/07/21 00:00,0,0,0,Fri,Night,Collision with a parked vehicle,The driver of the motor vehicle,No,Rain,Pedestrian crossing,Passenger car without a trailer,"Private, not used for business activity",No,40000,1847391.332906676,6312787.297240125,49.22301414900004,16.59539870100002
1221,2020/07/21 00:00,0,0,0,Fri,Day,Crash,The driver of the motor vehicle,No,Clear,None or none of listed,Passenger car without a trailer,"Private, not used for business activity",No,10000,1848318.7136545393,6312264.337448828,49.21994582500008,16.603729504000057