objectid,date,dead,serious.injuries,light.injuries,day.of.the.week,day/night,type.of.the.accident,cause.of.the.accident,alcohol.or.drugs,weather.conditions,place,vehicle.type,vehicle.characteristic,skid,total.damage.in.czk,x,y,lat,lng
1222,2020/07/21 00:00,0,0,0,Fri,Day,Crash,The driver of the motor vehicle,Under influence of alcohol,Clear,None or none of listed,Passenger car without a trailer,"Private, not used for business activity",No,20000,1858538.6845960312,6299414.123176335,49.14449083500005,16.695537065000053
1223,2020/07/21 00:00,0,0,0,Fri,Day,Other collisions,The driver of the motor vehicle,No,Clear,None or none of listed,Truck,Private company,No,20000,1848676.207627619,6307448.018730665,49.191678431000064,16.606940927000036
1224,2020/07/21 00:00,0,0,0,Fri,Day,Collision with a parked vehicle,The driver of the motor vehicle,Not tested,Clear,Parking slot adjacent to the road,Passenger car without a trailer,"Private, not used for business activity",No,0,1848495.0053227304,6305050.603161785,49.17760176600006,16.605313159000048
1225,2020/07/21 00:00,0,0,1,Fri,Day,Crash,Driver of a non-motorized vehicle,No,Clear,Near the pedestrian crossing,Bicycle,"Private, not used for business activity",No,5000,1852894.1127072528,6308058.74085636,49.19526370700003,16.644831013000044
1226,2020/07/21 00:00,0,0,0,Fri,Day,Collision with a parked vehicle,The driver of the motor vehicle,Not tested,Clear,None or none of listed,Passenger car without a trailer,"Private, not used for business activity",No,0,1853759.1024427493,6296773.295988373,49.12896994700003,16.652601348000072
1227,2020/07/21 00:00,0,0,0,Fri,Day,Collision with a non rail vehicle,The driver of the motor vehicle,No,Clear,None or none of listed,Passenger car without a trailer,"Private, not used for business activity",No,70000,1844947.4022079494,6311992.781268402,49.21835246800003,16.57344449800007
1228,2020/07/21 00:00,0,0,0,Fri,Night,Collision with a parked vehicle,The driver of the motor vehicle,Not tested,Clear,None or none of listed,"Not identified, the driver has fled",Not identified,No,0,1847391.9298017886,6307757.415619174,49.19349479400005,16.595404063000046
1229,2020/07/20 00:00,0,0,0,Thu,Night,Collision with a fixed obstacle,The driver of the motor vehicle,Not tested,Clear,None or none of listed,"Not identified, the driver has fled",Not identified,No,0,1856914.9200605848,6311069.509688532,49.21293478400002,16.680950540000026
1230,2020/07/20 00:00,0,0,1,Thu,Day,Collision with a non rail vehicle,The driver of the motor vehicle,No,Clear,None or none of listed,Motorbike,"Private, not used for business activity",No,30000,1851068.2358364074,6303212.240451702,49.16680492300003,16.628428882000037
1231,2020/07/20 00:00,0,0,0,Thu,Day,Collision with a non rail vehicle,The driver of the motor vehicle,Not tested,Clear,None or none of listed,"Not identified, the driver has fled",Not identified,No,0,1848383.6165912147,6312374.950362452,49.220594832000074,16.604312537000055
1232,2020/07/20 00:00,0,0,0,Thu,Night,Collision with a parked vehicle,The driver of the motor vehicle,Not tested,Clear,None or none of listed,"Not identified, the driver has fled",Not identified,No,0,1847573.530407817,6304916.566985479,49.17681464100007,16.597035409000057
1233,2020/07/20 00:00,0,0,0,Thu,Day,Collision with a fixed obstacle,The driver of the motor vehicle,No,Clear,None or none of listed,Passenger car without a trailer,"Private, not used for business activity",No,0,1848898.0039206634,6311884.923014423,49.21771959500006,16.60893335700007
1234,2020/07/20 00:00,0,0,0,Thu,Day,Collision with a fixed obstacle,The driver of the motor vehicle,No,Clear,None or none of listed,Truck,"Private, not used for business activity",Yes,30000,1849946.314148313,6312350.520556714,49.22045149400002,16.618350488000033
1235,2020/07/20 00:00,0,0,0,Thu,Day,Collision with a parked vehicle,The driver of the motor vehicle,No,Clear,"Exit from the car park, forest roads, etc.",Passenger car without a trailer,"Private, not used for business activity",No,0,1856986.2191925638,6305373.522582248,49.179498053000025,16.68159103100004
1236,2020/07/20 00:00,0,0,0,Thu,Night,Collision with a parked vehicle,The driver of the motor vehicle,Not tested,Clear,None or none of listed,"Not identified, the driver has fled",Not identified,No,0,1845039.6232816249,6319508.195368776,49.26243023100004,16.574272934000074
1237,2020/07/19 00:00,1,0,0,Wed,Day,Collision with a tram,The driver of the motor vehicle,No,Clear,"Bus, trolleybus, tram stop. islet",Tram,Public transport,No,50000,1850797.2241946133,6308888.832065731,49.20013638400006,16.625994343000055
1238,2020/07/19 00:00,0,0,0,Wed,Day,Collision with a non rail vehicle,The driver of the motor vehicle,No,Clear,None or none of listed,Passenger car without a trailer,Registered outside of the Czech Republic,No,60000,1849495.220075704,6308489.364791339,49.19779155100007,16.61429824100003
1239,2020/07/19 00:00,0,0,0,Wed,Night,Collision with a parked vehicle,The driver of the motor vehicle,Not tested,Clear,None or none of listed,"Not identified, the driver has fled",Not identified,No,0,1851574.7038972825,6312743.681531098,49.22275825300004,16.632978562000062
1240,2020/07/19 00:00,0,0,0,Wed,Night,Collision with a parked vehicle,The driver of the motor vehicle,Not tested,Clear,"Exit from the car park, forest roads, etc.","Not identified, the driver has fled",Not identified,No,0,1853717.094363104,6308046.104628542,49.19518952800008,16.652223983000052
1241,2020/07/19 00:00,0,0,1,Wed,Day,Crash,Driver of a non-motorized vehicle,No,Clear,None or none of listed,Bicycle,"Private, not used for business activity",No,0,1850772.3707824578,6301196.679650101,49.15496467600006,16.625771081000035
1242,2020/07/19 00:00,0,0,0,Wed,Day,Collision with a non rail vehicle,The driver of the motor vehicle,Not tested,Clear,None or none of listed,"Not identified, the driver has fled",Not identified,No,0,1843720.5116946907,6304637.818411485,49.17517765500003,16.562423153000054
1243,2020/07/19 00:00,0,0,0,Wed,Day,Collision with a parked vehicle,The driver of the motor vehicle,Not tested,Clear,None or none of listed,"Not identified, the driver has fled",Not identified,No,0,1846414.8746235976,6313744.639477668,49.22863060000003,16.586627027000077
1244,2020/07/18 00:00,0,0,1,Tue,Day,Collision with a non rail vehicle,The driver of the motor vehicle,No,Clear,Pedestrian crossing,Passenger car without a trailer,"Private, not used for business activity",No,30000,1852679.8393854033,6306875.093770653,49.18831480900007,16.642906163000077
1245,2020/07/18 00:00,0,0,1,Tue,Day,Collision with pedestrian,Pedestrian,No,Clear,"Bus, trolleybus, tram stop. islet",Truck,Private company,No,0,1849302.0404615244,6307356.862956487,49.19114327400006,16.612562879000052
1246,2020/07/18 00:00,0,0,0,Tue,Day,Collision with a non rail vehicle,The driver of the motor vehicle,No,Clear,None or none of listed,Passenger car without a trailer,"Private, not used for business activity",No,80000,1858871.29621389,6310846.045549686,49.21162342500002,16.698524966000036
1247,2020/07/18 00:00,0,0,1,Tue,Day,Crash,Driver of a non-motorized vehicle,No,Clear,None or none of listed,Bicycle,"Private, not used for business activity",No,2000,1838882.3861759198,6311998.694421992,49.21838716400002,16.51896153200005
1248,2020/07/18 00:00,0,0,0,Tue,Night,Collision with a fixed obstacle,The driver of the motor vehicle,Not tested,Clear,None or none of listed,"Not identified, the driver has fled",Not identified,No,0,1848480.0016817614,6308815.8266834365,49.19970785800006,16.60517837900005
1249,2020/07/18 00:00,0,0,0,Tue,Day,Collision with a non rail vehicle,The driver of the motor vehicle,No,Clear,"Bus stop, trolleybus, tramway without boarding. islet",Passenger car without a trailer,Private company,No,150000,1850507.9645052871,6304346.555645839,49.173467120000055,16.623395879000043
1250,2020/07/18 00:00,0,0,1,Tue,Day,Collision with a non rail vehicle,The driver of the motor vehicle,No,Clear,Near the pedestrian crossing,Passenger car without a trailer,"Private, not used for business activity",No,5000,1850833.233823491,6307299.572427431,49.190806930000065,16.62631782300002
1251,2020/07/18 00:00,0,0,0,Tue,Night,Collision with a parked vehicle,Technical defect of the vehicle,Not tested,Clear,None or none of listed,Tram,Public transport,No,500000,1848780.1233704004,6308966.596068195,49.200592838000034,16.60787441800005
1252,2020/07/17 00:00,0,0,0,Mon,Day,Collision with a non rail vehicle,The driver of the motor vehicle,No,Clear,None or none of listed,Truck with trailer,Private company,No,0,1854985.8765158185,6307119.544417971,49.18974999800008,16.66362164700007
1253,2020/07/17 00:00,0,0,1,Mon,Day,Collision with a non rail vehicle,The driver of the motor vehicle,No,Clear,None or none of listed,Passenger car without a trailer,"Private, not used for business activity",No,20000,1849252.7130140439,6306985.355934354,49.18896217200005,16.612119763000067
1254,2020/07/17 00:00,0,0,0,Mon,Day,Crash,The driver of the motor vehicle,No,Clear,Near the pedestrian crossing,Passenger car without a trailer,"Private, not used for business activity",No,0,1840244.3349500627,6313540.642832667,49.227433864000034,16.53119612600005
1255,2020/07/17 00:00,0,0,1,Mon,Day,Collision with a non rail vehicle,The driver of the motor vehicle,No,Clear,None or none of listed,Passenger car without a trailer,Private company,No,0,1844503.6453142958,6307810.4983838815,49.19380641800006,16.569458162000046
1256,2020/07/17 00:00,0,0,1,Mon,Day,Collision with a non rail vehicle,The driver of the motor vehicle,No,Clear,None or none of listed,Passenger car without a trailer,"Private, not used for business activity",No,50000,1855755.731946558,6306338.896195683,49.18516660500006,16.670537376000027
1257,2020/07/17 00:00,0,0,1,Mon,Day,Crash,The driver of the motor vehicle,No,Clear,None or none of listed,Motorbike,"Private, not used for business activity",No,20000,1847199.3409601443,6308595.302738502,49.198413407000025,16.593674008000047
1258,2020/07/17 00:00,0,0,0,Mon,Day,Collision with a non rail vehicle,The driver of the motor vehicle,Not tested,Clear,Parking slot adjacent to the road,"Not identified, the driver has fled",Not identified,No,0,1849252.4412831676,6308712.21445901,49.19909967000007,16.61211732200007
1259,2020/07/17 00:00,0,0,0,Mon,Night,Collision with a parked vehicle,The driver of the motor vehicle,Not tested,Clear,None or none of listed,"Not identified, the driver has fled",Not identified,No,0,1851150.7099981061,6307113.380897903,49.18971381200003,16.629169760000025
1260,2020/07/16 00:00,0,0,1,Sun,Day,Collision with a non rail vehicle,The driver of the motor vehicle,No,Clear,Pedestrian crossing,Passenger car without a trailer,"Private, not used for business activity",No,20000,1840824.401001715,6313025.659266415,49.22441261000006,16.536406948000035
1261,2020/07/15 00:00,0,0,1,Sat,Night,Collision with a non rail vehicle,The driver of the motor vehicle,No,Other dificult,None or none of listed,Passenger car without a trailer,Registered outside of the Czech Republic,No,30000,1850891.9270250124,6301905.734253436,49.15913028200003,16.626845073000027
1262,2020/07/15 00:00,0,0,0,Sat,Night,Collision with a parked vehicle,The driver of the motor vehicle,Not tested,Clear,None or none of listed,"Not identified, the driver has fled",Not identified,No,0,1853927.1366537488,6300601.537703011,49.151468022000074,16.654110825000032
1263,2020/07/15 00:00,0,0,0,Sat,Day,Collision with a fixed obstacle,The driver of the motor vehicle,No,Clear,Parking slot adjacent to the road,Passenger car without a trailer,"Private, not used for business activity",No,0,1844093.4401151687,6304883.192841167,49.176618650000066,16.565773226000033
1264,2020/07/15 00:00,0,0,0,Sat,Night,Collision with a parked vehicle,The driver of the motor vehicle,Not tested,Clear,Parking slot adjacent to the road,"Not identified, the driver has fled",Not identified,No,0,1837788.3432297816,6311611.785299576,49.216116886000066,16.509133577000057
1265,2020/07/15 00:00,0,0,0,Sat,Night,Collision with a fixed obstacle,The driver of the motor vehicle,No,Clear,Parking slot adjacent to the road,Passenger car without a trailer,"Private, not used for business activity",Yes,40000,1851136.3591346317,6301180.2238331875,49.154867996000064,16.62904084400003
1266,2020/07/14 00:00,0,0,0,Fri,Day,Collision with a non rail vehicle,The driver of the motor vehicle,No,Clear,"Bridge, overpass, underpass, tunnel",Passenger car without a trailer,"Private, not used for business activity",No,20000,1844981.5359920883,6310851.2832674105,49.21165416200006,16.573751127000037
1267,2020/07/14 00:00,0,0,0,Fri,Night,Collision with a parked vehicle,The driver of the motor vehicle,Not tested,Clear,Parking slot adjacent to the road,"Not identified, the driver has fled",Not identified,No,0,1847006.179713677,6309806.358566277,49.205521752000045,16.591938811000034
1268,2020/07/14 00:00,0,0,1,Fri,Day,Collision with a non rail vehicle,The driver of the motor vehicle,No,Clear,Pedestrian crossing,Passenger car without a trailer,"Private, not used for business activity",No,0,1849946.543911742,6306367.721233447,49.18533585200003,16.618352552000033
1269,2020/07/14 00:00,0,0,0,Fri,Night,Collision with a parked vehicle,The driver of the motor vehicle,Not tested,Clear,Parking slot adjacent to the road,"Not identified, the driver has fled",Not identified,No,0,1847243.5302338905,6310529.127342037,49.20976358800004,16.59407096700005
1270,2020/07/13 00:00,0,0,1,Thu,Day,Crash,The driver of the motor vehicle,No,Clear,Parking slot adjacent to the road,Motorbike,"Private, not used for business activity",No,1000,1857065.5262034307,6309765.900140129,49.205284296000045,16.682303458000032
1271,2020/07/13 00:00,0,0,0,Thu,Day,Collision with a non rail vehicle,The driver of the motor vehicle,No,Clear,Pedestrian crossing,Passenger car without a trailer,"Private, not used for business activity",No,50000,1847545.2189670012,6310924.637559106,49.21208463200003,16.59678108300005
1272,2020/07/13 00:00,0,0,0,Thu,Day,Collision with a non rail vehicle,The driver of the motor vehicle,Not tested,Clear,None or none of listed,Passenger car without a trailer,Registered outside of the Czech Republic,No,5000,1850087.6825545332,6305979.560667494,49.18305670800004,16.619620422000022
1273,2020/07/13 00:00,0,0,0,Thu,Day,Collision with a parked vehicle,The driver of the motor vehicle,Not tested,Clear,None or none of listed,"Not identified, the driver has fled",Not identified,No,0,1854687.9968017247,6307367.399125491,49.19120513000007,16.660945748000074
1274,2020/07/13 00:00,0,0,0,Thu,Night,Collision with wildlife animals,"Forest animals, pets",Not tested,Clear,None or none of listed,Passenger car without a trailer,"Private, not used for business activity",No,90000,1839114.9948197834,6310243.997588213,49.20809024200002,16.521051091000057
1275,2020/07/13 00:00,0,0,0,Thu,Day,Collision with a parked vehicle,The driver of the motor vehicle,Not tested,Clear,None or none of listed,Truck,Private company,No,0,1846139.4431527331,6309884.376903228,49.20597964900002,16.584152784000025
1276,2020/07/13 00:00,0,0,0,Thu,Day,Collision with a parked vehicle,The driver of the motor vehicle,Not tested,Clear,None or none of listed,Other motor vehicle,Private company,No,1000,1855834.3866252105,6308095.261823014,49.19547809700003,16.671243943000036
1277,2020/07/13 00:00,0,0,0,Thu,Night,Collision with a parked vehicle,The driver of the motor vehicle,Not tested,Clear,None or none of listed,Passenger car without a trailer,"Private, not used for business activity",No,0,1854627.2765835938,6310538.461060444,49.20981836400006,16.66040028900005
1278,2020/07/13 00:00,0,0,0,Thu,Day,Collision with a parked vehicle,The driver of the motor vehicle,Not tested,Clear,Parking slot adjacent to the road,Passenger car without a trailer,"Private, not used for business activity",No,10000,1844805.4399122428,6317327.20210268,49.24964279800007,16.57216922900005
1279,2020/07/12 00:00,0,0,0,Wed,Day,Collision with a non rail vehicle,The driver of the motor vehicle,No,Clear,None or none of listed,Truck,"Private, not used for business activity",No,50000,1840155.6194384736,6303739.76288747,49.16990334300004,16.530399181000064
1280,2020/07/12 00:00,0,0,0,Wed,Night,Collision with a non rail vehicle,The driver of the motor vehicle,No,Clear,None or none of listed,Passenger car without a trailer,"Private, not used for business activity",No,110000,1840170.1783580782,6303735.640367833,49.16987913000001,16.530529966000074
1281,2020/07/12 00:00,0,0,0,Wed,Day,Collision with a fixed obstacle,The driver of the motor vehicle,Not tested,Clear,None or none of listed,"Not identified, the driver has fled",Not identified,No,0,1855835.5249783262,6302621.41440396,49.16333445700007,16.67125416900006
1282,2020/07/12 00:00,0,0,1,Wed,Day,Collision with a non rail vehicle,The driver of the motor vehicle,No,Clear,Pedestrian crossing,Passenger car without a trailer,"Private, not used for business activity",No,20000,1838970.0110904619,6312037.311186887,49.21861375100008,16.519748680000077
1283,2020/07/12 00:00,0,0,0,Wed,Day,Collision with a fixed obstacle,The driver of the motor vehicle,No,Clear,Parking slot adjacent to the road,Truck,Private company,No,50000,1844784.0199271408,6306756.250370637,49.18761705500002,16.571976810000024
1284,2020/07/12 00:00,0,0,0,Wed,Day,Collision with a fixed obstacle,The driver of the motor vehicle,No,Clear,"Bridge, overpass, underpass, tunnel",Truck,Private company,No,300000,1851663.362747249,6304817.52607189,49.17623301700007,16.633774998000035
1285,2020/07/12 00:00,0,0,1,Wed,Day,Collision with a non rail vehicle,The driver of the motor vehicle,No,Clear,"Bus, trolleybus, tram stop. islet",Passenger car without a trailer,"Private, not used for business activity",No,20000,1846275.3681471753,6303805.230056677,49.17028785300004,16.58537381900004
1286,2020/07/12 00:00,0,0,1,Wed,Day,Collision with a non rail vehicle,The driver of the motor vehicle,No,Clear,Pedestrian crossing,Passenger car without a trailer,"Private, not used for business activity",No,10000,1850069.8977074074,6306712.9659780115,49.18736292100003,16.619460658000033
1287,2020/07/12 00:00,0,0,0,Wed,Day,Collision with a parked vehicle,The driver of the motor vehicle,Not tested,Clear,Parking slot adjacent to the road,Truck,Private company,No,20000,1849997.2729829347,6311675.935802811,49.21649331100007,16.618808259000048
1288,2020/07/12 00:00,0,0,0,Wed,Night,Other collisions,The driver of the motor vehicle,Not tested,Clear,None or none of listed,Truck,Private company,No,0,1852144.0644648226,6302426.27636741,49.16218817800007,16.638093215000023
1289,2020/07/11 00:00,0,0,1,Tue,Day,Collision with a fixed obstacle,The driver of the motor vehicle,No,Rain,None or none of listed,Passenger car without a trailer,"Private, not used for business activity",Yes,20000,1840095.455817795,6315354.771198474,49.23807533900003,16.529858722000025
1290,2020/07/11 00:00,0,0,0,Tue,Day,Crash,The driver of the motor vehicle,No,Clear,Near the pedestrian crossing,Passenger car without a trailer,"Private, not used for business activity",No,5000,1851138.8716155386,6312224.86305099,49.219714212000035,16.62906341400003
1291,2020/07/11 00:00,0,0,0,Tue,Day,Collision with a fixed obstacle,Road defect,Not tested,Clear,None or none of listed,Truck,Private company,No,1000,1848893.4187821571,6308216.466436387,49.19618960100007,16.608892168000068
1292,2020/07/11 00:00,0,0,0,Tue,Day,Collision with a non rail vehicle,The driver of the motor vehicle,No,Clear,Near the pedestrian crossing,Passenger car without a trailer,"Private, not used for business activity",No,20000,1851336.2785873872,6307095.657864685,49.189609760000046,16.63083675100006
1293,2020/07/11 00:00,0,0,0,Tue,Night,Collision with a parked vehicle,The driver of the motor vehicle,Not tested,Clear,"Bus stop, trolleybus, tramway without boarding. islet","Not identified, the driver has fled",Not identified,No,0,1846911.2101617765,6312714.70326,49.222588235000046,16.591085685000056
1294,2020/07/10 00:00,0,0,0,Mon,Night,Collision with wildlife animals,"Forest animals, pets",Not tested,Clear,"Exit from the car park, forest roads, etc.",Passenger car without a trailer,"Private, not used for business activity",No,10000,1835951.7820255316,6311122.058470746,49.21324315200006,16.49263546700007
1295,2020/07/10 00:00,0,0,0,Mon,Night,Collision with a parked vehicle,The driver of the motor vehicle,Not tested,Clear,Parking slot adjacent to the road,"Not identified, the driver has fled",Not identified,No,0,1845021.264805161,6304293.967539448,49.17315827300006,16.574108017000068
1296,2020/07/10 00:00,0,0,0,Mon,Day,Collision with a fixed obstacle,The driver of the motor vehicle,No,Clear,Parking slot adjacent to the road,Truck,Private company,No,0,1848410.3692252021,6307188.939431114,49.190157414000055,16.60455286000007
1297,2020/07/10 00:00,0,1,0,Mon,Day,Collision with pedestrian,The driver of the motor vehicle,No,Clear,None or none of listed,Truck,Private company,No,10000,1849728.4310693343,6308268.3592872685,49.196494223000045,16.616393211000055
1298,2020/07/10 00:00,0,0,0,Mon,Day,Collision with a parked vehicle,The driver of the motor vehicle,Not tested,Clear,None or none of listed,Passenger car without a trailer,"Private, not used for business activity",No,10000,1851488.566545095,6307194.960439849,49.19019276300002,16.632204777000023
1299,2020/07/10 00:00,0,0,0,Mon,Day,Collision with a fixed obstacle,The driver of the motor vehicle,No,Clear,None or none of listed,Passenger car without a trailer,"Private, not used for business activity",No,1000,1855221.9260451389,6300150.778724126,49.14881950100004,16.665742116000047
1300,2020/07/10 00:00,0,0,0,Mon,Day,Collision with a non rail vehicle,The driver of the motor vehicle,No,Clear,Parking slot adjacent to the road,Passenger car without a trailer,Private company,No,50000,1848390.953992813,6309011.589406784,49.20085693500005,16.60437845000007
1301,2020/07/10 00:00,0,0,0,Mon,Day,Collision with a non rail vehicle,The driver of the motor vehicle,Under influence of alcohol,Clear,Pedestrian crossing,Truck,Private company,No,0,1857057.9780740375,6304211.967921988,49.17267669000006,16.682235652000028
1302,2020/07/10 00:00,0,0,1,Mon,Day,Collision with a non rail vehicle,The driver of the motor vehicle,No,Clear,None or none of listed,Passenger car without a trailer,"Private, not used for business activity",No,20000,1851852.7203180357,6311087.228813338,49.213038764000025,16.63547602600005
1303,2020/07/10 00:00,0,0,0,Mon,Day,Collision with a non rail vehicle,The driver of the motor vehicle,No,Clear,None or none of listed,Passenger car without a trailer,"Private, not used for business activity",No,20000,1844741.8475399308,6310338.87687056,49.208647068000055,16.571597969000038
1304,2020/07/10 00:00,0,0,0,Mon,Night,Collision with a fixed obstacle,The driver of the motor vehicle,No,Rain,Gas station,Passenger car without a trailer,"Private, not used for business activity",Yes,30000,1847910.3332045071,6301295.748499738,49.15554671400009,16.600060960000064
1305,2020/07/09 00:00,0,0,1,Sun,Day,Crash,Driver of a non-motorized vehicle,No,Clear,None or none of listed,Bicycle,"Private, not used for business activity",No,2000,1855516.4117392795,6309863.080020268,49.20585465600004,16.668387526000057
1306,2020/07/09 00:00,0,0,0,Sun,Night,Collision with wildlife animals,"Forest animals, pets",Not tested,Clear,None or none of listed,Passenger car without a trailer,"Private, not used for business activity",No,10000,1846504.0346339145,6304292.210845206,49.17314795600003,16.587427965000074
1307,2020/07/08 00:00,0,0,0,Sat,Night,Crash,The driver of the motor vehicle,Not tested,"At the beginning of the rain, light rain, drizzle, etc.",None or none of listed,Passenger car without a trailer,"Private, not used for business activity",No,50000,1843466.3490370638,6310239.410293518,49.208063320000065,16.56013997100007
1308,2020/07/08 00:00,0,0,1,Sat,Day,Collision with pedestrian,Pedestrian,No,Clear,"Bus, trolleybus, tram stop. islet",Passenger car without a trailer,"Private, not used for business activity",No,10000,1850085.4375743621,6308547.438027216,49.19813244200002,16.619600255000023
1309,2020/07/08 00:00,0,0,0,Sat,Day,Collision with a fixed obstacle,The driver of the motor vehicle,No,Clear,Parking slot adjacent to the road,Passenger car without a trailer,Private company,No,0,1848466.6126186848,6307964.695539042,49.19471162600007,16.605058103000033
1310,2020/07/08 00:00,0,0,0,Sat,Day,Collision with a fixed obstacle,The driver of the motor vehicle,No,Clear,None or none of listed,Passenger car without a trailer,Registered outside of the Czech Republic,No,10000,1840452.5154222278,6304425.473922847,49.173930599000066,16.533066243000064
1311,2020/07/08 00:00,0,0,0,Sat,Night,Collision with a parked vehicle,The driver of the motor vehicle,Not tested,Clear,Parking slot adjacent to the road,"Not identified, the driver has fled",Not identified,No,0,1850387.2964036597,6313654.828497675,49.22810373200008,16.622311899000067
1312,2020/07/08 00:00,0,0,0,Sat,Night,Collision with a parked vehicle,The driver of the motor vehicle,Not tested,Clear,Parking slot adjacent to the road,Passenger car without a trailer,"Private, not used for business activity",No,0,1838715.2754714133,6314082.797997231,49.23061432600007,16.517460351000068
1313,2020/07/08 00:00,0,0,0,Sat,Night,Collision with a parked vehicle,The driver of the motor vehicle,Not tested,Clear,None or none of listed,Passenger car without a trailer,"Private, not used for business activity",No,10000,1852041.843338655,6307778.540245058,49.193618807000064,16.63717494700006
1314,2020/07/07 00:00,0,0,0,Fri,Night,Collision with a fixed obstacle,The driver of the motor vehicle,No,Rain,None or none of listed,Passenger car without a trailer,Private company,Yes,700000,1852463.4306217544,6302178.904479191,49.16073502900007,16.640962130000048
1315,2020/07/07 00:00,0,0,1,Fri,Night,Crash,The driver of the motor vehicle,No,Clear,None or none of listed,Motorbike,"Private, not used for business activity",No,50000,1847839.8262220253,6312503.485733415,49.22134898600005,16.599427585000058
1316,2020/07/07 00:00,0,0,0,Fri,Day,Collision with a fixed obstacle,The driver of the motor vehicle,No,Clear,None or none of listed,Passenger car without a trailer,"Private, not used for business activity",Yes,4000,1850603.667429995,6306861.1852962775,49.18823315000002,16.624255593000044
1317,2020/07/07 00:00,0,0,0,Fri,Night,Collision with a parked vehicle,The driver of the motor vehicle,Not tested,Clear,Parking slot adjacent to the road,"Not identified, the driver has fled",Not identified,No,0,1847136.262104642,6311747.6198070245,49.216913938000054,16.593107361000023
1318,2020/07/07 00:00,0,0,0,Fri,Night,Collision with a parked vehicle,The driver of the motor vehicle,Not tested,Clear,Parking slot adjacent to the road,"Not identified, the driver has fled",Not identified,No,0,1847644.6250458905,6301581.394415486,49.15722487000004,16.597674063000056
1319,2020/07/07 00:00,0,1,0,Fri,Night,Collision with pedestrian,Pedestrian,No,Rain,Pedestrian crossing,Passenger car without a trailer,"Private, not used for business activity",No,40000,1852965.4936590593,6308749.561276331,49.19931889100007,16.64547223900007
1320,2020/07/07 00:00,0,0,0,Fri,Night,Collision with a fixed obstacle,The driver of the motor vehicle,No,Rain,None or none of listed,Passenger car without a trailer,Private company,Yes,150000,1842857.4441128452,6304350.579195127,49.17349075000004,16.55467008500006
1321,2020/07/06 00:00,0,0,0,Thu,Night,Collision with a parked vehicle,The driver of the motor vehicle,Not tested,Clear,Parking slot adjacent to the road,Passenger car without a trailer,"Private, not used for business activity",No,5000,1842766.0214225554,6312800.079322758,49.223089142000035,16.553848821000027
1322,2020/07/06 00:00,0,0,0,Thu,Day,Collision with a fixed obstacle,The driver of the motor vehicle,Not tested,Clear,Parking slot adjacent to the road,Passenger car without a trailer,"Private, not used for business activity",No,0,1844433.9597583376,6304711.868376881,49.17561252800004,16.56883216600005
1323,2020/07/05 00:00,0,0,1,Wed,Day,Collision with pedestrian,The driver of the motor vehicle,No,Clear,Pedestrian crossing,Passenger car without a trailer,"Private, not used for business activity",No,1000,1847508.9272545304,6304691.492664727,49.17549286800004,16.596455069000058
1324,2020/07/05 00:00,0,0,0,Wed,Day,Collision with a fixed obstacle,The driver of the motor vehicle,No,Clear,None or none of listed,Passenger car without a trailer,"Private, not used for business activity",No,90000,1853320.3879880686,6307272.699613402,49.190649163000046,16.648660309000036
1325,2020/07/05 00:00,0,0,0,Wed,Night,Collision with a parked vehicle,The driver of the motor vehicle,Not tested,Clear,Parking slot adjacent to the road,Truck,"Private, not used for business activity",No,0,1849503.8786170192,6307814.235537308,49.19382835700003,16.614376022000044
1326,2020/07/05 00:00,0,0,0,Wed,Night,Collision with wildlife animals,"Forest animals, pets",Not tested,Clear,None or none of listed,Passenger car without a trailer,"Private, not used for business activity",No,10000,1854401.0463239131,6305118.678774409,49.17800153400003,16.65836802800004
1327,2020/07/04 00:00,0,0,1,Tue,Day,Collision with a non rail vehicle,The driver of the motor vehicle,No,Clear,None or none of listed,Truck,"Private, used for business activity",No,70000,1850799.5788244815,6303173.04508264,49.16657470000006,16.626015495000043
1328,2020/07/04 00:00,0,0,0,Tue,Day,Collision with a fixed obstacle,The driver of the motor vehicle,No,Clear,Parking slot adjacent to the road,Passenger car without a trailer,Private company,No,0,1843989.4664862566,6304835.685006778,49.17633965700003,16.564839215000063
1329,2020/07/04 00:00,0,0,2,Tue,Day,Collision with a non rail vehicle,The driver of the motor vehicle,No,Clear,Parking slot adjacent to the road,Passenger car without a trailer,"Private, not used for business activity",No,70000,1850164.8213956817,6299671.40683605,49.146002704000054,16.620313372000055
1330,2020/07/04 00:00,0,0,0,Tue,Night,Collision with a fixed obstacle,The driver of the motor vehicle,No,Clear,Gas station,Truck with semi-trailer,Registered outside of the Czech Republic,No,0,1851475.5441684285,6307258.326669476,49.19056478100002,16.63208779500007
1331,2020/07/03 00:00,0,0,0,Mon,Day,Collision with a fixed obstacle,The driver of the motor vehicle,No,Clear,None or none of listed,Truck,Private company,No,10000,1848327.946381784,6308996.4277644195,49.200767941000024,16.603812443000038
1332,2020/07/03 00:00,0,0,1,Mon,Day,Collision with pedestrian,Pedestrian,No,Clear,"Exit from the car park, forest roads, etc.",Passenger car without a trailer,Private company,No,30000,1845432.3889466797,6317317.9708526945,49.24958866700007,16.577801208000036
1333,2020/07/03 00:00,0,1,0,Mon,Day,Collision with a non rail vehicle,The driver of the motor vehicle,No,Clear,None or none of listed,Truck,Private company,No,40000,1857846.5338434011,6303397.874556803,49.167895273000056,16.689319369000028