objectid,date,dead,serious.injuries,light.injuries,day.of.the.week,day/night,type.of.the.accident,cause.of.the.accident,alcohol.or.drugs,weather.conditions,place,vehicle.type,vehicle.characteristic,skid,total.damage.in.czk,x,y,lat,lng
1334,2020/07/03 00:00,0,0,0,Mon,Day,Collision with a parked vehicle,The driver of the motor vehicle,No,Clear,None or none of listed,Truck,Private company,No,40000,1851709.8732550205,6307315.212036867,49.190898748000045,16.634192809000066
1335,2020/07/03 00:00,0,0,0,Mon,Day,Crash,The driver of the motor vehicle,Not tested,Clear,"Bus, trolleybus, tram stop. islet",Passenger car without a trailer,Private company,No,20000,1847573.9686726497,6308626.067882005,49.19859399700005,16.59703934600003
1336,2020/07/02 00:00,0,0,0,Sun,Day,Collision with a non rail vehicle,The driver of the motor vehicle,No,Rain,None or none of listed,Passenger car without a trailer,Registered outside of the Czech Republic,No,30000,1851548.291789617,6302648.639256411,49.16349437900003,16.63274129800004
1337,2020/07/02 00:00,0,0,0,Sun,Night,Collision with a parked vehicle,The driver of the motor vehicle,Not tested,Clear,None or none of listed,"Not identified, the driver has fled",Not identified,No,0,1845887.0069490932,6313946.15752989,49.22981276700004,16.581885111000076
1338,2020/07/02 00:00,0,0,2,Sun,Day,Collision with a non rail vehicle,The driver of the motor vehicle,No,Clear,Pedestrian crossing,Passenger car without a trailer,"Private, not used for business activity",No,40000,1849651.0594591307,6308266.013538576,49.19648045300004,16.615698170000027
1339,2020/07/02 00:00,0,0,0,Sun,Night,Collision with a parked vehicle,The driver of the motor vehicle,Not tested,Clear,Parking slot adjacent to the road,"Not identified, the driver has fled",Not identified,No,0,1848416.7932503752,6306305.609068605,49.184971158000046,16.604610568000055
1340,2020/07/02 00:00,0,0,0,Sun,Night,Crash,The driver of the motor vehicle,Under influence of drugs,Clear,Parking slot adjacent to the road,Motorbike,"Private, not used for business activity",No,5000,1853733.728723291,6296972.181736511,49.13013902400007,16.65237341200003
1341,2020/07/01 00:00,0,0,1,Sat,Day,Crash,The driver of the motor vehicle,Under influence of alcohol,Clear,None or none of listed,Passenger car without a trailer,"Private, not used for business activity",Yes,20000,1855238.721929907,6295834.006608403,49.12344830600006,16.665892996000025
1342,2020/07/01 00:00,0,0,0,Sat,Night,Collision with a fixed obstacle,The driver of the motor vehicle,Not tested,Clear,Parking slot adjacent to the road,"Not identified, the driver has fled",Not identified,No,0,1848268.434982008,6307152.831864614,49.18994542800004,16.603277843000058
1343,2020/07/01 00:00,0,0,0,Sat,Day,Collision with a parked vehicle,The driver of the motor vehicle,Not tested,Clear,Parking slot adjacent to the road,Passenger car without a trailer,Private company,No,5000,1848989.571103649,6307450.732346907,49.19169436200007,16.609755919000065
1344,2020/07/01 00:00,0,0,0,Sat,Day,Collision with a parked vehicle,The driver of the motor vehicle,No,Clear,"Exit from the car park, forest roads, etc.",Passenger car without a trailer,Private company,No,150000,1858463.184155153,6311035.522405215,49.212735338000066,16.69485883300007
1345,2020/07/01 00:00,0,0,1,Sat,Night,Collision with a non rail vehicle,The driver of the motor vehicle,No,Clear,Near the pedestrian crossing,Passenger car without a trailer,"Private, not used for business activity",No,10000,1852699.2334670848,6309199.869722749,49.20196206700006,16.64308038300004
1346,2020/07/01 00:00,0,0,0,Sat,Night,Collision with a fixed obstacle,The driver of the motor vehicle,Not tested,Clear,"Exit from the car park, forest roads, etc.",Passenger car without a trailer,"Private, not used for business activity",No,15000,1848953.8907578166,6311994.510425699,49.218362614000064,16.609435397000023
1347,2020/07/01 00:00,0,0,0,Sat,Night,Collision with wildlife animals,"Forest animals, pets",Not tested,Clear,"Exit from the car park, forest roads, etc.",Passenger car without a trailer,"Private, not used for business activity",No,25000,1837563.069649806,6306653.292457555,49.18701256000002,16.507109910000054
1348,2020/06/30 00:00,0,0,0,Fri,Day,Collision with a non rail vehicle,The driver of the motor vehicle,No,Clear,"Bridge, overpass, underpass, tunnel",Passenger car without a trailer,Private company,No,90000,1858146.414636666,6306133.7440794,49.18396203200007,16.692013244000066
1349,2020/06/30 00:00,0,0,0,Fri,Night,Collision with a parked vehicle,The driver of the motor vehicle,Not tested,Clear,None or none of listed,"Not identified, the driver has fled",Not identified,No,0,1849994.5169349823,6309324.5164375,49.20269368100003,16.618783501000053
1350,2020/06/30 00:00,0,0,0,Fri,Day,Collision with a fixed obstacle,Other,Not tested,Clear,"Exit from the car park, forest roads, etc.",Passenger car without a trailer,"Private, not used for business activity",No,75000,1844260.0836117773,6304839.422373822,49.176361605000075,16.56727021000006
1351,2020/06/30 00:00,0,0,0,Fri,Day,Collision with a parked vehicle,The driver of the motor vehicle,No,Clear,Near the pedestrian crossing,Passenger car without a trailer,Private company,No,3000,1847913.3017613667,6309520.872990114,49.20384617400002,16.60008762700005
1352,2020/06/30 00:00,0,0,0,Fri,Night,Collision with a parked vehicle,The driver of the motor vehicle,Not tested,Clear,None or none of listed,"Not identified, the driver has fled",Not identified,No,0,1852287.9219748573,6306438.32014489,49.18575037300006,16.639385509000018
1353,2020/06/30 00:00,0,0,0,Fri,Day,Collision with a non rail vehicle,The driver of the motor vehicle,No,Clear,"Exit from the car park, forest roads, etc.",Passenger car without a trailer,Registered outside of the Czech Republic,No,5000,1849097.7243341608,6309162.858412766,49.20174482700002,16.61072747600002
1354,2020/06/30 00:00,0,0,0,Fri,Night,Collision with a parked vehicle,The driver of the motor vehicle,Not tested,Clear,"Exit from the car park, forest roads, etc.","Not identified, the driver has fled",Not identified,No,0,1848325.9877153463,6310241.107398019,49.20807328000006,16.60379484800006
1355,2020/06/30 00:00,0,0,1,Fri,Day,Collision with a non rail vehicle,The driver of the motor vehicle,No,Clear,None or none of listed,Passenger car without a trailer,"Private, not used for business activity",No,20000,1853369.7228939587,6303377.94519007,49.167778216000045,16.64910349200005
1356,2020/06/30 00:00,0,0,0,Fri,Day,Other collisions,Road defect,Not tested,Clear,None or none of listed,Passenger car without a trailer,Private company,No,12000,1844774.6716502653,6309891.58384346,49.20602194700007,16.57189283300005
1357,2020/06/30 00:00,0,0,0,Fri,Night,Collision with a parked vehicle,The driver of the motor vehicle,Not tested,Clear,Parking slot adjacent to the road,"Not identified, the driver has fled",Not identified,No,0,1848767.1024408846,6309034.234811931,49.200989856000035,16.607757449000076
1358,2020/06/30 00:00,0,0,0,Fri,Night,Collision with a parked vehicle,The driver of the motor vehicle,Not tested,Clear,None or none of listed,"Not identified, the driver has fled",Not identified,No,0,1845982.9691368933,6314096.342683443,49.230693781000056,16.58274715400006
1359,2020/06/30 00:00,0,0,0,Fri,Night,Crash,The driver of the motor vehicle,Not tested,Clear,None or none of listed,Truck,Not identified,No,5000,1851078.8987964746,6300673.330958912,49.15188984400004,16.628524669000058
1360,2020/06/29 00:00,0,1,0,Thu,Day,Collision with a non rail vehicle,The driver of the motor vehicle,No,Clear,None or none of listed,Passenger car without a trailer,"Private, not used for business activity",No,10000,1847421.4971490998,6312708.719040761,49.22255312500005,16.595669671000053
1361,2020/06/29 00:00,0,0,0,Thu,Day,Collision with a non rail vehicle,The driver of the motor vehicle,No,Clear,"Bridge, overpass, underpass, tunnel",Truck with semi-trailer,Registered outside of the Czech Republic,No,20000,1844471.2593574815,6308015.434612013,49.19500948400008,16.569167234000076
1362,2020/06/29 00:00,0,0,0,Thu,Night,Collision with a parked vehicle,The driver of the motor vehicle,Not tested,Clear,"Bus, trolleybus, tram stop. islet","Not identified, the driver has fled",Not identified,No,0,1849425.9583130518,6307872.158305758,49.194168392000044,16.613676052000073
1363,2020/06/29 00:00,0,0,0,Thu,Night,Collision with a parked vehicle,The driver of the motor vehicle,Not tested,Clear,Parking slot adjacent to the road,"Not identified, the driver has fled",Not identified,No,0,1848065.348601064,6309105.307886494,49.20140702900005,16.60145348700007
1364,2020/06/29 00:00,0,0,0,Thu,Day,Collision with a parked vehicle,The driver of the motor vehicle,Not tested,Clear,None or none of listed,Passenger car without a trailer,"Private, not used for business activity",No,20000,1848403.157058029,6307859.930160989,49.194096607000056,16.604488072000034
1365,2020/06/29 00:00,0,0,0,Thu,Day,Collision with a parked vehicle,The driver of the motor vehicle,Not tested,Clear,Parking slot adjacent to the road,Passenger car without a trailer,"Private, not used for business activity",No,0,1851205.9312560323,6313481.434008488,49.22708651300007,16.629665821000057
1366,2020/06/29 00:00,0,0,0,Thu,Day,Collision with a parked vehicle,The driver of the motor vehicle,Not tested,Clear,Parking slot adjacent to the road,Bus,Private company,No,0,1843845.5260431988,6304695.882650823,49.17551864900001,16.563546176000045
1367,2020/06/29 00:00,0,0,0,Thu,Day,Collision with a fixed obstacle,The driver of the motor vehicle,No,Clear,Pedestrian crossing,Passenger car without a trailer,"Private, not used for business activity",No,50000,1853349.8199708806,6307140.385038787,49.18987235300005,16.648924701000055
1368,2020/06/29 00:00,0,0,0,Thu,Day,Collision with a non rail vehicle,The driver of the motor vehicle,No,Clear,Gas station,Passenger car without a trailer,Private company,No,0,1851240.0649288527,6303097.6044314355,49.16613157900009,16.629972449000036
1369,2020/06/29 00:00,0,0,0,Thu,Night,Collision with a fixed obstacle,The driver of the motor vehicle,No,Clear,None or none of listed,Passenger car without a trailer,"Private, not used for business activity",No,30000,1850436.5218824893,6305027.031882576,49.17746334500003,16.622754099000076
1370,2020/06/28 00:00,0,0,0,Wed,Day,Collision with a non rail vehicle,The driver of the motor vehicle,Not tested,Clear,None or none of listed,"Not identified, the driver has fled",Not identified,No,0,1854173.0145809185,6300635.432556242,49.15166717200004,16.656319584000073
1371,2020/06/28 00:00,0,0,1,Wed,Day,Collision with pedestrian,The driver of the motor vehicle,No,Clear,Pedestrian crossing,Truck,Private company,No,10000,1849216.8679153672,6310035.7464338355,49.20686803900003,16.611797761000048
1372,2020/06/28 00:00,0,0,0,Wed,Day,Collision with a non rail vehicle,The driver of the motor vehicle,No,Clear,Gas station,Passenger car without a trailer,"Private, not used for business activity",No,15000,1851518.3468465928,6302619.01677168,49.163320373000026,16.632472298000035
1373,2020/06/28 00:00,0,0,2,Wed,Day,Collision with a non rail vehicle,The driver of the motor vehicle,No,Clear,None or none of listed,Truck,Private company,No,50000,1857388.0319039612,6304000.4723799955,49.17143455700004,16.685200576000057
1374,2020/06/28 00:00,0,0,0,Wed,Day,Collision with a non rail vehicle,The driver of the motor vehicle,Not tested,Clear,"Exit from the car park, forest roads, etc.","Not identified, the driver has fled",Not identified,No,0,1847816.5451976778,6302794.3364922255,49.164350213000034,16.599218448000045
1375,2020/06/28 00:00,0,0,0,Wed,Night,Collision with a parked vehicle,The driver of the motor vehicle,Not tested,Clear,Parking slot adjacent to the road,"Not identified, the driver has fled",Not identified,No,0,1844751.31158908,6304207.815374142,49.172652302000074,16.57168298600004
1376,2020/06/28 00:00,0,0,0,Wed,Night,Collision with a parked vehicle,The driver of the motor vehicle,Not tested,Clear,Pedestrian crossing,"Not identified, the driver has fled",Not identified,No,0,1845345.163557792,6311896.124223942,49.21778532000007,16.577017649000027
1377,2020/06/28 00:00,0,0,0,Wed,Day,Collision with a non rail vehicle,The driver of the motor vehicle,Not tested,Clear,"Bridge, overpass, underpass, tunnel","Not identified, the driver has fled",Not identified,No,0,1853327.337329919,6307217.718321304,49.19032637300005,16.648722736000025
1378,2020/06/28 00:00,0,0,0,Wed,Day,Collision with a non rail vehicle,The driver of the motor vehicle,No,Clear,Pedestrian crossing,Truck,Registered outside of the Czech Republic,No,2000,1847294.9313408479,6306637.610645134,49.18692048700006,16.594532711000056
1379,2020/06/28 00:00,0,0,0,Wed,Night,Collision with a parked vehicle,The driver of the motor vehicle,Not tested,Clear,Parking slot adjacent to the road,Truck,Private company,No,5000,1847673.2909279626,6306235.803726222,49.18456129000002,16.59793157300004
1380,2020/06/28 00:00,0,0,0,Wed,Day,Collision with a parked vehicle,The driver of the motor vehicle,Not tested,Clear,None or none of listed,Truck,Registered outside of the Czech Republic,No,0,1848571.876551818,6306749.811195544,49.18757924900007,16.606003705000035
1381,2020/06/28 00:00,0,0,0,Wed,Day,Collision with a parked vehicle,The driver of the motor vehicle,Not tested,Clear,Parking slot adjacent to the road,Passenger car without a trailer,"Private, not used for business activity",No,10000,1847183.3158515291,6310797.864390943,49.21134067800005,16.59353005200006
1382,2020/06/27 00:00,0,0,1,Tue,Day,Collision with a non rail vehicle,The driver of the motor vehicle,No,Clear,None or none of listed,Passenger car without a trailer,"Private, not used for business activity",No,80000,1838603.9804709048,6308997.48165391,49.200774127000045,16.51646057100004
1383,2020/06/27 00:00,0,0,0,Tue,Day,Crash,The driver of the motor vehicle,Not tested,Clear,None or none of listed,"Not identified, the driver has fled",Not identified,No,0,1840341.5166428837,6313523.2512808675,49.22733183600007,16.53206912400003
1384,2020/06/27 00:00,0,0,1,Tue,Day,Collision with a non rail vehicle,The driver of the motor vehicle,No,Clear,Pedestrian crossing,Truck,Private company,No,2000,1848170.3284468555,6306184.179706959,49.184258173000046,16.60239653700006
1385,2020/06/27 00:00,0,0,0,Tue,Day,Collision with a parked vehicle,The driver of the motor vehicle,Not tested,Clear,Parking slot adjacent to the road,Truck,Private company,No,0,1848571.4582131726,6307481.410187635,49.19187446400007,16.605999947000043
1386,2020/06/27 00:00,0,0,0,Tue,Day,Other collisions,Other,Not tested,Clear,None or none of listed,"Not identified, the driver has fled",Not identified,No,0,1856539.5647638878,6298005.028164075,49.13620979000006,16.677578666000045
1387,2020/06/27 00:00,0,0,0,Tue,Day,Crash,The driver of the motor vehicle,No,Clear,None or none of listed,Truck,Private company,No,10000,1842205.4175801207,6312795.667045114,49.223063255000056,16.548812831000077
1388,2020/06/27 00:00,0,0,1,Tue,Day,Collision with pedestrian,The driver of the motor vehicle,No,Clear,Pedestrian crossing,Passenger car without a trailer,"Private, not used for business activity",No,20000,1847916.3391136716,6310016.746332154,49.20675652800002,16.600114912000038
1389,2020/06/27 00:00,0,0,1,Tue,Day,Collision with a non rail vehicle,The driver of the motor vehicle,No,Clear,None or none of listed,Passenger car without a trailer,"Private, not used for business activity",No,100000,1838875.8699782083,6313024.876737981,49.22440801900006,16.51890299600006
1390,2020/06/27 00:00,0,0,1,Tue,Night,Crash,Driver of a non-motorized vehicle,Under influence of alcohol,Clear,None or none of listed,Bicycle,"Private, not used for business activity",No,5000,1838773.4060642235,6308529.619473438,49.19802784700004,16.517982547000027
1391,2020/06/26 00:00,0,0,0,Mon,Night,Collision with a non rail vehicle,The driver of the motor vehicle,No,Clear,Near the pedestrian crossing,Passenger car without a trailer,"Private, not used for business activity",No,110000,1850038.9664736975,6306693.288509557,49.187247389000035,16.619182798000054
1392,2020/06/26 00:00,0,0,0,Mon,Day,Collision with a non rail vehicle,The driver of the motor vehicle,No,Clear,"Bridge, overpass, underpass, tunnel",Truck with semi-trailer,Registered outside of the Czech Republic,No,20000,1844525.6714340253,6307374.070086174,49.19124429400006,16.569656026000075
1393,2020/06/26 00:00,0,0,0,Mon,Day,Collision with a non rail vehicle,The driver of the motor vehicle,No,Clear,None or none of listed,Truck,"Private, not used for business activity",No,150000,1847611.9348529044,6302639.927811587,49.16344320700005,16.597380402000056
1394,2020/06/26 00:00,0,0,0,Mon,Night,Collision with a parked vehicle,The driver of the motor vehicle,Not tested,Clear,None or none of listed,"Not identified, the driver has fled",Not identified,No,0,1849911.966630747,6307587.827740968,49.19249921000005,16.61804193900002
1395,2020/06/26 00:00,0,0,1,Mon,Day,Collision with a non rail vehicle,The driver of the motor vehicle,No,Clear,None or none of listed,Passenger car without a trailer,Private company,No,20000,1852685.0839805722,6311918.873504511,49.21791880500007,16.64295327600007
1396,2020/06/26 00:00,0,0,1,Mon,Day,Crash,Driver of a non-motorized vehicle,No,Clear,None or none of listed,Bicycle,"Private, not used for business activity",No,1000,1845224.7982451792,6311135.514384446,49.21332211400005,16.57593638900005
1397,2020/06/26 00:00,0,0,0,Mon,Night,Collision with a parked vehicle,The driver of the motor vehicle,Not tested,Clear,Parking slot adjacent to the road,Truck,Private company,No,1000,1847531.3589111601,6306265.786190012,49.18473733500007,16.596656576000044
1398,2020/06/26 00:00,0,0,0,Mon,Night,Collision with a fixed obstacle,The driver of the motor vehicle,Not tested,Clear,Parking slot adjacent to the road,"Not identified, the driver has fled",Not identified,No,0,1856581.5295402473,6304119.354229326,49.172132765000065,16.67795564200003
1399,2020/06/25 00:00,0,0,1,Sun,Day,Crash,Driver of a non-motorized vehicle,No,Clear,None or none of listed,Bicycle,"Private, not used for business activity",No,15000,1839813.312672198,6315259.831816466,49.23751849200005,16.527324187000033
1400,2020/06/25 00:00,0,0,0,Sun,Night,Collision with a parked vehicle,The driver of the motor vehicle,Not tested,Clear,None or none of listed,"Not identified, the driver has fled",Not identified,No,0,1845927.5486170785,6311449.586273754,49.21516511500005,16.582249303000026
1401,2020/06/25 00:00,0,0,0,Sun,Day,Collision with a non rail vehicle,The driver of the motor vehicle,No,Clear,None or none of listed,Passenger car without a trailer,"Private, not used for business activity",No,50000,1850501.304816751,6304865.931197277,49.176517280000034,16.623336054000045
1402,2020/06/25 00:00,0,0,0,Sun,Day,Collision with a parked vehicle,The driver of the motor vehicle,Not tested,Clear,Parking slot adjacent to the road,Passenger car without a trailer,"Private, not used for business activity",No,0,1847550.9305474376,6308772.586737055,49.19945404700007,16.596832391000078
1403,2020/06/24 00:00,0,0,0,Sat,Day,Collision with a fixed obstacle,The driver of the motor vehicle,No,Clear,None or none of listed,Passenger car without a trailer,Registered outside of the Czech Republic,No,80000,1847904.7943919222,6302038.964546125,49.15991295400005,16.60001120400005
1404,2020/06/24 00:00,0,0,1,Sat,Night,Collision with a non rail vehicle,The driver of the motor vehicle,No,Clear,Near the pedestrian crossing,Passenger car without a trailer,Private company,No,90000,1848993.182753208,6308804.393786356,49.19964074900002,16.609788363000064
1405,2020/06/24 00:00,0,0,1,Sat,Day,Collision with a fixed obstacle,The driver of the motor vehicle,No,Clear,None or none of listed,Passenger car without a trailer,Private company,Yes,10000,1851263.704958558,6310384.991410059,49.208917702000065,16.63018481100005
1406,2020/06/24 00:00,0,0,0,Sat,Day,Collision with a fixed obstacle,The driver of the motor vehicle,No,Clear,None or none of listed,Truck,"Private, not used for business activity",No,0,1848907.5628140154,6308378.138671463,49.19713864500004,16.60901922600004
1407,2020/06/24 00:00,0,0,1,Sat,Day,Collision with a non rail vehicle,Driver of a non-motorized vehicle,No,Clear,None or none of listed,Bicycle,"Private, not used for business activity",No,5000,1848379.6688681105,6307877.477643705,49.19419961900007,16.604277074000038
1408,2020/06/24 00:00,0,0,0,Sat,Day,Collision with a fixed obstacle,The driver of the motor vehicle,No,Clear,None or none of listed,Passenger car without a trailer,Private company,No,80000,1846159.3717906135,6316120.482624511,49.242566229000026,16.584331806000023
1409,2020/06/24 00:00,0,0,0,Sat,Day,Collision with a fixed obstacle,The driver of the motor vehicle,Not tested,Clear,None or none of listed,Passenger car without a trailer,"Private, not used for business activity",No,10000,1842697.8885508552,6312654.517650151,49.22223511900005,16.553236773000034
1410,2020/06/24 00:00,0,0,0,Sat,Day,Collision with a non rail vehicle,The driver of the motor vehicle,Under influence of alcohol,Clear,None or none of listed,Passenger car without a trailer,"Private, not used for business activity",No,30000,1855131.0865576635,6299220.751688351,49.14335450100004,16.66492609100004
1411,2020/06/24 00:00,0,0,0,Sat,Day,Collision with a non rail vehicle,The driver of the motor vehicle,No,Clear,Pedestrian crossing,Passenger car without a trailer,Registered outside of the Czech Republic,No,20000,1849502.962791572,6307074.602741179,49.18948614500004,16.614367795000078
1412,2020/06/24 00:00,0,0,0,Sat,Day,Collision with a parked vehicle,The driver of the motor vehicle,Not tested,Clear,Parking slot adjacent to the road,Truck,"Private, not used for business activity",No,0,1849603.4770559913,6306905.457140528,49.188493077000025,16.615270730000077
1413,2020/06/24 00:00,0,0,0,Sat,Night,Collision with a parked vehicle,The driver of the motor vehicle,Not tested,Clear,"Bridge, overpass, underpass, tunnel","Not identified, the driver has fled",Not identified,No,0,1852029.0663101396,6308451.792894728,49.19757100200006,16.63706016900005
1414,2020/06/24 00:00,0,0,0,Sat,Night,Collision with a parked vehicle,The driver of the motor vehicle,Not tested,Clear,Parking slot adjacent to the road,"Not identified, the driver has fled",Not identified,No,0,1854388.985970281,6310251.79388208,49.20813599700005,16.65825968800004
1415,2020/06/24 00:00,0,0,0,Sat,Night,Other collisions,The driver of the motor vehicle,Not tested,Clear,None or none of listed,Passenger car without a trailer,"Private, not used for business activity",No,0,1855561.578064197,6305950.578232781,49.18288652900002,16.668793262000065
1416,2020/06/23 00:00,0,0,0,Fri,Day,Collision with a non rail vehicle,The driver of the motor vehicle,No,Clear,None or none of listed,Truck,"Private, used for business activity",No,150000,1843651.3016955983,6302388.790390413,49.16196797500004,16.56180142900007
1417,2020/06/23 00:00,0,0,0,Fri,Night,Collision with a fixed obstacle,The driver of the motor vehicle,No,Clear,"Bridge, overpass, underpass, tunnel",Passenger car without a trailer,"Private, not used for business activity",No,40000,1851463.3909743358,6300544.810124586,49.15113471600005,16.63197862100003
1418,2020/06/23 00:00,0,0,0,Fri,Day,Collision with a non rail vehicle,The driver of the motor vehicle,No,Clear,None or none of listed,Passenger car without a trailer,"Private, not used for business activity",No,20000,1845227.2754378077,6306266.209925436,49.18473982300002,16.575958642000046
1419,2020/06/23 00:00,0,0,0,Fri,Day,Collision with a fixed obstacle,The driver of the motor vehicle,No,Clear,Pedestrian crossing,Passenger car without a trailer,"Private, not used for business activity",No,20000,1838816.9910957722,6313271.021906626,49.22585210200003,16.51837407800002
1420,2020/06/23 00:00,0,0,0,Fri,Night,Collision with a parked vehicle,The driver of the motor vehicle,Not tested,Clear,Parking slot adjacent to the road,"Not identified, the driver has fled",Not identified,No,0,1843075.4707939667,6312282.081413937,49.220049936000066,16.55662865200003
1421,2020/06/23 00:00,0,0,1,Fri,Day,Collision with a non rail vehicle,The driver of the motor vehicle,No,Clear,None or none of listed,Truck,"Private, used for business activity",No,10000,1852052.7294942949,6313122.222231028,49.224979130000065,16.637272739000025
1422,2020/06/23 00:00,0,0,0,Fri,Night,Collision with a parked vehicle,The driver of the motor vehicle,Not tested,Clear,Pedestrian crossing,"Not identified, the driver has fled",Not identified,No,0,1849213.2450225384,6308380.1727028005,49.19715058500002,16.611765216000038
1423,2020/06/23 00:00,0,0,0,Fri,Night,Collision with a parked vehicle,The driver of the motor vehicle,Not tested,Clear,Parking slot adjacent to the road,"Not identified, the driver has fled",Not identified,No,0,1843771.5917562337,6304210.91650376,49.17267051500004,16.562882013000035
1424,2020/06/23 00:00,0,1,0,Fri,Night,Crash,Driver of a non-motorized vehicle,Under influence of alcohol,Clear,None or none of listed,Bicycle,"Private, not used for business activity",No,1000,1855706.4973395318,6311646.2445867965,49.21631908800003,16.670095094000036
1425,2020/06/23 00:00,0,0,0,Fri,Night,Collision with a parked vehicle,The driver of the motor vehicle,No,Clear,Parking slot adjacent to the road,Truck,"Private, not used for business activity",No,1000,1849109.0878277847,6309430.866120636,49.20331789200003,16.610829556000056
1426,2020/06/23 00:00,0,0,0,Fri,Night,Collision with wildlife animals,"Forest animals, pets",Not tested,Clear,None or none of listed,Truck,"Private, not used for business activity",No,20000,1856011.9567977549,6296145.117350777,49.125277248000025,16.67283908300004
1427,2020/06/23 00:00,0,0,0,Fri,Night,Collision with a parked vehicle,The driver of the motor vehicle,No,Clear,None or none of listed,Truck,Private company,No,10000,1849467.3662693158,6307804.868382995,49.19377336700006,16.614048026000034
1428,2020/06/23 00:00,0,0,0,Fri,Night,Collision with a parked vehicle,The driver of the motor vehicle,Not tested,Clear,None or none of listed,"Not identified, the driver has fled",Not identified,No,0,1850349.4213940657,6309957.939337219,49.20641139000002,16.62197166200002
1429,2020/06/23 00:00,0,0,0,Fri,Night,Collision with a non rail vehicle,The driver of the motor vehicle,Not tested,Clear,None or none of listed,"Not identified, the driver has fled",Not identified,No,0,1848385.3417093628,6313930.722950361,49.22972222400006,16.604328034000048
1430,2020/06/22 00:00,0,0,1,Thu,Night,Collision with a fixed obstacle,Driver of a non-motorized vehicle,No,Clear,Near the pedestrian crossing,Bicycle,"Private, not used for business activity",No,2000,1853409.1872119156,6308092.112417878,49.19545960900006,16.64945800600003
1431,2020/06/22 00:00,0,0,0,Thu,Night,Collision with a parked vehicle,The driver of the motor vehicle,Not tested,Clear,Parking slot adjacent to the road,Passenger car without a trailer,"Private, not used for business activity",No,1000,1850693.1359066234,6311831.853769395,49.21740820100006,16.625059302000064
1432,2020/06/22 00:00,0,0,0,Thu,Day,Collision with a parked vehicle,The driver of the motor vehicle,No,Clear,None or none of listed,Truck,Private company,No,10000,1846552.01834382,6310603.79175564,49.210201763000036,16.58785901000004
1433,2020/06/22 00:00,0,0,0,Thu,Night,Collision with a parked vehicle,The driver of the motor vehicle,Not tested,Clear,Parking slot adjacent to the road,"Not identified, the driver has fled",Not identified,No,0,1845554.4184856839,6308672.993502727,49.19886944700004,16.578897418000054
1434,2020/06/22 00:00,0,0,0,Thu,Night,Collision with a parked vehicle,The driver of the motor vehicle,Not tested,Clear,Parking slot adjacent to the road,"Not identified, the driver has fled",Not identified,No,0,1856582.2733770902,6309348.642381683,49.20283528700002,16.677962324000077
1435,2020/06/22 00:00,0,0,0,Thu,Day,Collision with a fixed obstacle,The driver of the motor vehicle,No,Clear,Parking slot adjacent to the road,Passenger car without a trailer,Ministry of Interior,No,1000,1847552.1450430774,6305389.361778447,49.17959106400007,16.596843301000032
1436,2020/06/22 00:00,0,0,0,Thu,Day,Collision with a non rail vehicle,The driver of the motor vehicle,No,Clear,None or none of listed,Passenger car without a trailer,Registered outside of the Czech Republic,No,30000,1852411.0657106442,6297861.057570654,49.135363618000035,16.640491728000026
1437,2020/06/22 00:00,0,0,1,Thu,Day,Collision with a non rail vehicle,The driver of the motor vehicle,Not tested,Clear,Pedestrian crossing,"Not identified, the driver has fled",Not identified,No,0,1849638.7348330317,6309134.896274865,49.20158070100007,16.615587456000068
1438,2020/06/22 00:00,0,0,0,Thu,Day,Collision with a parked vehicle,The driver of the motor vehicle,Not tested,Clear,Parking slot adjacent to the road,Passenger car without a trailer,"Private, used for business activity",No,0,1845337.6398073689,6316857.864418794,49.24689058000006,16.576950062000034
1439,2020/06/22 00:00,0,0,0,Thu,Night,Collision with a parked vehicle,The driver of the motor vehicle,Not tested,Clear,Parking slot adjacent to the road,"Not identified, the driver has fled",Not identified,No,0,1851121.128401905,6311028.119880415,49.212691898000045,16.628904024000065
1440,2020/06/22 00:00,0,0,1,Thu,Day,Collision with a non rail vehicle,The driver of the motor vehicle,Not tested,Clear,None or none of listed,Motorbike,"Private, not used for business activity",No,30000,1852359.6339908277,6307059.170015455,49.18939553900002,16.640029709000032
1441,2020/06/21 00:00,0,0,0,Wed,Day,Collision with a non rail vehicle,The driver of the motor vehicle,No,Clear,None or none of listed,Passenger car without a trailer,Registered outside of the Czech Republic,No,50000,1846758.4985220805,6313213.799893238,49.22551639600003,16.589713853000035
1442,2020/06/21 00:00,0,0,0,Wed,Day,Collision with a parked vehicle,The driver of the motor vehicle,No,Clear,None or none of listed,Passenger car without a trailer,Private company,No,50000,1854138.1673501593,6309800.765567805,49.20548892600003,16.65600654600007
1443,2020/06/21 00:00,0,0,0,Wed,Day,Collision with a non rail vehicle,The driver of the motor vehicle,No,Clear,Near the pedestrian crossing,Passenger car without a trailer,"Private, not used for business activity",No,10000,1839361.0242527723,6313702.789741019,49.22838509300004,16.52326121100003
1444,2020/06/21 00:00,0,0,0,Wed,Night,Collision with a parked vehicle,The driver of the motor vehicle,Not tested,Clear,Parking slot adjacent to the road,"Not identified, the driver has fled",Not identified,No,0,1847598.769987284,6304928.193671944,49.17688291900003,16.59726214000005