objectid,date,dead,serious.injuries,light.injuries,day.of.the.week,day/night,type.of.the.accident,cause.of.the.accident,alcohol.or.drugs,weather.conditions,place,vehicle.type,vehicle.characteristic,skid,total.damage.in.czk,x,y,lat,lng
1556,2020/06/10 00:00,0,0,0,Sat,Night,Collision with a parked vehicle,The driver of the motor vehicle,Not tested,Clear,None or none of listed,"Not identified, the driver has fled",Not identified,No,0,1852264.3239126059,6306473.236867177,49.18595538500005,16.639173524000057
1557,2020/06/09 00:00,0,0,0,Fri,Night,Collision with wildlife animals,"Forest animals, pets",Not tested,Clear,None or none of listed,Passenger car without a trailer,"Private, not used for business activity",No,70000,1851366.9699275938,6300033.531295748,49.148130568000056,16.631112456000036
1558,2020/06/09 00:00,0,0,0,Fri,Night,Collision with a fixed obstacle,The driver of the motor vehicle,Not tested,Clear,Parking slot adjacent to the road,"Not identified, the driver has fled",Not identified,No,0,1842748.2307868141,6303671.498185714,49.16950239900006,16.553689005000024
1559,2020/06/09 00:00,0,0,0,Fri,Day,Collision with a fixed obstacle,The driver of the motor vehicle,No,Clear,None or none of listed,Passenger car without a trailer,"Private, not used for business activity",No,40000,1855051.9321658183,6299041.217058504,49.14229945500005,16.664215035000044
1560,2020/06/09 00:00,0,0,0,Fri,Day,Collision with a non rail vehicle,The driver of the motor vehicle,No,Clear,Parking slot adjacent to the road,Passenger car without a trailer,"Private, not used for business activity",No,1000,1855425.7657250774,6305883.479405615,49.18249253600003,16.66757323900003
1561,2020/06/09 00:00,0,1,0,Fri,Day,Collision with a non rail vehicle,The driver of the motor vehicle,No,Clear,None or none of listed,Truck,"Private, not used for business activity",No,50000,1853933.2198186452,6306476.923695354,49.18597703200003,16.654165471000056
1562,2020/06/08 00:00,0,0,0,Thu,Day,Collision with a non rail vehicle,The driver of the motor vehicle,No,Clear,"Bridge, overpass, underpass, tunnel",Truck with semi-trailer,Private company,No,50000,1850229.467852248,6301935.889416869,49.15930743200005,16.620894101000033
1563,2020/06/08 00:00,0,0,1,Thu,Day,Collision with a non rail vehicle,The driver of the motor vehicle,No,Clear,None or none of listed,Passenger car without a trailer,"Private, not used for business activity",No,120000,1851366.9699275938,6300033.531295748,49.148130568000056,16.631112456000036
1564,2020/06/08 00:00,0,0,0,Thu,Day,Collision with a non rail vehicle,The driver of the motor vehicle,Not tested,Clear,None or none of listed,Truck,Private company,No,0,1851137.1663122592,6301980.967459392,49.15957224700003,16.629048095000027
1565,2020/06/08 00:00,0,0,0,Thu,Night,Collision with a parked vehicle,The driver of the motor vehicle,Under influence of alcohol,Clear,Parking slot adjacent to the road,Passenger car without a trailer,"Private, not used for business activity",No,30000,1837176.3451821941,6315656.841989595,49.239847030000085,16.503635905000067
1566,2020/06/08 00:00,0,0,0,Thu,Day,Collision with a non rail vehicle,The driver of the motor vehicle,No,Clear,None or none of listed,Truck,Registered outside of the Czech Republic,No,50000,1849750.7510725125,6306861.506526781,49.18823503600003,16.616593715000022
1567,2020/06/08 00:00,0,0,0,Thu,Day,Collision with a fixed obstacle,The driver of the motor vehicle,No,Clear,"Exit from the car park, forest roads, etc.",Truck,Private company,No,0,1850227.9281923722,6305537.600734569,49.180461545000064,16.620880270000043
1568,2020/06/08 00:00,0,0,0,Thu,Day,Crash,The driver of the motor vehicle,No,Clear,"Bus stop, trolleybus, tramway without boarding. islet",Truck,Private company,No,10000,1852225.8437702619,6307500.185520032,49.19198468900004,16.63882785100003
1569,2020/06/08 00:00,0,0,0,Thu,Day,Collision with a fixed obstacle,The driver of the motor vehicle,Not tested,Clear,None or none of listed,Truck,Private company,No,0,1844115.1339462139,6304511.622012655,49.174436533000055,16.565968105000024
1570,2020/06/08 00:00,0,0,1,Thu,Day,Collision with pedestrian,Pedestrian,No,Clear,Parking slot adjacent to the road,Passenger car without a trailer,"Private, not used for business activity",No,3000,1849719.681802632,6309636.788054246,49.20452651200003,16.61631461500002
1571,2020/06/08 00:00,0,0,0,Thu,Day,Collision with a non rail vehicle,The driver of the motor vehicle,No,Clear,None or none of listed,Passenger car without a trailer,"Private, not used for business activity",No,120000,1855323.9344397632,6306607.683574564,49.18674477500007,16.66665847300004
1572,2020/06/08 00:00,0,0,0,Thu,Night,Collision with a parked vehicle,The driver of the motor vehicle,Not tested,Clear,Parking slot adjacent to the road,"Not identified, the driver has fled",Not identified,No,0,1850784.2454551815,6303987.089320901,49.17135595600007,16.625877753000054
1573,2020/06/08 00:00,0,0,0,Thu,Night,Collision with a parked vehicle,The driver of the motor vehicle,Not tested,Clear,"Bus, trolleybus, tram stop. islet",Passenger car without a trailer,"Private, not used for business activity",No,5000,1837602.7853271726,6311916.011541599,49.217902012000074,16.50746668200003
1574,2020/06/07 00:00,0,0,0,Wed,Night,Collision with a parked vehicle,The driver of the motor vehicle,Not tested,Clear,Parking slot adjacent to the road,"Not identified, the driver has fled",Not identified,No,0,1843868.795490315,6304803.163785221,49.17614867300005,16.563755209000018
1575,2020/06/07 00:00,0,0,0,Wed,Day,Collision with a parked vehicle,The driver of the motor vehicle,No,Clear,None or none of listed,Passenger car without a trailer,"Private, not used for business activity",No,30000,1848331.341626257,6307467.279957113,49.19179150900003,16.60384294300007
1576,2020/06/07 00:00,0,0,0,Wed,Night,Collision with a parked vehicle,The driver of the motor vehicle,Not tested,Clear,None or none of listed,"Not identified, the driver has fled",Not identified,No,0,1846978.878942517,6312366.820948052,49.220547134000064,16.591693564000025
1577,2020/06/07 00:00,0,0,0,Wed,Day,Collision with a non rail vehicle,The driver of the motor vehicle,Not tested,Clear,None or none of listed,"Not identified, the driver has fled",Not identified,No,0,1852655.7335949447,6309884.141772186,49.20597826900006,16.64268961700003
1578,2020/06/07 00:00,0,0,0,Wed,Night,Collision with a parked vehicle,The driver of the motor vehicle,Not tested,Clear,None or none of listed,Passenger car without a trailer,"Private, not used for business activity",No,0,1848454.6645864206,6310017.371824681,49.20676019900002,16.60495077200005
1579,2020/06/07 00:00,0,0,0,Wed,Day,Collision with a fixed obstacle,The driver of the motor vehicle,No,Clear,Parking slot adjacent to the road,Passenger car without a trailer,"Private, not used for business activity",No,1000,1837796.878985693,6313704.0393985845,49.22839242400004,16.509210255000024
1580,2020/06/07 00:00,0,0,0,Wed,Night,Collision with a parked vehicle,The driver of the motor vehicle,Not tested,Clear,None or none of listed,"Not identified, the driver has fled",Not identified,No,0,1849902.752493857,6314444.322696089,49.232735036000065,16.617959167000038
1581,2020/06/07 00:00,0,0,0,Wed,Day,Collision with a non rail vehicle,The driver of the motor vehicle,Not tested,Clear,None or none of listed,Passenger car without a trailer,"Private, used for business activity",No,0,1847993.9463872379,6301629.385034968,49.15750680700005,16.60081207000007
1582,2020/06/07 00:00,0,0,0,Wed,Day,Collision with a non rail vehicle,The driver of the motor vehicle,No,Clear,None or none of listed,Bus,Private company,No,1000,1839196.2749686271,6312652.675525535,49.22222431100005,16.521781243000078
1583,2020/06/06 00:00,0,0,0,Tue,Day,Collision with a parked vehicle,The driver of the motor vehicle,No,Clear,Parking slot adjacent to the road,Truck,Private company,No,1000,1849770.96535621,6308669.602481151,49.198849542000055,16.61677530300005
1584,2020/06/06 00:00,0,1,0,Tue,Day,Collision with pedestrian,Pedestrian,No,Clear,"Bus, trolleybus, tram stop. islet",Passenger car without a trailer,Private company,No,30000,1858611.2170366475,6310473.675630229,49.20943816200002,16.696188635000055
1585,2020/06/06 00:00,0,0,0,Tue,Night,Collision with a parked vehicle,The driver of the motor vehicle,No,Clear,None or none of listed,Passenger car without a trailer,Police,No,10000,1850974.804163271,6309624.698081742,49.20445555300007,16.627589571000044
1586,2020/06/06 00:00,0,0,0,Tue,Night,Collision with a non rail vehicle,The driver of the motor vehicle,Under influence of alcohol,Clear,None or none of listed,Passenger car without a trailer,"Private, not used for business activity",No,5000,1851106.3793486087,6312572.227159499,49.22175230700001,16.628771531000037
1587,2020/06/06 00:00,0,0,0,Tue,Night,Collision with a parked vehicle,The driver of the motor vehicle,No,Clear,None or none of listed,Passenger car without a trailer,Police,No,10000,1848902.2102389433,6308101.304772985,49.19551357100005,16.608971143000076
1588,2020/06/05 00:00,0,0,0,Mon,Night,Collision with a parked vehicle,The driver of the motor vehicle,Not tested,Clear,"Bus, trolleybus, tram stop. islet",Passenger car without a trailer,"Private, not used for business activity",No,90000,1851703.4158339992,6307298.689423485,49.19080174600003,16.634134801000073
1589,2020/06/05 00:00,0,0,1,Mon,Day,Collision with pedestrian,The driver of the motor vehicle,No,Clear,Parking slot adjacent to the road,Passenger car without a trailer,"State enterprise, state organization",No,0,1845236.95266378,6315304.456928227,49.237780232000034,16.576045574000034
1590,2020/06/05 00:00,0,0,0,Mon,Day,Collision with a fixed obstacle,The driver of the motor vehicle,No,Clear,"Exit from the car park, forest roads, etc.",Passenger car without a trailer,"Private, not used for business activity",No,1000,1843427.7041418757,6303549.250375667,49.16878438400004,16.55979281800006
1591,2020/06/05 00:00,0,0,0,Mon,Day,Collision with a parked vehicle,The driver of the motor vehicle,No,Clear,None or none of listed,Truck,Private company,No,150000,1853158.7587666083,6306067.501122619,49.18357307300004,16.647208369000055
1592,2020/06/05 00:00,0,0,0,Mon,Day,Collision with a parked vehicle,The driver of the motor vehicle,Not tested,Clear,None or none of listed,Truck,Private company,No,5000,1843625.37928237,6305888.675550724,49.182523047000075,16.561568564000027
1593,2020/06/05 00:00,0,0,2,Mon,Day,Collision with a non rail vehicle,The driver of the motor vehicle,No,Clear,None or none of listed,Passenger car without a trailer,"Private, not used for business activity",No,20000,1844314.4028478665,6310894.0811171215,49.21190531600006,16.567758168000065
1594,2020/06/05 00:00,0,0,0,Mon,Night,Collision with a parked vehicle,The driver of the motor vehicle,Not tested,Clear,None or none of listed,"Not identified, the driver has fled",Not identified,No,0,1847364.0023018983,6311221.680660933,49.213827752000036,16.59515318600006
1595,2020/06/05 00:00,0,0,0,Mon,Day,Collision with a parked vehicle,The driver of the motor vehicle,No,Clear,None or none of listed,Passenger car without a trailer,"Private, not used for business activity",No,10000,1846965.0248979344,6314036.129129886,49.23034055900007,16.591569111000066
1596,2020/06/05 00:00,0,0,2,Mon,Day,Collision with a non rail vehicle,The driver of the motor vehicle,Not tested,Clear,None or none of listed,Motorbike,"Private, not used for business activity",No,10000,1852603.0515346115,6309135.130533157,49.201582076000065,16.64221636600007
1597,2020/06/04 00:00,0,0,1,Sun,Night,Collision with a non rail vehicle,The driver of the motor vehicle,No,Clear,None or none of listed,Passenger car without a trailer,"Private, not used for business activity",No,0,1837645.3685946248,6307398.507609257,49.19138776200003,16.507849214000032
1598,2020/06/04 00:00,0,0,0,Sun,Day,Collision with a parked vehicle,The driver of the motor vehicle,No,Clear,Parking slot adjacent to the road,Passenger car without a trailer,Private company,No,80000,1852009.734790008,6306438.499486749,49.185751426000074,16.636886511000057
1599,2020/06/04 00:00,0,0,1,Sun,Day,Crash,The driver of the motor vehicle,No,Clear,None or none of listed,Passenger car without a trailer,"Private, not used for business activity",Yes,80000,1839486.8340903653,6308087.846549807,49.195434567000056,16.524391380000054
1600,2020/06/04 00:00,0,0,1,Sun,Day,Collision with a non rail vehicle,The driver of the motor vehicle,Under influence of drugs,Clear,"Exit from the car park, forest roads, etc.",Motorbike,"Private, not used for business activity",No,10000,1854733.4079182013,6307180.0224730875,49.190105063000026,16.66135368300007
1601,2020/06/04 00:00,0,0,0,Sun,Day,Other collisions,The driver of the motor vehicle,Not tested,Clear,Pedestrian crossing,"Not identified, the driver has fled",Not identified,No,0,1847153.1278980582,6313315.550913054,49.22611334000003,16.593258869000067
1602,2020/06/04 00:00,0,0,0,Sun,Night,Collision with a parked vehicle,The driver of the motor vehicle,Not tested,Clear,Parking slot adjacent to the road,Passenger car without a trailer,Private company,No,3000,1850560.991767368,6314725.4306331705,49.234383957000034,16.623872231000064
1603,2020/06/04 00:00,0,0,1,Sun,Day,Other collisions,The driver of the motor vehicle,No,Clear,None or none of listed,Bus,Public transport,No,0,1844117.055877222,6311493.62217788,49.21542351600004,16.565985370000018
1604,2020/06/04 00:00,0,0,0,Sun,Night,Collision with a parked vehicle,The driver of the motor vehicle,Not tested,Clear,None or none of listed,"Not identified, the driver has fled",Not identified,No,0,1846580.4732754608,6312513.757514816,49.22140925300004,16.58811462500006
1605,2020/06/04 00:00,0,0,1,Sun,Day,Crash,Driver of a non-motorized vehicle,No,Clear,None or none of listed,Bicycle,"Private, not used for business activity",No,1000,1838898.1210746227,6309554.766077891,49.20404510300005,16.519102881000038
1606,2020/06/04 00:00,0,0,0,Sun,Day,Collision with a parked vehicle,The driver of the motor vehicle,Not tested,Clear,Parking slot adjacent to the road,Passenger car without a trailer,"Private, not used for business activity",No,2000,1851412.2182949749,6310765.673224841,49.21115176600004,16.631518929000038
1607,2020/06/03 00:00,0,0,0,Sat,Day,Collision with a fixed obstacle,The driver of the motor vehicle,No,Other dificult,Parking slot adjacent to the road,Passenger car without a trailer,Private company,No,20000,1846903.4652195228,6314022.493510303,49.230260570000034,16.591016111000044
1608,2020/06/03 00:00,0,0,0,Sat,Day,Collision with a non rail vehicle,The driver of the motor vehicle,Not tested,Clear,None or none of listed,Passenger car without a trailer,"Private, not used for business activity",No,0,1853680.0172916227,6307800.968045411,49.19375047000005,16.651890914000035
1609,2020/06/03 00:00,0,0,0,Sat,Night,Collision with a parked vehicle,The driver of the motor vehicle,Not tested,Clear,Parking slot adjacent to the road,"Not identified, the driver has fled",Not identified,No,0,1849707.8547746527,6308907.443235975,49.20024562700007,16.616208371000027
1610,2020/06/03 00:00,0,0,2,Sat,Day,Collision with a non rail vehicle,Driver of a non-motorized vehicle,No,Clear,Pedestrian crossing,Bicycle,"Private, not used for business activity",No,1000,1848402.793488576,6310162.416804549,49.20761145700004,16.604484806000073
1611,2020/06/03 00:00,0,0,0,Sat,Day,Collision with a parked vehicle,The driver of the motor vehicle,Not tested,Clear,Parking slot adjacent to the road,Passenger car without a trailer,"Private, not used for business activity",No,1000,1854151.9610595831,6300276.133281024,49.149556060000066,16.656130457000074
1612,2020/06/03 00:00,0,0,0,Sat,Day,Collision with a non rail vehicle,The driver of the motor vehicle,No,Clear,None or none of listed,Passenger car without a trailer,"Private, not used for business activity",No,5000,1836133.740746359,6319049.826048747,49.25974303000003,16.494270030000052
1613,2020/06/02 00:00,0,0,0,Fri,Night,Collision with a parked vehicle,The driver of the motor vehicle,Not tested,Clear,Parking slot adjacent to the road,"Not identified, the driver has fled",Not identified,No,0,1846885.0763528368,6307248.614019426,49.190507759000056,16.590850921000026
1614,2020/06/02 00:00,0,0,1,Fri,Day,Collision with a parked vehicle,The driver of the motor vehicle,No,Clear,Parking slot adjacent to the road,Passenger car without a trailer,"Private, not used for business activity",No,50000,1847335.3885173474,6307996.251514078,49.194896872000065,16.594896144000074
1615,2020/06/02 00:00,0,0,1,Fri,Day,Crash,The driver of the motor vehicle,No,Clear,"Bridge, overpass, underpass, tunnel",Motorbike,"Private, not used for business activity",No,10000,1853370.5697013235,6313586.115565883,49.227700630000065,16.649111099000034
1616,2020/06/02 00:00,0,1,0,Fri,Day,Collision with a parked vehicle,The driver of the motor vehicle,No,Clear,None or none of listed,Passenger car without a trailer,"Private, not used for business activity",No,150000,1856701.3329120777,6304801.167057412,49.176136947000025,16.67903185400007
1617,2020/06/02 00:00,0,0,1,Fri,Day,Other collisions,The driver of the motor vehicle,Not tested,Clear,None or none of listed,"Not identified, the driver has fled",Not identified,No,0,1846028.29286757,6311455.377879843,49.215199100000056,16.58315430400006
1618,2020/06/02 00:00,0,0,0,Fri,Night,Collision with a parked vehicle,The driver of the motor vehicle,Not tested,Clear,None or none of listed,"Not identified, the driver has fled",Not identified,No,0,1846930.0425253124,6313257.771386038,49.22577436500006,16.591254859000056
1619,2020/06/02 00:00,0,0,0,Fri,Day,Collision with a non rail vehicle,The driver of the motor vehicle,Not tested,Clear,Near the pedestrian crossing,"Not identified, the driver has fled",Not identified,No,0,1847783.573589021,6309945.011285994,49.20633551500003,16.598922259000062
1620,2020/06/02 00:00,0,0,0,Fri,Night,Collision with a parked vehicle,The driver of the motor vehicle,Not tested,Clear,None or none of listed,"Not identified, the driver has fled",Not identified,No,0,1850969.1047166637,6312104.369393849,49.21900721800006,16.627538372000057
1621,2020/06/02 00:00,0,0,1,Fri,Day,Collision with pedestrian,Pedestrian,No,Clear,Pedestrian crossing,Passenger car without a trailer,"Private, not used for business activity",No,10000,1852758.126932372,6312413.142251106,49.220818916000034,16.643609432000062
1622,2020/06/02 00:00,0,0,0,Fri,Day,Collision with a parked vehicle,The driver of the motor vehicle,Not tested,Clear,Parking slot adjacent to the road,"Not identified, the driver has fled",Not identified,No,0,1857403.441861071,6305304.7056725565,49.17909394400004,16.68533900600005
1623,2020/06/02 00:00,0,0,0,Fri,Day,Collision with a non rail vehicle,The driver of the motor vehicle,No,Clear,Near the pedestrian crossing,Passenger car without a trailer,"Private, used for business activity",No,0,1840843.0865348454,6312593.563446727,49.22187749100004,16.536574803000065
1624,2020/06/02 00:00,0,0,0,Fri,Day,Collision with a non rail vehicle,The driver of the motor vehicle,No,Clear,Gas station,Passenger car without a trailer,"Private, not used for business activity",No,20000,1847799.705898305,6302426.477243649,49.162189358000035,16.59906717800004
1625,2020/06/02 00:00,0,0,0,Fri,Night,Collision with a parked vehicle,The driver of the motor vehicle,Not tested,Clear,Parking slot adjacent to the road,"Not identified, the driver has fled",Not identified,No,0,1851130.489369201,6314395.007911252,49.232445760000076,16.628988115000023
1626,2020/06/01 00:00,0,0,0,Thu,Day,Collision with a fixed obstacle,The driver of the motor vehicle,No,Clear,None or none of listed,Truck,Private company,No,0,1848713.6340196636,6308093.986252466,49.19547060900003,16.60727713400007
1627,2020/06/01 00:00,0,0,0,Thu,Day,Collision with a fixed obstacle,The driver of the motor vehicle,No,Clear,Pedestrian crossing,"Not identified, the driver has fled",Not identified,No,0,1848834.16686811,6310431.598646077,49.209191226000016,16.60835989900005
1628,2020/06/01 00:00,0,0,0,Thu,Day,Collision with a fixed obstacle,The driver of the motor vehicle,No,Clear,Near the pedestrian crossing,Passenger car without a trailer,Private company,No,10000,1849107.0059306643,6307226.2181784,49.19037627500007,16.61081085400002
1629,2020/06/01 00:00,0,0,0,Thu,Day,Collision with a fixed obstacle,The driver of the motor vehicle,No,Clear,Pedestrian crossing,Truck,"Private, not used for business activity",No,0,1851440.7531540126,6308721.50493732,49.19915420400008,16.631775262000076
1630,2020/06/01 00:00,0,0,1,Thu,Day,Crash,The driver of the motor vehicle,No,Clear,Near the pedestrian crossing,Motorbike,The Municipal Police,No,20000,1858288.153736787,6310040.70029258,49.20689711300007,16.693286508000025
1631,2020/06/01 00:00,0,0,1,Thu,Day,Collision with a fixed obstacle,The driver of the motor vehicle,No,Clear,None or none of listed,Small motorbike,"Private, not used for business activity",No,30000,1846275.5469262789,6311865.930160008,49.21760815100003,16.585375425000052
1632,2020/06/01 00:00,0,0,1,Thu,Day,Collision with a non rail vehicle,The driver of the motor vehicle,No,Clear,"Bridge, overpass, underpass, tunnel",Passenger car without a trailer,"Private, not used for business activity",No,120000,1852063.67720962,6308202.211979912,49.196105924000044,16.63737108400005
1633,2020/06/01 00:00,0,0,0,Thu,Night,Collision with a parked vehicle,The driver of the motor vehicle,Not tested,Clear,Parking slot adjacent to the road,"Not identified, the driver has fled",Not identified,No,0,1842737.3096768507,6306828.886023634,49.188043515000054,16.553590899000024
1634,2020/06/01 00:00,0,0,0,Thu,Night,Collision with a parked vehicle,The driver of the motor vehicle,Not tested,Clear,Parking slot adjacent to the road,"Not identified, the driver has fled",Not identified,No,0,1849485.8439689525,6307762.79126786,49.19352635200005,16.614214014000027
1635,2020/06/01 00:00,0,0,0,Thu,Day,Collision with a parked vehicle,The driver of the motor vehicle,Not tested,Clear,Parking slot adjacent to the road,Passenger car without a trailer,"Private, not used for business activity",No,2000,1842916.630904989,6303363.340872715,49.16769243600003,16.555201769000064
1636,2020/05/31 00:00,0,0,0,Wed,Night,Collision with a fixed obstacle,The driver of the motor vehicle,No,Rain,None or none of listed,Passenger car without a trailer,"Private, not used for business activity",Yes,50000,1843769.8569532915,6302370.399080631,49.16185993900006,16.562866429000053
1637,2020/05/31 00:00,0,0,1,Wed,Day,Crash,The driver of the motor vehicle,No,Clear,None or none of listed,Motorbike,"Private, not used for business activity",No,50000,1843284.0163940599,6304252.482784351,49.172914634000044,16.558502049000026
1638,2020/05/31 00:00,0,0,1,Wed,Day,Collision with a non rail vehicle,The driver of the motor vehicle,No,Clear,None or none of listed,Passenger car without a trailer,"Private, not used for business activity",No,5000,1851776.3221967793,6307084.741351864,49.18954566900004,16.634789730000023
1639,2020/05/31 00:00,0,0,0,Wed,Night,Collision with a parked vehicle,The driver of the motor vehicle,Not tested,Clear,Parking slot adjacent to the road,"Not identified, the driver has fled",Not identified,No,0,1850798.60411102,6303950.650342227,49.17114194300006,16.626006739000047
1640,2020/05/31 00:00,0,0,1,Wed,Day,Collision with a fixed obstacle,The driver of the motor vehicle,No,Clear,None or none of listed,Truck,Private company,No,15000,1852151.6471032605,6312077.738257038,49.21885095900006,16.63816133100005
1641,2020/05/31 00:00,0,0,0,Wed,Day,Collision with a fixed obstacle,The driver of the motor vehicle,No,Clear,None or none of listed,Truck with semi-trailer,Private company,No,0,1850260.4895887088,6307099.956274233,49.18963499600005,16.62117277400006
1642,2020/05/31 00:00,0,0,0,Wed,Day,Collision with a parked vehicle,The driver of the motor vehicle,Not tested,Clear,None or none of listed,"Not identified, the driver has fled",Not identified,No,0,1849129.440926881,6308895.025846624,49.20017274000003,16.611012391000028
1643,2020/05/31 00:00,0,0,2,Wed,Day,Collision with a non rail vehicle,The driver of the motor vehicle,No,Clear,Near the pedestrian crossing,Passenger car without a trailer,"Private, not used for business activity",No,40000,1849542.6442938556,6306482.050887741,49.18600713600005,16.61472426000006
1644,2020/05/31 00:00,0,0,1,Wed,Day,Collision with a non rail vehicle,The driver of the motor vehicle,No,Clear,Pedestrian crossing,Passenger car without a trailer,"Private, not used for business activity",No,5000,1847452.531019383,6302777.665436045,49.16425228700006,16.595948453000062
1645,2020/05/31 00:00,0,0,0,Wed,Night,Collision with a parked vehicle,The driver of the motor vehicle,Not tested,Clear,"Exit from the car park, forest roads, etc.","Not identified, the driver has fled",Not identified,No,0,1850726.9229305517,6316540.65426122,49.24503035800006,16.625362816000063
1646,2020/05/30 00:00,0,0,1,Tue,Day,Collision with a tram,The driver of the motor vehicle,No,Clear,None or none of listed,Truck,Private company,No,0,1844381.321335239,6311345.6846679365,49.21455541900007,16.568359307000033
1647,2020/05/30 00:00,0,0,2,Tue,Day,Collision with pedestrian,Driver of a non-motorized vehicle,No,Clear,Pedestrian crossing,Bicycle,"Private, not used for business activity",No,2000,1846282.5767521244,6315396.320206015,49.23831903400003,16.58543857500007
1648,2020/05/30 00:00,0,0,1,Tue,Day,Collision with pedestrian,Pedestrian,No,Clear,Near the pedestrian crossing,Truck,"Private, not used for business activity",No,1000,1845063.2893600878,6312080.040244416,49.21886446600007,16.57448553000006
1649,2020/05/30 00:00,0,0,1,Tue,Day,Crash,The driver of the motor vehicle,No,Clear,"Exit from the car park, forest roads, etc.",Truck,Private company,No,0,1846882.4428676448,6318484.235101609,49.25642703800003,16.59082726400004
1650,2020/05/30 00:00,0,0,1,Tue,Day,Collision with a tram,The driver of the motor vehicle,No,Clear,Near the pedestrian crossing,Passenger car without a trailer,Private company,No,70000,1849006.3185644387,6308814.615912174,49.19970075100007,16.609906364000043
1651,2020/05/30 00:00,0,0,0,Tue,Day,Collision with a parked vehicle,The driver of the motor vehicle,Not tested,Clear,None or none of listed,Passenger car without a trailer,"Private, not used for business activity",No,10000,1846323.777097538,6309571.875639943,49.204145524000054,16.58580868400003
1652,2020/05/30 00:00,0,0,1,Tue,Day,Collision with a non rail vehicle,The driver of the motor vehicle,No,Clear,None or none of listed,Truck,Private company,No,20000,1853517.2509415606,6301156.306786919,49.15472748000007,16.65042875900002
1653,2020/05/30 00:00,0,0,2,Tue,Day,Collision with a non rail vehicle,The driver of the motor vehicle,No,Clear,None or none of listed,Motorbike,"Private, not used for business activity",No,20000,1847948.0295463097,6308995.233663153,49.20076093200003,16.600399592000027
1654,2020/05/30 00:00,0,0,0,Tue,Day,Collision with a non rail vehicle,The driver of the motor vehicle,No,Clear,None or none of listed,Passenger car without a trailer,"Private, not used for business activity",No,1000,1849756.5383502056,6306843.791347181,49.18813102700005,16.61664570300007
1655,2020/05/30 00:00,0,0,1,Tue,Day,Collision with pedestrian,Pedestrian,Under influence of alcohol,Clear,None or none of listed,Bicycle,"Private, not used for business activity",No,0,1847348.0322964306,6312877.980001823,49.22354618600008,16.595009725000068
1656,2020/05/30 00:00,0,0,0,Tue,Night,Crash,The driver of the motor vehicle,Not tested,Clear,Parking slot adjacent to the road,"Not identified, the driver has fled",Not identified,No,0,1852742.6457307888,6312197.875671991,49.219555865000075,16.643470362000073
1657,2020/05/29 00:00,0,0,0,Mon,Night,Collision with a parked vehicle,The driver of the motor vehicle,Not tested,Clear,Parking slot adjacent to the road,Passenger car without a trailer,"Private, not used for business activity",No,2000,1837841.1054401542,6311530.1495165,49.21563785600004,16.509607548000073
1658,2020/05/29 00:00,0,0,0,Mon,Day,Collision with a non rail vehicle,The driver of the motor vehicle,No,Clear,None or none of listed,Passenger car without a trailer,Private company,No,150000,1840334.0301844878,6304372.919719312,49.17362195400006,16.53200187200002
1659,2020/05/29 00:00,0,0,2,Mon,Day,Collision with a non rail vehicle,The driver of the motor vehicle,No,Clear,Gas station,Passenger car without a trailer,"Private, not used for business activity",No,10000,1849163.7669597848,6306915.692462523,49.18855317000002,16.611320747000033
1660,2020/05/29 00:00,0,0,0,Mon,Night,Collision with a fixed obstacle,The driver of the motor vehicle,Not tested,Clear,None or none of listed,"Not identified, the driver has fled",Not identified,No,0,1848302.4571127011,6312167.186617331,49.219375798000044,16.603583469000057
1661,2020/05/29 00:00,0,0,1,Mon,Day,Collision with pedestrian,Driver of a non-motorized vehicle,Not tested,Clear,"Bridge, overpass, underpass, tunnel","Not identified, the driver has fled",Not identified,No,0,1840486.1247802482,6313637.458869969,49.22800183400005,16.533368161000055
1662,2020/05/29 00:00,0,0,0,Mon,Day,Collision with a non rail vehicle,The driver of the motor vehicle,No,Clear,Gas station,Passenger car with trailer,Registered outside of the Czech Republic,No,0,1850858.361304233,6312614.678215923,49.22200137500004,16.62654354700004
1663,2020/05/29 00:00,0,0,1,Mon,Day,Collision with pedestrian,Pedestrian,No,Clear,Pedestrian crossing,Passenger car without a trailer,"Private, not used for business activity",No,5000,1848103.7173125928,6305003.785405009,49.177326831000066,16.601798159000055
1664,2020/05/29 00:00,0,0,0,Mon,Day,Collision with a non rail vehicle,The driver of the motor vehicle,No,Clear,Near the pedestrian crossing,Passenger car without a trailer,"Private, not used for business activity",No,20000,1848686.0893474973,6311862.0550394375,49.21758541300005,16.60702969600004
1665,2020/05/29 00:00,0,1,1,Mon,Night,Crash,The driver of the motor vehicle,Not tested,Clear,None or none of listed,Passenger car without a trailer,Private company,No,500000,1852768.3823517775,6297357.409864942,49.13240336800004,16.64370155800003
1666,2020/05/29 00:00,0,0,0,Mon,Day,Collision with a parked vehicle,The driver of the motor vehicle,Not tested,Clear,Parking slot adjacent to the road,"Not identified, the driver has fled",Not identified,No,0,1843649.664185887,6303273.24600579,49.16716325100003,16.561786719000054
1667,2020/05/28 00:00,0,0,0,Sun,Day,Collision with a non rail vehicle,The driver of the motor vehicle,No,Clear,None or none of listed,Passenger car without a trailer,Private company,No,15000,1847454.6218220575,6302101.287682781,49.16027907200004,16.595967235000046