objectid,date,dead,serious.injuries,light.injuries,day.of.the.week,day/night,type.of.the.accident,cause.of.the.accident,alcohol.or.drugs,weather.conditions,place,vehicle.type,vehicle.characteristic,skid,total.damage.in.czk,x,y,lat,lng
1668,2020/05/28 00:00,0,0,0,Sun,Day,Collision with a parked vehicle,The driver of the motor vehicle,No,Clear,Parking slot adjacent to the road,Passenger car without a trailer,"Private, not used for business activity",No,90000,1853248.5937069978,6300289.071357831,49.14963208100005,16.64801537000005
1669,2020/05/28 00:00,0,0,0,Sun,Night,Collision with a parked vehicle,The driver of the motor vehicle,Not tested,Clear,Parking slot adjacent to the road,"Not identified, the driver has fled",Not identified,No,0,1850166.3826515384,6312083.264595741,49.21888338500002,16.62032739700004
1670,2020/05/27 00:00,0,0,1,Sat,Day,Other collisions,The driver of the motor vehicle,No,Clear,None or none of listed,"Not identified, the driver has fled",Not identified,No,0,1844861.570650403,6311868.878000088,49.21762544800003,16.572673460000033
1671,2020/05/27 00:00,0,0,1,Sat,Day,Collision with a non rail vehicle,The driver of the motor vehicle,No,Clear,Near the pedestrian crossing,Passenger car without a trailer,"Private, not used for business activity",No,20000,1853089.256219894,6308089.398765425,49.195443679000036,16.646584017000066
1672,2020/05/27 00:00,0,0,0,Sat,Day,Collision with a parked vehicle,The driver of the motor vehicle,Under influence of alcohol,Clear,None or none of listed,Passenger car without a trailer,"Private, not used for business activity",No,30000,1852333.695324961,6310141.7914073495,49.20749040900006,16.639796698000055
1673,2020/05/27 00:00,0,0,0,Sat,Night,Collision with a parked vehicle,The driver of the motor vehicle,Not tested,Clear,None or none of listed,"Not identified, the driver has fled",Not identified,No,0,1847294.9015072235,6308930.018681709,49.20037813900005,16.594532443000045
1674,2020/05/27 00:00,0,0,0,Sat,Day,Collision with a parked vehicle,The driver of the motor vehicle,No,Clear,None or none of listed,Passenger car without a trailer,"Private, not used for business activity",No,1000,1851064.2372403026,6301555.054900932,49.15707012900002,16.628392962000074
1675,2020/05/27 00:00,0,0,0,Sat,Day,Collision with a non rail vehicle,The driver of the motor vehicle,No,Clear,Pedestrian crossing,Passenger car without a trailer,Registered outside of the Czech Republic,No,30000,1855243.6801000307,6308931.105954534,49.20038452100004,16.665937536000055
1676,2020/05/27 00:00,0,1,0,Sat,Day,Collision with a non rail vehicle,The driver of the motor vehicle,No,Clear,Near the pedestrian crossing,Passenger car without a trailer,"Private, not used for business activity",No,0,1850954.9646923027,6315107.15311749,49.236622974000056,16.627411350000045
1677,2020/05/26 00:00,0,0,0,Fri,Night,Collision with a non rail vehicle,The driver of the motor vehicle,No,Clear,Near the pedestrian crossing,Passenger car without a trailer,"Private, not used for business activity",No,2000,1849624.5781107463,6308200.4491899535,49.196095576000054,16.61546028400005
1678,2020/05/26 00:00,0,0,1,Fri,Day,Collision with a non rail vehicle,The driver of the motor vehicle,No,Clear,None or none of listed,Passenger car without a trailer,"Private, not used for business activity",No,0,1854075.6984141448,6309288.076862052,49.20247980000004,16.655445378000028
1679,2020/05/26 00:00,0,0,0,Fri,Day,Collision with a non rail vehicle,The driver of the motor vehicle,Not tested,Clear,None or none of listed,Passenger car without a trailer,Private company,No,5000,1845006.4280321037,6306555.256444232,49.18643695600007,16.573974736000025
1680,2020/05/26 00:00,0,0,0,Fri,Day,Other collisions,The driver of the motor vehicle,Not tested,Clear,None or none of listed,Other motor vehicle,Private company,No,5000,1850292.2168681012,6300955.398004783,49.15354709700005,16.621457785000075
1681,2020/05/26 00:00,0,0,0,Fri,Night,Collision with a parked vehicle,The driver of the motor vehicle,Not tested,Clear,Parking slot adjacent to the road,"Not identified, the driver has fled",Not identified,No,0,1849337.8376928198,6302935.9319932675,49.165181939000036,16.612884451000067
1682,2020/05/26 00:00,0,0,1,Fri,Day,Collision with a non rail vehicle,The driver of the motor vehicle,No,Clear,Parking slot adjacent to the road,Motorbike,"Private, not used for business activity",No,10000,1845801.4042644228,6310904.592400697,49.21196700000007,16.581116129000065
1683,2020/05/26 00:00,0,0,0,Fri,Night,Collision with a parked vehicle,The driver of the motor vehicle,Not tested,Clear,Parking slot adjacent to the road,"Not identified, the driver has fled",Not identified,No,0,1847484.2714344691,6306262.040015448,49.18471533900003,16.59623358200002
1684,2020/05/26 00:00,0,0,0,Fri,Night,Other collisions,The driver of the motor vehicle,Not tested,Clear,Parking slot adjacent to the road,"Not identified, the driver has fled",Not identified,No,0,1846415.380793316,6315419.504332743,49.23845501400006,16.58663157400002
1685,2020/05/26 00:00,0,0,0,Fri,Day,Other collisions,Another road user,No,Clear,Parking slot adjacent to the road,"Carriage, horse riding",Police,No,0,1849353.399044437,6308446.7798345545,49.19754157500005,16.613024241000062
1686,2020/05/26 00:00,0,0,0,Fri,Night,Collision with a parked vehicle,The driver of the motor vehicle,Not tested,Clear,Gas station,"Not identified, the driver has fled",Not identified,No,0,1854537.7044685201,6310164.543959122,49.20762394100006,16.65959564900004
1687,2020/05/26 00:00,0,0,0,Fri,Day,Collision with a parked vehicle,The driver of the motor vehicle,Not tested,Clear,None or none of listed,Passenger car without a trailer,"Private, not used for business activity",No,2000,1847925.5233056191,6308862.528650674,49.19998198900002,16.600197415000025
1688,2020/05/26 00:00,0,0,0,Fri,Night,Collision with a parked vehicle,The driver of the motor vehicle,Not tested,Clear,Parking slot adjacent to the road,"Not identified, the driver has fled",Not identified,No,0,1854562.1822887124,6309794.2756769005,49.20545083600006,16.659815537000043
1689,2020/05/26 00:00,0,0,0,Fri,Night,Collision with a parked vehicle,The driver of the motor vehicle,Not tested,Clear,None or none of listed,"Not identified, the driver has fled",Not identified,No,0,1852269.2624904974,6310700.546096625,49.21076956900003,16.639217888000076
1690,2020/05/26 00:00,0,0,0,Fri,Night,Collision with a fixed obstacle,The driver of the motor vehicle,Under influence of alcohol,Clear,"Bus, trolleybus, tram stop. islet",Passenger car without a trailer,"Private, not used for business activity",No,0,1847431.8744633493,6307222.871514064,49.190356627000014,16.595762892000035
1691,2020/05/26 00:00,0,0,0,Fri,Day,Collision with a fixed obstacle,The driver of the motor vehicle,Not tested,Clear,Parking slot adjacent to the road,Truck,"Private, used for business activity",No,5000,1844088.4169344662,6304511.792969987,49.174437537000074,16.565728102000037
1692,2020/05/26 00:00,0,0,0,Fri,Day,Collision with a non rail vehicle,The driver of the motor vehicle,Not tested,Clear,"Bus stop, trolleybus, tramway without boarding. islet",Truck,Private company,No,0,1852606.990908747,6310330.242669566,49.20859639600007,16.64225175400003
1693,2020/05/25 00:00,0,0,0,Thu,Night,Collision with a parked vehicle,The driver of the motor vehicle,Not tested,Clear,None or none of listed,"Not identified, the driver has fled",Not identified,No,0,1848890.658170103,6311897.876880116,49.21779560400005,16.60886736900005
1694,2020/05/25 00:00,0,0,0,Thu,Night,Collision with a parked vehicle,The driver of the motor vehicle,Not tested,Clear,None or none of listed,"Not identified, the driver has fled",Not identified,No,0,1845716.3395868505,6316176.429011191,49.24289433800003,16.580351980000046
1695,2020/05/25 00:00,0,0,1,Thu,Day,Collision with a pet,"Forest animals, pets",Not tested,Clear,None or none of listed,Bicycle,"Private, not used for business activity",No,1000,1845533.1537912742,6302436.219406796,49.16224658600003,16.578706394000047
1696,2020/05/25 00:00,0,0,0,Thu,Day,Collision with a non rail vehicle,The driver of the motor vehicle,No,Clear,"Bus, trolleybus, tram stop. islet",Passenger car without a trailer,"Private, not used for business activity",Yes,10000,1849606.323829325,6311777.355179103,49.21708841800005,16.615296303000036
1697,2020/05/25 00:00,0,0,0,Thu,Day,Other collisions,The driver of the motor vehicle,Not tested,Clear,"Bridge, overpass, underpass, tunnel","Not identified, the driver has fled",Not identified,No,0,1858145.2948739044,6306212.372703877,49.18442371200007,16.692003185000033
1698,2020/05/25 00:00,0,0,0,Thu,Night,Collision with a parked vehicle,The driver of the motor vehicle,Not tested,Clear,Parking slot adjacent to the road,"Not identified, the driver has fled",Not identified,No,0,1851144.5838638912,6310104.516967565,49.20727164900006,16.629114728000047
1699,2020/05/25 00:00,0,0,0,Thu,Night,Collision with a fixed obstacle,The driver of the motor vehicle,Not tested,Clear,"Bridge, overpass, underpass, tunnel","Not identified, the driver has fled",Not identified,No,0,1854883.0616114826,6295953.7790295435,49.124152426000066,16.662698045000067
1700,2020/05/24 00:00,0,0,0,Wed,Day,Collision with a non rail vehicle,The driver of the motor vehicle,No,Clear,None or none of listed,Truck with trailer,Private company,No,10000,1844463.019488773,6307963.6472297935,49.19470547200005,16.569093214000077
1701,2020/05/24 00:00,0,0,0,Wed,Day,Collision with pedestrian,Pedestrian,Not tested,Clear,None or none of listed,Passenger car without a trailer,"Private, not used for business activity",No,80000,1851877.545121081,6311107.676743319,49.21315875700002,16.63569903100006
1702,2020/05/24 00:00,0,0,0,Wed,Day,Collision with a fixed obstacle,The driver of the motor vehicle,No,Clear,None or none of listed,Passenger car without a trailer,"Private, not used for business activity",No,350000,1853346.0902113381,6299376.18993166,49.144267925000065,16.648891196000026
1703,2020/05/24 00:00,0,0,0,Wed,Day,Collision with a non rail vehicle,The driver of the motor vehicle,No,Clear,None or none of listed,Passenger car without a trailer,"Private, not used for business activity",No,120000,1850449.5211047065,6310498.339401582,49.20958290500003,16.622870873000068
1704,2020/05/24 00:00,0,0,0,Wed,Day,Collision with a non rail vehicle,The driver of the motor vehicle,No,Clear,None or none of listed,Passenger car without a trailer,"Private, not used for business activity",No,30000,1844157.6824819853,6308286.997365559,49.196603632000055,16.56635032500003
1705,2020/05/24 00:00,0,0,0,Wed,Night,Collision with a parked vehicle,The driver of the motor vehicle,Not tested,Clear,None or none of listed,"Not identified, the driver has fled",Not identified,No,0,1845327.3829408064,6319485.668991798,49.26229817300003,16.576857923000034
1706,2020/05/24 00:00,0,0,0,Wed,Day,Collision with a non rail vehicle,The driver of the motor vehicle,No,Clear,None or none of listed,Passenger car without a trailer,Registered outside of the Czech Republic,No,50000,1844775.8113392137,6310623.452117237,49.21031714100006,16.571903071000065
1707,2020/05/24 00:00,0,0,0,Wed,Night,Collision with a parked vehicle,The driver of the motor vehicle,Not tested,Clear,None or none of listed,"Not identified, the driver has fled",Not identified,No,0,1851554.032535755,6310577.367285,49.21004668900008,16.632792868000024
1708,2020/05/23 00:00,0,0,0,Tue,Night,Collision with a parked vehicle,The driver of the motor vehicle,Not tested,Clear,None or none of listed,"Not identified, the driver has fled",Not identified,No,0,1855120.571652523,6310163.1595365275,49.20761581600004,16.664831634000052
1709,2020/05/23 00:00,0,0,0,Tue,Night,Collision with a fixed obstacle,The driver of the motor vehicle,Not tested,Clear,"Bridge, overpass, underpass, tunnel","Not identified, the driver has fled",Not identified,No,0,1851596.4959121183,6302710.6078645075,49.16385838800004,16.63317432300005
1710,2020/05/23 00:00,0,0,0,Tue,Night,Collision with a fixed obstacle,The driver of the motor vehicle,Not tested,Clear,None or none of listed,"Not identified, the driver has fled",Not identified,No,0,1854546.5130685102,6307479.489476468,49.19186318800007,16.659674778000063
1711,2020/05/23 00:00,0,0,1,Tue,Day,Collision with pedestrian,The driver of the motor vehicle,No,Clear,None or none of listed,Passenger car without a trailer,Private company,No,1000,1839293.0252984208,6313672.716023112,49.228208668000036,16.52265036600005
1712,2020/05/23 00:00,0,0,0,Tue,Day,Other collisions,Road defect,Not tested,Clear,Parking slot adjacent to the road,Truck,Private company,No,30000,1848360.438314759,6299346.249488991,49.14409198300006,16.60410432300006
1713,2020/05/23 00:00,0,0,0,Tue,Night,Collision with a fixed obstacle,The driver of the motor vehicle,Not tested,Clear,None or none of listed,"Not identified, the driver has fled",Not identified,No,0,1849274.8859641792,6307534.702431928,49.192187328000045,16.612318946000073
1714,2020/05/23 00:00,0,0,0,Tue,Night,Collision with a parked vehicle,The driver of the motor vehicle,Not tested,Clear,Parking slot adjacent to the road,"Not identified, the driver has fled",Not identified,No,0,1840070.2160156916,6313098.129793836,49.224837784000044,16.529631989000052
1715,2020/05/23 00:00,0,0,0,Tue,Day,Collision with a non rail vehicle,The driver of the motor vehicle,No,Clear,None or none of listed,Passenger car without a trailer,"Private, not used for business activity",No,200000,1852136.3270922971,6307048.105194678,49.18933057700008,16.638023709000038
1716,2020/05/23 00:00,0,0,1,Tue,Day,Collision with a non rail vehicle,Driver of a non-motorized vehicle,No,Clear,None or none of listed,Other type of vehicle,"Private, not used for business activity",No,5000,1850728.0276651767,6307033.1679992145,49.18924288000005,16.625372740000046
1717,2020/05/23 00:00,0,0,0,Tue,Night,Collision with a fixed obstacle,The driver of the motor vehicle,Not tested,Clear,None or none of listed,"Not identified, the driver has fled",Not identified,No,0,1848820.8152083852,6307531.822709823,49.19217042200005,16.60823995900006
1718,2020/05/23 00:00,0,0,0,Tue,Night,Collision with a parked vehicle,The driver of the motor vehicle,Not tested,Clear,Parking slot adjacent to the road,"Not identified, the driver has fled",Not identified,No,0,1851219.642589031,6314047.396615161,49.23040665600006,16.62978899200004
1719,2020/05/23 00:00,0,0,0,Tue,Night,Collision with a fixed obstacle,The driver of the motor vehicle,No,Clear,None or none of listed,Passenger car without a trailer,"Private, not used for business activity",No,1000,1849347.9379328575,6308261.255435527,49.19645252200007,16.61297518300006
1720,2020/05/23 00:00,0,0,1,Tue,Day,Collision with a non rail vehicle,The driver of the motor vehicle,No,Clear,None or none of listed,Passenger car without a trailer,"Private, not used for business activity",No,10000,1843856.5963212778,6306073.118722601,49.18360605800005,16.56364562200002
1721,2020/05/22 00:00,0,0,1,Mon,Day,Collision with pedestrian,The driver of the motor vehicle,No,Clear,Pedestrian crossing,Passenger car without a trailer,"Private, not used for business activity",No,0,1840405.297145133,6313374.093794898,49.226456791000025,16.532642074000023
1722,2020/05/22 00:00,0,0,0,Mon,Day,Collision with a fixed obstacle,The driver of the motor vehicle,No,Clear,None or none of listed,Truck,Private company,No,1000,1848557.5727764901,6308295.015181094,49.196650698000035,16.605875212000058
1723,2020/05/22 00:00,0,0,1,Mon,Day,Collision with a non rail vehicle,The driver of the motor vehicle,No,Clear,None or none of listed,Passenger car without a trailer,Private company,No,120000,1848132.8173406818,6303170.076618385,49.16655726400006,16.602059569000062
1724,2020/05/22 00:00,0,0,0,Mon,Day,Collision with a fixed obstacle,The driver of the motor vehicle,Not tested,Clear,None or none of listed,Truck,"Private, not used for business activity",No,0,1848699.3680929546,6307604.565888761,49.192597474000074,16.60714898100002
1725,2020/05/22 00:00,0,0,0,Mon,Day,Collision with a fixed obstacle,The driver of the motor vehicle,No,Clear,"Exit from the car park, forest roads, etc.",Truck,Private company,No,0,1849760.038902911,6308223.590181466,49.196231419000064,16.61667714900005
1726,2020/05/22 00:00,0,0,0,Mon,Day,Collision with a non rail vehicle,The driver of the motor vehicle,No,Clear,None or none of listed,Passenger car without a trailer,"Private, not used for business activity",No,200000,1846807.4606189963,6306527.93841063,49.18627656100005,16.590153687000054
1727,2020/05/22 00:00,0,0,0,Mon,Night,Collision with a parked vehicle,The driver of the motor vehicle,Not tested,Clear,Parking slot adjacent to the road,"Not identified, the driver has fled",Not identified,No,0,1848372.8969695312,6311470.631201658,49.21528860600005,16.604216241000074
1728,2020/05/22 00:00,0,0,0,Mon,Night,Collision with a parked vehicle,The driver of the motor vehicle,Not tested,Clear,None or none of listed,"Not identified, the driver has fled",Not identified,No,0,1848306.8324139654,6306938.548719095,49.188687362000046,16.603622773000037
1729,2020/05/22 00:00,0,0,0,Mon,Day,Collision with a fixed obstacle,The driver of the motor vehicle,No,Clear,Pedestrian crossing,Passenger car without a trailer,"Private, not used for business activity",No,20000,1851020.0474099591,6314020.468173754,49.230248689000064,16.627995998000074
1730,2020/05/22 00:00,0,0,0,Mon,Day,Collision with a parked vehicle,The driver of the motor vehicle,Not tested,Clear,Parking slot adjacent to the road,Passenger car without a trailer,"Private, not used for business activity",No,5000,1854631.5543689837,6307268.773631679,49.19062611400005,16.660438717000034
1731,2020/05/22 00:00,0,0,0,Mon,Night,Collision with a parked vehicle,The driver of the motor vehicle,Not tested,Clear,Parking slot adjacent to the road,"Not identified, the driver has fled",Not identified,No,0,1842618.0742570674,6303393.658735116,49.16787051100004,16.552519789000026
1732,2020/05/22 00:00,0,0,0,Mon,Night,Collision with a parked vehicle,The driver of the motor vehicle,Not tested,Clear,None or none of listed,"Not identified, the driver has fled",Not identified,No,0,1852729.0777772903,6312565.692011983,49.221713964000045,16.643348479000053
1733,2020/05/22 00:00,0,0,2,Mon,Night,Collision with a non rail vehicle,The driver of the motor vehicle,No,Clear,Pedestrian crossing,Passenger car without a trailer,Private company,No,200000,1852647.4198100977,6310896.846624264,49.211921545000045,16.64261493300006
1734,2020/05/22 00:00,0,0,0,Mon,Night,Collision with a parked vehicle,The driver of the motor vehicle,Not tested,Clear,Parking slot adjacent to the road,"Not identified, the driver has fled",Not identified,No,0,1844240.2737517904,6305000.350052612,49.17730665700003,16.567092255000034
1735,2020/05/22 00:00,0,0,0,Mon,Night,Collision with a parked vehicle,The driver of the motor vehicle,Not tested,Clear,None or none of listed,"Not identified, the driver has fled",Not identified,No,0,1844956.777869421,6315765.5161693925,49.24048440500007,16.57352872100006
1736,2020/05/22 00:00,0,0,0,Mon,Day,Collision with a parked vehicle,The driver of the motor vehicle,Not tested,Clear,"Bus stop, trolleybus, tramway without boarding. islet",Passenger car without a trailer,"Private, not used for business activity",No,0,1848154.5492429954,6306964.785152328,49.188841399000054,16.602254790000075
1737,2020/05/22 00:00,0,0,0,Mon,Day,Collision with a parked vehicle,The driver of the motor vehicle,Not tested,Clear,None or none of listed,"Not identified, the driver has fled",Not identified,No,0,1850847.7035761836,6309979.634653796,49.206538720000026,16.626447807000034
1738,2020/05/22 00:00,0,0,1,Mon,Night,Crash,The driver of the motor vehicle,Not tested,Clear,Near the pedestrian crossing,"Not identified, the driver has fled",Not identified,No,0,1848420.6056089734,6310151.9865303775,49.20755024300005,16.60464481500003
1739,2020/05/21 00:00,0,0,1,Sun,Day,Collision with pedestrian,Pedestrian,No,Clear,None or none of listed,Passenger car without a trailer,"Private, not used for business activity",No,0,1851094.2647823882,6310027.839587885,49.206821634000036,16.628662704000078
1740,2020/05/21 00:00,0,0,0,Sun,Day,Collision with a fixed obstacle,Other,Not tested,Clear,None or none of listed,Bus,Public transport,No,20000,1846046.7018830797,6306120.35490762,49.18388341500001,16.58331967500004
1741,2020/05/21 00:00,0,0,0,Sun,Day,Collision with a non rail vehicle,The driver of the motor vehicle,Not tested,Clear,Pedestrian crossing,Passenger car without a trailer,Private company,No,0,1847743.649966843,6309923.357973441,49.20620843100004,16.59856361900006
1742,2020/05/21 00:00,0,0,0,Sun,Night,Collision with a parked vehicle,The driver of the motor vehicle,Not tested,Clear,Parking slot adjacent to the road,"Not identified, the driver has fled",Not identified,No,0,1845495.2502838944,6319434.657098071,49.26199912100003,16.57836590100004
1743,2020/05/21 00:00,0,0,1,Sun,Day,Collision with pedestrian,The driver of the motor vehicle,No,Clear,"Bus, trolleybus, tram stop. islet",Troleybus,Public transport,No,0,1844752.1077460807,6307752.911271782,49.19346835100004,16.571690138000065
1744,2020/05/21 00:00,0,0,1,Sun,Night,Collision with a non rail vehicle,The driver of the motor vehicle,No,Clear,Near the pedestrian crossing,Passenger car without a trailer,"Private, not used for business activity",No,10000,1849799.4325329917,6307497.88393201,49.19197117700003,16.61703102800004
1745,2020/05/20 00:00,0,0,0,Sat,Night,Collision with wildlife animals,"Forest animals, pets",Not tested,Clear,None or none of listed,Truck with semi-trailer,Registered outside of the Czech Republic,No,50000,1844714.2829415775,6302236.216218693,49.16107170200007,16.571350352000024
1746,2020/05/20 00:00,0,0,0,Sat,Night,Crash,The driver of the motor vehicle,Under influence of alcohol,Clear,None or none of listed,Motorbike,"Private, not used for business activity",No,5000,1848853.4387209925,6307731.299193376,49.19334147600005,16.608533021000028
1747,2020/05/20 00:00,0,0,0,Sat,Day,Collision with a non rail vehicle,The driver of the motor vehicle,No,Clear,None or none of listed,Passenger car without a trailer,"Private, not used for business activity",No,0,1840360.3394329436,6308172.127399832,49.195929320000054,16.532238212000035
1748,2020/05/20 00:00,0,0,0,Sat,Night,Collision with a parked vehicle,The driver of the motor vehicle,Not tested,Clear,Parking slot adjacent to the road,"Not identified, the driver has fled",Not identified,No,0,1850617.6546126916,6314745.88807965,49.23450395400004,16.624381242000023
1749,2020/05/20 00:00,0,0,1,Sat,Day,Crash,Driver of a non-motorized vehicle,No,Clear,None or none of listed,Bicycle,"Private, not used for business activity",No,10000,1848576.439203791,6322143.85867508,49.27787903000006,16.606044692000065
1750,2020/05/20 00:00,0,0,1,Sat,Day,Collision with a non rail vehicle,The driver of the motor vehicle,No,Clear,Near the pedestrian crossing,Passenger car without a trailer,"Private, not used for business activity",No,50000,1848096.3047703416,6310085.617921781,49.20716073200002,16.60173157100007
1751,2020/05/20 00:00,0,0,2,Sat,Night,Collision with a non rail vehicle,The driver of the motor vehicle,No,Clear,None or none of listed,Passenger car without a trailer,"Private, not used for business activity",No,30000,1853265.641173819,6306541.1608081255,49.186354195000035,16.648168510000062
1752,2020/05/19 00:00,0,1,0,Fri,Day,Collision with a non rail vehicle,The driver of the motor vehicle,No,Clear,"Bridge, overpass, underpass, tunnel",Motorbike,"Private, not used for business activity",No,20000,1847177.1270444395,6302745.669174039,49.16406434000003,16.59347445700007
1753,2020/05/19 00:00,0,0,0,Fri,Day,Collision with a fixed obstacle,The driver of the motor vehicle,No,Clear,"Exit from the car park, forest roads, etc.",Passenger car without a trailer,Private company,No,80000,1849408.8879144115,6306800.198732218,49.18787508600007,16.613522706000026
1754,2020/05/19 00:00,0,0,0,Fri,Day,Collision with a fixed obstacle,The driver of the motor vehicle,No,Clear,Near the pedestrian crossing,Truck,"Private, not used for business activity",No,0,1855306.5435523123,6308989.189220207,49.200725453000075,16.66650224800003
1755,2020/05/19 00:00,0,0,0,Fri,Night,Collision with a parked vehicle,The driver of the motor vehicle,No,Clear,None or none of listed,"Not identified, the driver has fled",Not identified,No,0,1847254.5503068783,6310521.629669095,49.20971958700005,16.59416996200002
1756,2020/05/19 00:00,0,0,3,Fri,Day,Other collisions,The driver of the motor vehicle,Not tested,Clear,Pedestrian crossing,"Not identified, the driver has fled",Not identified,No,0,1847163.8186879945,6307247.751460608,49.19050269500007,16.59335490600006
1757,2020/05/19 00:00,0,0,0,Fri,Day,Collision with a fixed obstacle,The driver of the motor vehicle,No,Clear,None or none of listed,Passenger car without a trailer,"Private, not used for business activity",No,10000,1848883.5096776828,6308147.982338052,49.19578758200003,16.608803153000053
1758,2020/05/19 00:00,0,0,0,Fri,Night,Collision with a parked vehicle,The driver of the motor vehicle,Not tested,Clear,None or none of listed,"Not identified, the driver has fled",Not identified,No,0,1855023.1547416123,6309798.177789236,49.20547373800007,16.663956523000024
1759,2020/05/19 00:00,0,0,1,Fri,Day,Crash,The driver of the motor vehicle,No,Clear,"Exit from the car park, forest roads, etc.",Motorbike,"Private, not used for business activity",Yes,20000,1839519.5722620504,6308358.3753739195,49.19702263200002,16.524685472000044
1760,2020/05/19 00:00,0,0,1,Fri,Day,Collision with a non rail vehicle,The driver of the motor vehicle,No,Clear,None or none of listed,Passenger car without a trailer,"Private, not used for business activity",No,2000,1850815.3326475003,6307383.648827767,49.191300529000046,16.626157014000057
1761,2020/05/19 00:00,0,0,0,Fri,Night,Collision with a parked vehicle,The driver of the motor vehicle,Not tested,Clear,Parking slot adjacent to the road,"Not identified, the driver has fled",Not identified,No,0,1847065.8146780906,6302938.567206682,49.16519741800004,16.592474521000042
1762,2020/05/19 00:00,0,0,1,Fri,Day,Collision with a non rail vehicle,The driver of the motor vehicle,No,Clear,None or none of listed,Truck,Private company,No,120000,1853913.2946316705,6306480.842325238,49.18600004000006,16.653986480000068
1763,2020/05/19 00:00,0,0,0,Fri,Night,Collision with a fixed obstacle,The driver of the motor vehicle,No,Clear,Parking slot adjacent to the road,Truck,Private company,No,0,1848885.8367003177,6307838.107263599,49.193968496000075,16.60882405700005
1764,2020/05/18 00:00,0,0,1,Thu,Day,Collision with a non rail vehicle,The driver of the motor vehicle,No,Clear,None or none of listed,Passenger car without a trailer,"Private, used for business activity",Yes,50000,1846482.0326705119,6302254.877902473,49.161181328000055,16.58723031800002
1765,2020/05/18 00:00,0,0,1,Thu,Night,Collision with a non rail vehicle,The driver of the motor vehicle,No,Clear,None or none of listed,Passenger car without a trailer,"Private, not used for business activity",No,30000,1856941.4385896844,6304509.455418289,49.174423809000075,16.68118876000005
1766,2020/05/18 00:00,0,0,1,Thu,Day,Collision with a non rail vehicle,The driver of the motor vehicle,No,Clear,None or none of listed,Passenger car without a trailer,Private company,No,40000,1856672.8974613443,6303419.71013608,49.16802352600006,16.678776414000023
1767,2020/05/18 00:00,0,0,0,Thu,Day,Collision with a non rail vehicle,The driver of the motor vehicle,No,Clear,None or none of listed,Truck with semi-trailer,Registered outside of the Czech Republic,No,5000,1851483.954133317,6302756.407784749,49.16412741900006,16.63216334300006
1768,2020/05/18 00:00,0,0,1,Thu,Day,Collision with a non rail vehicle,Driver of a non-motorized vehicle,No,Clear,None or none of listed,Bicycle,"Private, not used for business activity",No,1000,1852141.1720504935,6308661.338820261,49.19880103500002,16.638067232000026
1769,2020/05/18 00:00,0,0,1,Thu,Day,Collision with a non rail vehicle,The driver of the motor vehicle,No,Clear,Parking slot adjacent to the road,Passenger car without a trailer,"Private, not used for business activity",No,60000,1846903.352007602,6313977.487036409,49.22999655300002,16.591015094000053
1770,2020/05/18 00:00,0,0,0,Thu,Day,Collision with a parked vehicle,The driver of the motor vehicle,Not tested,Clear,Parking slot adjacent to the road,Truck,Private company,No,0,1856634.1972403722,6310679.427093679,49.210645632000066,16.678428764000046
1771,2020/05/18 00:00,0,0,0,Thu,Night,Collision with a parked vehicle,The driver of the motor vehicle,Not tested,Clear,Parking slot adjacent to the road,"Not identified, the driver has fled",Not identified,No,0,1850180.0238532594,6307595.994107824,49.192547152000024,16.620449938000036
1772,2020/05/18 00:00,0,0,0,Thu,Day,Collision with a fixed obstacle,The driver of the motor vehicle,Not tested,Clear,None or none of listed,Truck,Private company,No,0,1850758.9902909864,6307455.098220175,49.19171999300004,16.62565088200006
1773,2020/05/17 00:00,0,0,0,Wed,Night,Collision with wildlife animals,"Forest animals, pets",Not tested,Clear,None or none of listed,Passenger car without a trailer,"Private, not used for business activity",No,30000,1858083.778610097,6313306.460934376,49.226060012000055,16.691450575000033
1774,2020/05/17 00:00,0,0,1,Wed,Day,Collision with a non rail vehicle,The driver of the motor vehicle,No,Clear,None or none of listed,Truck,Private company,No,20000,1849295.9770001785,6308994.178581378,49.20075473900004,16.612508410000036
1775,2020/05/17 00:00,0,0,0,Wed,Night,Collision with a parked vehicle,The driver of the motor vehicle,Not tested,Clear,None or none of listed,"Not identified, the driver has fled",Not identified,No,0,1845210.2180635554,6311736.611542592,49.216849344000074,16.57580541300007
1776,2020/05/17 00:00,0,0,1,Wed,Day,Crash,The driver of the motor vehicle,No,Clear,Pedestrian crossing,Motorbike,"Private, not used for business activity",Yes,0,1849508.2194092455,6307770.115633047,49.193569350000075,16.614415016000066
1777,2020/05/17 00:00,0,0,0,Wed,Night,Collision with a parked vehicle,The driver of the motor vehicle,Not tested,Clear,Parking slot adjacent to the road,"Not identified, the driver has fled",Not identified,No,0,1843850.532080697,6304598.647914511,49.17494761700004,16.563591146000018
1778,2020/05/17 00:00,0,0,0,Wed,Day,Collision with a non rail vehicle,The driver of the motor vehicle,No,Clear,Near the pedestrian crossing,Passenger car without a trailer,"Private, not used for business activity",No,1000,1852086.452064242,6311535.672769276,49.21567026600007,16.63757567400006