objectid,date,dead,serious.injuries,light.injuries,day.of.the.week,day/night,type.of.the.accident,cause.of.the.accident,alcohol.or.drugs,weather.conditions,place,vehicle.type,vehicle.characteristic,skid,total.damage.in.czk,x,y,lat,lng
1779,2020/05/17 00:00,0,0,0,Wed,Day,Collision with a non rail vehicle,The driver of the motor vehicle,Not tested,Clear,None or none of listed,"Not identified, the driver has fled",Not identified,No,0,1844675.1676102225,6310335.8133571595,49.208629089000056,16.57099897300003
1780,2020/05/17 00:00,0,0,1,Wed,Day,Other collisions,The driver of the motor vehicle,No,Clear,Near the pedestrian crossing,Bus,Public transport,No,0,1847376.5278596797,6306627.218626785,49.18685947200003,16.59526570500003
1781,2020/05/17 00:00,0,0,0,Wed,Night,Collision with a parked vehicle,The driver of the motor vehicle,Not tested,Clear,Parking slot adjacent to the road,"Not identified, the driver has fled",Not identified,No,0,1850349.7160567613,6308756.30045398,49.199358449000044,16.621974309000052
1782,2020/05/17 00:00,0,0,0,Wed,Night,Collision with a fixed obstacle,The driver of the motor vehicle,No,Clear,None or none of listed,Passenger car without a trailer,"Private, not used for business activity",Yes,50000,1835961.5785859951,6311132.11214695,49.21330214900007,16.49272347100003
1783,2020/05/17 00:00,0,0,0,Wed,Night,Collision with a parked vehicle,The driver of the motor vehicle,Not tested,Clear,Parking slot adjacent to the road,"Not identified, the driver has fled",Not identified,No,0,1849310.1937236676,6308091.238700056,49.19545448000008,16.612636121000037
1784,2020/05/17 00:00,0,0,0,Wed,Night,Collision with a parked vehicle,The driver of the motor vehicle,Not tested,Clear,Parking slot adjacent to the road,"Not identified, the driver has fled",Not identified,No,0,1849167.1590873073,6308390.225833252,49.19720959800003,16.611351219000028
1785,2020/05/16 00:00,0,0,0,Tue,Night,Collision with a parked vehicle,The driver of the motor vehicle,Not tested,Clear,None or none of listed,"Not identified, the driver has fled",Not identified,No,0,1854474.2397796677,6309807.90956508,49.20553085500005,16.659025536000055
1786,2020/05/16 00:00,0,0,1,Tue,Day,Collision with a non rail vehicle,The driver of the motor vehicle,No,Clear,None or none of listed,Passenger car without a trailer,"Private, not used for business activity",No,30000,1854211.6299764372,6296849.595502955,49.12941844900007,16.65666647200004
1787,2020/05/16 00:00,0,0,0,Tue,Day,Collision with a parked vehicle,The driver of the motor vehicle,No,Clear,None or none of listed,Passenger car without a trailer,"Private, not used for business activity",No,20000,1843812.5840455235,6320374.007686165,49.26750567700003,16.563250253000035
1788,2020/05/16 00:00,0,0,0,Tue,Day,Collision with a non rail vehicle,The driver of the motor vehicle,No,Clear,Pedestrian crossing,Passenger car without a trailer,"Private, not used for business activity",No,30000,1853096.936596842,6308080.198757628,49.19538967200003,16.64665301100007
1789,2020/05/16 00:00,0,0,1,Tue,Day,Collision with a non rail vehicle,The driver of the motor vehicle,No,Clear,Near the pedestrian crossing,Passenger car without a trailer,"Private, not used for business activity",No,30000,1854615.0582676039,6300527.675647729,49.151034041000045,16.66029053000005
1790,2020/05/16 00:00,0,0,0,Tue,Night,Collision with a parked vehicle,The driver of the motor vehicle,Not tested,Clear,Parking slot adjacent to the road,"Not identified, the driver has fled",Not identified,No,0,1857193.478941219,6311097.600943066,49.213099630000045,16.683452877000036
1791,2020/05/16 00:00,0,0,0,Tue,Day,Collision with a parked vehicle,The driver of the motor vehicle,Not tested,Clear,None or none of listed,Passenger car without a trailer,"Private, not used for business activity",No,10000,1846055.7823252643,6311269.956948368,49.21411104300007,16.58340124600005
1792,2020/05/16 00:00,0,0,0,Tue,Day,Collision with a parked vehicle,The driver of the motor vehicle,Not tested,Clear,None or none of listed,Passenger car without a trailer,"Private, not used for business activity",No,10000,1848051.0055299536,6306512.05313276,49.18618329200006,16.601324641000076
1793,2020/05/16 00:00,0,0,0,Tue,Night,Collision with a parked vehicle,The driver of the motor vehicle,Not tested,Clear,Parking slot adjacent to the road,"Not identified, the driver has fled",Not identified,No,0,1849909.9268123982,6309665.970759242,49.204697792000054,16.618023615000023
1794,2020/05/15 00:00,0,0,0,Mon,Day,Collision with a non rail vehicle,The driver of the motor vehicle,No,Clear,Gas station,"Not identified, the driver has fled",Not identified,No,0,1841503.2987236902,6311969.045015894,49.21821319300005,16.542505590000076
1795,2020/05/15 00:00,0,0,1,Mon,Day,Collision with a non rail vehicle,The driver of the motor vehicle,No,Clear,Pedestrian crossing,Passenger car without a trailer,"Private, not used for business activity",No,20000,1845168.2096499486,6307525.822922866,49.19213519900006,16.575428045000024
1796,2020/05/15 00:00,0,0,0,Mon,Night,Collision with a fixed obstacle,The driver of the motor vehicle,Not tested,Clear,None or none of listed,"Not identified, the driver has fled",Not identified,No,0,1845011.1648990784,6314431.713708886,49.23266107300002,16.57401728800005
1797,2020/05/15 00:00,0,0,0,Mon,Night,Collision with a parked vehicle,The driver of the motor vehicle,Not tested,Clear,None or none of listed,Passenger car without a trailer,Private company,No,5000,1842340.9381508462,6310958.057622896,49.21228075200001,16.55003023300003
1798,2020/05/15 00:00,0,0,0,Mon,Night,Collision with a parked vehicle,The driver of the motor vehicle,Not tested,Clear,Parking slot adjacent to the road,"Not identified, the driver has fled",Not identified,No,0,1853504.7419703852,6296904.817992552,49.12974305400007,16.650316389000068
1799,2020/05/15 00:00,0,0,0,Mon,Day,Collision with a fixed obstacle,Other,Not tested,Clear,Pedestrian crossing,Passenger car without a trailer,Private company,No,50000,1842219.7537494195,6312098.89076158,49.21897507200003,16.548941615000047
1800,2020/05/15 00:00,0,0,0,Mon,Day,Collision with a non rail vehicle,The driver of the motor vehicle,No,Clear,Pedestrian crossing,Passenger car without a trailer,Private company,No,110000,1850930.399263674,6306829.099949385,49.188044771000065,16.62719067500006
1801,2020/05/15 00:00,0,0,1,Mon,Day,Collision with pedestrian,Pedestrian,No,Clear,Pedestrian crossing,Tram,Public transport,No,2000,1849188.2238519124,6307354.46039975,49.19112916900008,16.61154044700004
1802,2020/05/15 00:00,0,0,0,Mon,Night,Collision with a parked vehicle,The driver of the motor vehicle,Not tested,Clear,None or none of listed,"Not identified, the driver has fled",Not identified,No,0,1849587.813735717,6307823.943558697,49.19388534800004,16.615130024000052
1803,2020/05/15 00:00,0,1,0,Mon,Day,Collision with pedestrian,Pedestrian,No,Clear,None or none of listed,Passenger car without a trailer,"Private, not used for business activity",No,1000,1847123.2462958253,6305810.577032297,49.18206446200002,16.592990438000072
1804,2020/05/15 00:00,0,0,0,Mon,Night,Collision with a parked vehicle,The driver of the motor vehicle,Not tested,Clear,None or none of listed,"Not identified, the driver has fled",Not identified,No,0,1846587.8605481887,6313608.429453797,49.22783153400007,16.58818098600005
1805,2020/05/15 00:00,0,0,1,Mon,Day,Collision with a non rail vehicle,The driver of the motor vehicle,No,Rain,None or none of listed,Passenger car without a trailer,"Private, not used for business activity",No,30000,1855156.3467312397,6299235.607319577,49.14344180000006,16.66515300700007
1806,2020/05/15 00:00,0,0,1,Mon,Day,Collision with a non rail vehicle,The driver of the motor vehicle,No,Rain,None or none of listed,Passenger car without a trailer,"Private, not used for business activity",No,10000,1853329.9839508177,6306536.047886418,49.18632417500003,16.64874651100007
1807,2020/05/15 00:00,0,1,0,Mon,Day,Collision with a fixed obstacle,Driver of a non-motorized vehicle,No,Clear,None or none of listed,Bicycle,"Private, not used for business activity",Yes,0,1846434.2882975114,6308762.575400196,49.19939528200006,16.586801423000054
1808,2020/05/15 00:00,0,0,0,Mon,Day,Collision with a parked vehicle,The driver of the motor vehicle,No,Clear,None or none of listed,Truck,Private company,No,10000,1849746.3263453979,6308690.015582826,49.19896936500004,16.61655396700007
1809,2020/05/15 00:00,0,0,0,Mon,Day,Collision with a parked vehicle,The driver of the motor vehicle,No,Clear,Parking slot adjacent to the road,Passenger car without a trailer,"Private, not used for business activity",No,15000,1847419.8411603523,6309996.450820206,49.206637414000056,16.59565479500003
1810,2020/05/15 00:00,0,0,0,Mon,Night,Collision with a parked vehicle,The driver of the motor vehicle,Not tested,Clear,Parking slot adjacent to the road,"Not identified, the driver has fled",Not identified,No,0,1845784.6447811227,6309174.733907631,49.20181453100008,16.58096557600004
1811,2020/05/15 00:00,0,0,0,Mon,Night,Collision with a fixed obstacle,The driver of the motor vehicle,No,Clear,None or none of listed,Truck,"Private, not used for business activity",No,60000,1851092.144591363,6300622.948545993,49.15159382200005,16.628643658000044
1812,2020/05/15 00:00,0,0,0,Mon,Day,Collision with a parked vehicle,The driver of the motor vehicle,Not tested,Clear,None or none of listed,Bus,Public transport - city- local,No,0,1847020.4234878009,6312960.320011811,49.224029271000056,16.592066765000027
1813,2020/05/15 00:00,0,0,0,Mon,Day,Collision with a parked vehicle,The driver of the motor vehicle,Not tested,Clear,Parking slot adjacent to the road,Passenger car without a trailer,"Private, not used for business activity",No,0,1847914.969883937,6306401.518356869,49.18553429200005,16.600102612000054
1814,2020/05/15 00:00,0,0,0,Mon,Night,Collision with a parked vehicle,The driver of the motor vehicle,Not tested,Clear,Parking slot adjacent to the road,"Not identified, the driver has fled",Not identified,No,0,1847634.0531451658,6304769.651310567,49.17595186700003,16.597579094000025
1815,2020/05/14 00:00,0,0,1,Sun,Day,Collision with a non rail vehicle,The driver of the motor vehicle,No,Clear,None or none of listed,Passenger car without a trailer,"Private, not used for business activity",No,0,1843222.638945658,6303179.422959986,49.16661216200002,16.557950686000027
1816,2020/05/14 00:00,0,0,0,Sun,Day,Collision with a fixed obstacle,The driver of the motor vehicle,Under influence of alcohol,Clear,"Bridge, overpass, underpass, tunnel",Passenger car without a trailer,"Private, not used for business activity",Yes,30000,1854954.4196314698,6296002.089070196,49.12443642900007,16.66333906500006
1817,2020/05/14 00:00,0,0,0,Sun,Night,Collision with a parked vehicle,The driver of the motor vehicle,Not tested,Clear,Parking slot adjacent to the road,"Not identified, the driver has fled",Not identified,No,0,1843682.386884162,6303138.229877344,49.166370204000025,16.562080672000032
1818,2020/05/14 00:00,0,0,0,Sun,Night,Collision with a parked vehicle,The driver of the motor vehicle,Not tested,Clear,Parking slot adjacent to the road,"Not identified, the driver has fled",Not identified,No,0,1847733.5523984705,6301135.919752529,49.15460770300007,16.598472911000044
1819,2020/05/14 00:00,0,0,0,Sun,Night,Collision with a parked vehicle,The driver of the motor vehicle,Not tested,Clear,None or none of listed,"Not identified, the driver has fled",Not identified,No,0,1847327.598713339,6308044.461966309,49.19517988500006,16.594826167000065
1820,2020/05/14 00:00,0,0,1,Sun,Day,Collision with a non rail vehicle,The driver of the motor vehicle,No,Clear,Pedestrian crossing,Passenger car without a trailer,"Private, not used for business activity",No,80000,1849111.6703286513,6306947.887317733,49.18874219000003,16.610852755000053
1821,2020/05/14 00:00,0,0,0,Sun,Night,Collision with a parked vehicle,The driver of the motor vehicle,Not tested,Clear,None or none of listed,"Not identified, the driver has fled",Not identified,No,0,1845475.313074415,6303703.779061089,49.16969199700003,16.578186802000058
1822,2020/05/14 00:00,0,0,1,Sun,Night,Crash,The driver of the motor vehicle,No,Clear,None or none of listed,Motorbike,"Private, not used for business activity",No,10000,1842149.3842465102,6308595.257763791,49.198413143000025,16.548309475000053
1823,2020/05/14 00:00,0,0,0,Sun,Night,Collision with a parked vehicle,The driver of the motor vehicle,Not tested,Clear,Parking slot adjacent to the road,"Not identified, the driver has fled",Not identified,No,0,1857071.5924477663,6311325.967236151,49.214439716000065,16.68235795200007
1824,2020/05/14 00:00,0,0,0,Sun,Night,Collision with a parked vehicle,The driver of the motor vehicle,Not tested,Clear,Parking slot adjacent to the road,"Not identified, the driver has fled",Not identified,No,0,1849948.5469946614,6309441.400964742,49.20337972500005,16.61837054600005
1825,2020/05/13 00:00,0,0,1,Sat,Day,Crash,Driver of a non-motorized vehicle,No,Clear,None or none of listed,Bicycle,"Private, not used for business activity",No,1000,1851331.3179682351,6323887.52623796,49.28809678500004,16.630792189000033
1826,2020/05/13 00:00,0,0,1,Sat,Day,Collision with a non rail vehicle,The driver of the motor vehicle,No,Clear,None or none of listed,Truck,Private company,No,0,1847319.6977011585,6308118.908292181,49.19561690900007,16.594755191000047
1827,2020/05/13 00:00,0,0,1,Sat,Day,Crash,The driver of the motor vehicle,No,Clear,"Bus stop, trolleybus, tramway without boarding. islet",Motorbike,"Private, not used for business activity",No,20000,1855459.6165350762,6299955.263890656,49.147670672000054,16.66787732600005
1828,2020/05/13 00:00,0,0,0,Sat,Night,Collision with a parked vehicle,The driver of the motor vehicle,Not tested,Clear,None or none of listed,"Not identified, the driver has fled",Not identified,No,0,1848390.9317289097,6308405.415515517,49.19729876300005,16.604378250000025
1829,2020/05/13 00:00,0,0,1,Sat,Day,Collision with pedestrian,The driver of the motor vehicle,No,Clear,"Bus stop, trolleybus, tramway without boarding. islet",Truck,"Private, not used for business activity",No,0,1849081.07706091,6307458.7360805655,49.19174135000002,16.61057793100002
1830,2020/05/13 00:00,0,0,1,Sat,Day,Collision with a fixed obstacle,The driver of the motor vehicle,No,"At the beginning of the rain, light rain, drizzle, etc.",None or none of listed,Passenger car without a trailer,"Private, not used for business activity",Yes,80000,1847649.755093306,6301855.121313784,49.15883294900004,16.597720147000075
1831,2020/05/13 00:00,0,0,0,Sat,Day,Collision with a fixed obstacle,The driver of the motor vehicle,No,Clear,None or none of listed,Passenger car without a trailer,Private company,No,1000,1842148.725569082,6311921.300029896,49.217933043000066,16.548303558000043
1832,2020/05/13 00:00,0,0,0,Sat,Night,Collision with a parked vehicle,The driver of the motor vehicle,Not tested,Clear,Parking slot adjacent to the road,"Not identified, the driver has fled",Not identified,No,0,1844259.5561800264,6302569.90716843,49.16303189600006,16.56726547200003
1833,2020/05/13 00:00,0,0,0,Sat,Night,Collision with a fixed obstacle,The driver of the motor vehicle,No,Clear,None or none of listed,Bus,Private company,No,70000,1849102.3311799725,6307248.363461748,49.19050628800005,16.61076886000006
1834,2020/05/13 00:00,0,0,0,Sat,Night,Collision with a parked vehicle,The driver of the motor vehicle,No,Clear,Parking slot adjacent to the road,Passenger car without a trailer,"Private, not used for business activity",No,1000,1834387.489371442,6310159.140196958,49.20759222700008,16.478583187000027
1835,2020/05/12 00:00,0,0,0,Fri,Day,Collision with a parked vehicle,The driver of the motor vehicle,Not tested,Clear,Parking slot adjacent to the road,Passenger car without a trailer,"Private, not used for business activity",No,30000,1845244.7911144036,6316598.49144479,49.24536953900008,16.576115988000026
1836,2020/05/12 00:00,0,0,1,Fri,Day,Crash,Driver of a non-motorized vehicle,No,Clear,Pedestrian crossing,Bicycle,"Private, not used for business activity",No,1000,1852732.0301928231,6307978.8497707825,49.19479471700002,16.643375001000038
1837,2020/05/12 00:00,0,0,0,Fri,Night,Collision with a fixed obstacle,The driver of the motor vehicle,Not tested,Clear,Parking slot adjacent to the road,"Not identified, the driver has fled",Not identified,No,0,1847569.6200880653,6305328.05328253,49.17923104700003,16.597000282000067
1838,2020/05/12 00:00,0,0,0,Fri,Day,Collision with a non rail vehicle,The driver of the motor vehicle,Not tested,Clear,None or none of listed,"Not identified, the driver has fled",Not identified,No,0,1844085.5023675587,6307705.309582043,49.193188902000024,16.565701920000038
1839,2020/05/12 00:00,0,0,0,Fri,Night,Collision with a parked vehicle,The driver of the motor vehicle,Not tested,Clear,None or none of listed,"Not identified, the driver has fled",Not identified,No,0,1846982.1340357529,6313108.788710716,49.224900318000024,16.591722805000074
1840,2020/05/12 00:00,0,0,0,Fri,Night,Collision with a parked vehicle,The driver of the motor vehicle,Not tested,Clear,None or none of listed,"Not identified, the driver has fled",Not identified,No,0,1853195.8756904637,6313459.335233036,49.22695686900004,16.64754179600004
1841,2020/05/12 00:00,0,0,1,Fri,Night,Collision with pedestrian,The driver of the motor vehicle,Not tested,Clear,None or none of listed,"Not identified, the driver has fled",Not identified,No,0,1849344.237895621,6307397.351378347,49.191380974000026,16.612941945000046
1842,2020/05/11 00:00,0,0,1,Thu,Night,Crash,The driver of the motor vehicle,Not tested,Clear,None or none of listed,Passenger car without a trailer,"Private, not used for business activity",Yes,200000,1843287.9116856814,6304257.760675792,49.17294563100006,16.558537041000022
1843,2020/05/11 00:00,0,0,0,Thu,Day,Collision with a fixed obstacle,The driver of the motor vehicle,No,Clear,Pedestrian crossing,Passenger car without a trailer,"Private, not used for business activity",No,120000,1848933.8867566406,6310449.762526561,49.209297824000025,16.609255698000027
1844,2020/05/11 00:00,0,0,0,Thu,Night,Collision with a fixed obstacle,The driver of the motor vehicle,Not tested,Clear,"Bus, trolleybus, tram stop. islet","Not identified, the driver has fled",Not identified,No,0,1845800.9287075568,6303886.638648539,49.17076598800002,16.581111857000053
1845,2020/05/11 00:00,0,0,0,Thu,Day,Crash,The driver of the motor vehicle,No,Clear,Near the pedestrian crossing,Passenger car without a trailer,"Private, not used for business activity",No,5000,1849540.0619043072,6307914.231197364,49.19441537900006,16.614701062000048
1846,2020/05/11 00:00,0,0,1,Thu,Day,Collision with a parked vehicle,The driver of the motor vehicle,No,Clear,Parking slot adjacent to the road,Passenger car without a trailer,"Private, not used for business activity",No,10000,1841033.1764765559,6308293.413354978,49.19664129500006,16.538282410000022
1847,2020/05/11 00:00,0,0,0,Thu,Night,Collision with a parked vehicle,The driver of the motor vehicle,Not tested,Clear,None or none of listed,"Not identified, the driver has fled",Not identified,No,0,1849798.2177033909,6313325.573969103,49.22617214200005,16.617020115000056
1848,2020/05/11 00:00,0,0,0,Thu,Night,Collision with a parked vehicle,The driver of the motor vehicle,Not tested,Clear,Parking slot adjacent to the road,"Not identified, the driver has fled",Not identified,No,0,1848887.0251472,6307693.634264046,49.19312036100006,16.608834733000037
1849,2020/05/11 00:00,0,0,0,Thu,Night,Collision with a parked vehicle,The driver of the motor vehicle,No,Clear,None or none of listed,Passenger car without a trailer,Private company,No,10000,1849441.9787462475,6307636.393909848,49.19278432500004,16.61381996600005
1850,2020/05/11 00:00,0,0,0,Thu,Day,Collision with a parked vehicle,The driver of the motor vehicle,Not tested,Clear,Parking slot adjacent to the road,Passenger car without a trailer,"Private, not used for business activity",No,10000,1842095.5950025183,6304881.391409788,49.17660807100003,16.54782627800006
1851,2020/05/10 00:00,0,0,0,Wed,Day,Collision with a non rail vehicle,The driver of the motor vehicle,No,Clear,None or none of listed,Passenger car without a trailer,"Private, not used for business activity",No,40000,1856087.3973487474,6310690.523437266,49.21071075100007,16.67351677700003
1852,2020/05/10 00:00,0,0,0,Wed,Day,Collision with a non rail vehicle,The driver of the motor vehicle,No,Clear,None or none of listed,Passenger car without a trailer,Registered outside of the Czech Republic,No,50000,1843042.6021558386,6311481.048793594,49.215349736000064,16.55633338800004
1853,2020/05/10 00:00,0,0,0,Wed,Day,Collision with a non rail vehicle,The driver of the motor vehicle,No,Clear,None or none of listed,Passenger car without a trailer,"Private, not used for business activity",No,20000,1843039.818834608,6311486.331725879,49.215380736000036,16.55630838500002
1854,2020/05/10 00:00,0,0,0,Wed,Day,Collision with a parked vehicle,The driver of the motor vehicle,No,Clear,Parking slot adjacent to the road,Troleybus,Public transport,No,20000,1850987.183335926,6310242.3742628945,49.208080715000044,16.627700775000047
1855,2020/05/10 00:00,0,0,0,Wed,Day,Collision with a tram,The driver of the motor vehicle,No,Clear,Near the pedestrian crossing,Passenger car without a trailer,Private company,No,150000,1849364.9695923072,6308253.758417693,49.19640851300005,16.613128181000036
1856,2020/05/10 00:00,0,0,1,Wed,Day,Collision with pedestrian,The driver of the motor vehicle,No,Clear,Pedestrian crossing,Passenger car without a trailer,"Private, not used for business activity",No,0,1845015.8967566725,6316006.789370994,49.24189944500005,16.57405979500004
1857,2020/05/10 00:00,0,0,0,Wed,Day,Collision with a parked vehicle,The driver of the motor vehicle,Not tested,Clear,Parking slot adjacent to the road,"Not identified, the driver has fled",Not identified,No,0,1846196.5296800449,6315477.312162602,49.23879406800005,16.58466560100004
1858,2020/05/10 00:00,0,0,1,Wed,Day,Collision with pedestrian,The driver of the motor vehicle,No,Clear,Pedestrian crossing,Passenger car without a trailer,"Private, not used for business activity",No,0,1851006.9428794975,6311820.764954754,49.21734313500008,16.627878278000026
1859,2020/05/10 00:00,0,0,0,Wed,Day,Collision with a parked vehicle,The driver of the motor vehicle,Not tested,Clear,Parking slot adjacent to the road,Passenger car without a trailer,"Private, not used for business activity",No,3000,1847148.9726754217,6309220.516155023,49.20208325200007,16.593221542000038
1860,2020/05/10 00:00,0,0,0,Wed,Night,Collision with a parked vehicle,The driver of the motor vehicle,Not tested,Clear,Parking slot adjacent to the road,Passenger car without a trailer,"Private, not used for business activity",No,40000,1848516.1224074932,6307185.699578661,49.190138393000034,16.605502857000033
1861,2020/05/10 00:00,0,0,0,Wed,Night,Collision with a parked vehicle,The driver of the motor vehicle,Not tested,Clear,Parking slot adjacent to the road,"Not identified, the driver has fled",Not identified,No,0,1851354.3275956614,6310620.316250873,49.210298738000056,16.63099888800002
1862,2020/05/10 00:00,0,0,0,Wed,Night,Collision with a parked vehicle,The driver of the motor vehicle,Not tested,Clear,Parking slot adjacent to the road,"Not identified, the driver has fled",Not identified,No,0,1845912.0522760462,6304619.007566334,49.17506718400005,16.582110097000054
1863,2020/05/09 00:00,0,0,1,Tue,Day,Collision with a non rail vehicle,The driver of the motor vehicle,No,Clear,Pedestrian crossing,Passenger car without a trailer,"Private, not used for business activity",No,5000,1847729.5470118723,6310444.248846324,49.20926546600003,16.598436930000048
1864,2020/05/09 00:00,0,0,0,Tue,Night,Collision with a parked vehicle,The driver of the motor vehicle,Not tested,Clear,"Exit from the car park, forest roads, etc.","Not identified, the driver has fled",Not identified,No,0,1846527.6321395682,6316576.44604573,49.24524025600003,16.587639945000035
1865,2020/05/09 00:00,0,0,0,Tue,Day,Collision with a fixed obstacle,The driver of the motor vehicle,Not tested,Clear,None or none of listed,Truck,Private company,No,0,1841888.3206710056,6308016.8910792405,49.195018034000036,16.545964301000026
1866,2020/05/09 00:00,0,0,0,Tue,Day,Collision with a fixed obstacle,The driver of the motor vehicle,No,Clear,Parking slot adjacent to the road,Passenger car without a trailer,"Private, not used for business activity",No,90000,1847383.3914855237,6305592.541604931,49.18078416200006,16.59532736200003
1867,2020/05/09 00:00,0,0,0,Tue,Night,Collision with a fixed obstacle,The driver of the motor vehicle,Not tested,Clear,Parking slot adjacent to the road,Truck,Private company,No,5000,1849317.0949755004,6308061.084503177,49.19527746500005,16.612698116000047
1868,2020/05/09 00:00,0,0,0,Tue,Day,Collision with a non rail vehicle,The driver of the motor vehicle,Not tested,Clear,None or none of listed,"Not identified, the driver has fled",Not identified,No,0,1845667.0732537692,6313955.115405088,49.22986531600004,16.579909413000053
1869,2020/05/09 00:00,0,1,0,Tue,Day,Collision with a non rail vehicle,The driver of the motor vehicle,No,Clear,Pedestrian crossing,Passenger car without a trailer,"Private, not used for business activity",No,30000,1844088.1128096192,6311492.429426782,49.215416517000044,16.56572537000005
1870,2020/05/09 00:00,0,0,0,Tue,Day,Collision with a fixed obstacle,The driver of the motor vehicle,No,Clear,None or none of listed,Passenger car without a trailer,"Private, not used for business activity",No,0,1848253.2378677602,6308635.925733054,49.19865186200008,16.603141325000024
1871,2020/05/08 00:00,0,0,0,Mon,Night,Collision with a parked vehicle,The driver of the motor vehicle,Not tested,Clear,Parking slot adjacent to the road,"Not identified, the driver has fled",Not identified,No,0,1854613.070212815,6307142.212672818,49.18988308300004,16.66027267100003
1872,2020/05/08 00:00,0,1,0,Mon,Day,Collision with pedestrian,Pedestrian,Under influence of alcohol,Clear,Near the pedestrian crossing,Passenger car without a trailer,"Private, not used for business activity",No,0,1848671.8488016357,6309405.591953247,49.203169548000055,16.606901771000025
1873,2020/05/08 00:00,0,0,1,Mon,Day,Collision with a non rail vehicle,The driver of the motor vehicle,No,Clear,None or none of listed,Small motorbike,"Private, not used for business activity",No,10000,1852633.9323405938,6310360.744244192,49.20877540200006,16.642493773000066
1874,2020/05/08 00:00,0,0,0,Mon,Night,Collision with a parked vehicle,The driver of the motor vehicle,No,Clear,None or none of listed,Passenger car without a trailer,Registered outside of the Czech Republic,No,0,1849580.048088036,6308554.270569712,49.19817254900005,16.61506026400002
1875,2020/05/07 00:00,0,0,0,Sun,Night,Collision with a parked vehicle,The driver of the motor vehicle,Not tested,Clear,Parking slot adjacent to the road,"Not identified, the driver has fled",Not identified,No,0,1846908.8821372637,6306812.213457834,49.187945627000026,16.59106477200004
1876,2020/05/07 00:00,0,0,0,Sun,Night,Collision with a parked vehicle,The driver of the motor vehicle,Under influence of alcohol,Clear,Gas station,Truck,"Private, not used for business activity",No,4000,1848197.4419786308,6304833.659152924,49.17632776000004,16.602640102000066
1877,2020/05/07 00:00,0,0,0,Sun,Day,Collision with a fixed obstacle,The driver of the motor vehicle,No,Clear,None or none of listed,Truck,"Private, not used for business activity",No,20000,1848309.5598528075,6311574.422553781,49.21589764600003,16.60364727400002
1878,2020/05/07 00:00,0,0,0,Sun,Day,Collision with a fixed obstacle,The driver of the motor vehicle,No,Clear,None or none of listed,Passenger car without a trailer,"Private, not used for business activity",No,60000,1839307.2464746868,6313404.475994662,49.22663503200004,16.52277811700003
1879,2020/05/07 00:00,0,0,2,Sun,Day,Collision with a non rail vehicle,The driver of the motor vehicle,No,Clear,None or none of listed,Truck,Private company,Yes,40000,1855710.5892213765,6301597.954507583,49.15732215800004,16.670131852000054
1880,2020/05/07 00:00,0,0,1,Sun,Day,Collision with a fixed obstacle,The driver of the motor vehicle,No,Rain,"Bus stop, trolleybus, tramway without boarding. islet",Passenger car without a trailer,"Private, not used for business activity",Yes,70000,1848528.8132747228,6307229.9867543075,49.19039840000005,16.605616861000044
1881,2020/05/07 00:00,0,0,1,Sun,Day,Collision with a fixed obstacle,The driver of the motor vehicle,No,Clear,None or none of listed,Passenger car without a trailer,"Private, not used for business activity",Yes,30000,1851798.271060783,6308004.612983171,49.194945957000066,16.634986900000058
1882,2020/05/07 00:00,0,0,0,Sun,Night,Collision with a parked vehicle,The driver of the motor vehicle,Not tested,Clear,Parking slot adjacent to the road,"Not identified, the driver has fled",Not identified,No,0,1854124.0626140768,6307623.448298185,49.19270832600005,16.655879841000054
1883,2020/05/07 00:00,0,0,0,Sun,Night,Collision with a parked vehicle,The driver of the motor vehicle,No,Clear,Parking slot adjacent to the road,Passenger car without a trailer,"Private, not used for business activity",No,0,1848331.7130993928,6311602.03047804,49.21605964600007,16.603846280000027
1884,2020/05/07 00:00,0,0,0,Sun,Night,Collision with a non rail vehicle,The driver of the motor vehicle,No,Clear,Pedestrian crossing,Passenger car without a trailer,Private company,No,120000,1850117.873513637,6306632.910177717,49.18689288900002,16.619891632000076
1885,2020/05/07 00:00,0,0,0,Sun,Day,Collision with a fixed obstacle,The driver of the motor vehicle,Not tested,Clear,None or none of listed,Truck,"Private, used for business activity",No,0,1843983.2330400483,6304829.895054072,49.17630565500007,16.564783219000045
1886,2020/05/06 00:00,0,0,0,Sat,Day,Collision with a non rail vehicle,The driver of the motor vehicle,No,Clear,Gas station,Passenger car without a trailer,"Private, not used for business activity",No,90000,1852071.8132172404,6302291.446758222,49.161396147000055,16.637444171000027
1887,2020/05/06 00:00,0,0,0,Sat,Night,Collision with a parked vehicle,The driver of the motor vehicle,Not tested,Clear,"Exit from the car park, forest roads, etc.","Not identified, the driver has fled",Not identified,No,0,1847587.0077472467,6305938.434281831,49.182815222000045,16.597156478000045
1888,2020/05/06 00:00,0,1,0,Sat,Day,Collision with pedestrian,The driver of the motor vehicle,No,Clear,Pedestrian crossing,Passenger car without a trailer,Private company,No,10000,1850879.0760803586,6303623.858930457,49.169222594000075,16.626729631000046
1889,2020/05/06 00:00,0,0,0,Sat,Night,Collision with a parked vehicle,The driver of the motor vehicle,Not tested,Clear,Parking slot adjacent to the road,"Not identified, the driver has fled",Not identified,No,0,1836644.648785122,6311574.333935905,49.21589712600007,16.498859595000052