objectid,date,dead,serious.injuries,light.injuries,day.of.the.week,day/night,type.of.the.accident,cause.of.the.accident,alcohol.or.drugs,weather.conditions,place,vehicle.type,vehicle.characteristic,skid,total.damage.in.czk,x,y,lat,lng
1890,2020/05/06 00:00,0,0,0,Sat,Day,Collision with a parked vehicle,The driver of the motor vehicle,No,Clear,Parking slot adjacent to the road,Passenger car without a trailer,"Private, not used for business activity",No,1000,1848449.5427766487,6306897.66377205,49.18844732100006,16.604904762000043
1891,2020/05/06 00:00,0,0,1,Sat,Day,Collision with a non rail vehicle,The driver of the motor vehicle,No,Clear,Parking slot adjacent to the road,Passenger car without a trailer,"Private, not used for business activity",No,10000,1847072.7109205488,6302786.021729466,49.164301372000075,16.592536471000074
1892,2020/05/06 00:00,0,0,0,Sat,Day,Collision with a parked vehicle,Driver of a non-motorized vehicle,Under influence of alcohol,Clear,Parking slot adjacent to the road,Bicycle,"Private, not used for business activity",No,1000,1848701.5174496884,6308569.465147381,49.19826174100006,16.60716828900007
1893,2020/05/06 00:00,0,0,0,Sat,Night,Collision with a fixed obstacle,Technical defect of the vehicle,Not tested,Clear,None or none of listed,Passenger car without a trailer,"Private, not used for business activity",No,50000,1857980.984967787,6305872.316841291,49.18242699100005,16.69052716400006
1894,2020/05/06 00:00,0,0,0,Sat,Night,Collision with a non rail vehicle,The driver of the motor vehicle,No,Clear,Near the pedestrian crossing,Passenger car without a trailer,"Private, not used for business activity",No,120000,1845989.6979548295,6312368.391166209,49.220556347000056,16.582807600000024
1895,2020/05/06 00:00,0,0,0,Sat,Day,Collision with a fixed obstacle,The driver of the motor vehicle,Not tested,Clear,"Exit from the car park, forest roads, etc.",Passenger car without a trailer,Private company,No,0,1844728.514693197,6314126.563325584,49.23087105900003,16.57147819800002
1896,2020/05/05 00:00,0,0,0,Fri,Day,Collision with a fixed obstacle,The driver of the motor vehicle,No,Clear,None or none of listed,Truck with semi-trailer,Private company,No,50000,1856486.4906363036,6302624.055988098,49.16334997400003,16.677101893000042
1897,2020/05/05 00:00,0,0,0,Fri,Night,Collision with wildlife animals,"Forest animals, pets",Not tested,Clear,None or none of listed,Passenger car without a trailer,"Private, not used for business activity",No,10000,1837586.693315542,6307130.905194277,49.18981669700002,16.50732212500003
1898,2020/05/05 00:00,0,0,0,Fri,Day,Collision with a non rail vehicle,The driver of the motor vehicle,No,Clear,Pedestrian crossing,Passenger car without a trailer,"Private, not used for business activity",No,20000,1846452.8811014995,6310629.792354221,49.21035434900005,16.586968445000025
1899,2020/05/05 00:00,0,0,0,Fri,Day,Collision with a non rail vehicle,The driver of the motor vehicle,No,Clear,None or none of listed,Passenger car without a trailer,Private company,No,120000,1846012.6396773697,6318832.497483373,49.25846888500007,16.58301368900004
1900,2020/05/05 00:00,0,0,1,Fri,Day,Collision with a non rail vehicle,The driver of the motor vehicle,No,Clear,None or none of listed,Truck,Private company,No,10000,1851069.317305264,6308500.329801787,49.19785591600003,16.62843859700007
1901,2020/05/05 00:00,0,0,0,Fri,Day,Collision with a parked vehicle,The driver of the motor vehicle,Not tested,Clear,None or none of listed,Truck,Private company,No,0,1850275.2075838665,6307748.623090338,49.19344317700006,16.621304988000077
1902,2020/05/05 00:00,0,0,0,Fri,Day,Collision with a non rail vehicle,The driver of the motor vehicle,No,Clear,None or none of listed,Small motorbike,Not identified,No,1000,1853286.7608189282,6299493.619156632,49.144957980000065,16.648358231000028
1903,2020/05/05 00:00,0,0,0,Fri,Night,Collision with a parked vehicle,The driver of the motor vehicle,Not tested,Clear,None or none of listed,"Not identified, the driver has fled",Not identified,No,0,1845996.5642523451,6313899.163488625,49.229537088000015,16.582869281000058
1904,2020/05/05 00:00,0,0,0,Fri,Night,Collision with a parked vehicle,The driver of the motor vehicle,Not tested,Rain,None or none of listed,"Not identified, the driver has fled",Not identified,No,0,1838759.2659285439,6311520.061792901,49.21557866200003,16.517855524000026
1905,2020/05/05 00:00,0,0,0,Fri,Day,Collision with a fixed obstacle,The driver of the motor vehicle,No,Clear,None or none of listed,Passenger car without a trailer,"Private, not used for business activity",No,15000,1850189.1389158065,6313393.342154572,49.22656971400005,16.620531820000057
1906,2020/05/05 00:00,0,0,1,Fri,Night,Crash,The driver of the motor vehicle,No,Clear,None or none of listed,Motorbike,"Private, not used for business activity",No,5000,1848657.746848543,6311041.331449084,49.21276942700006,16.60677509100003
1907,2020/05/05 00:00,0,0,1,Fri,Day,Collision with a non rail vehicle,The driver of the motor vehicle,Not tested,Clear,Parking slot adjacent to the road,Passenger car without a trailer,"Private, not used for business activity",No,5000,1848195.4594898147,6308525.870929473,49.19800584300002,16.60262229300002
1908,2020/05/04 00:00,0,0,0,Thu,Night,Collision with a parked vehicle,The driver of the motor vehicle,Not tested,Clear,None or none of listed,"Not identified, the driver has fled",Not identified,No,0,1850003.0791849373,6305954.697407971,49.18291071600003,16.618860417000064
1909,2020/05/04 00:00,0,0,0,Thu,Day,Collision with a fixed obstacle,The driver of the motor vehicle,No,Clear,None or none of listed,Passenger car without a trailer,"Private, not used for business activity",No,0,1848240.6613256533,6308686.183490813,49.19894687100002,16.603028348000066
1910,2020/05/04 00:00,0,0,1,Thu,Day,Collision with a non rail vehicle,The driver of the motor vehicle,No,Clear,Near the pedestrian crossing,Passenger car without a trailer,"Private, not used for business activity",No,50000,1849139.61107556,6306938.007936402,49.18868418700003,16.61110375100003
1911,2020/05/04 00:00,0,0,0,Thu,Night,Collision with a parked vehicle,The driver of the motor vehicle,Not tested,Clear,Parking slot adjacent to the road,Passenger car without a trailer,"Private, not used for business activity",No,0,1847039.9148627266,6310177.595369353,49.20770053800003,16.59224185900007
1912,2020/05/04 00:00,0,0,2,Thu,Day,Other collisions,The driver of the motor vehicle,Not tested,Clear,None or none of listed,"Not identified, the driver has fled",Not identified,No,0,1850306.6563418896,6305735.0657678805,49.181621065000044,16.62158749700006
1913,2020/05/04 00:00,0,0,1,Thu,Day,Other collisions,The driver of the motor vehicle,No,Clear,Near the pedestrian crossing,Bus,Public transport,No,0,1850527.5266794069,6312769.286319311,49.22290847800007,16.623571609000066
1914,2020/05/04 00:00,0,0,3,Thu,Day,Collision with a non rail vehicle,The driver of the motor vehicle,No,Clear,None or none of listed,Passenger car without a trailer,"Private, not used for business activity",No,50000,1850015.6645212856,6306129.099584022,49.183934761000046,16.61897347300004
1915,2020/05/04 00:00,0,0,0,Thu,Night,Collision with a parked vehicle,The driver of the motor vehicle,Not tested,Clear,"Exit from the car park, forest roads, etc.","Not identified, the driver has fled",Not identified,No,0,1846918.6959522557,6310370.663592842,49.20883361600004,16.591152931000067
1916,2020/05/03 00:00,0,0,0,Wed,Day,Collision with a non rail vehicle,The driver of the motor vehicle,No,Rain,None or none of listed,Passenger car without a trailer,"Private, not used for business activity",Yes,100000,1852446.3200367852,6296897.880903149,49.129702277000035,16.640808423000063
1917,2020/05/03 00:00,0,0,0,Wed,Night,Collision with a non rail vehicle,The driver of the motor vehicle,Not tested,Clear,Pedestrian crossing,"Not identified, the driver has fled",Not identified,No,0,1850487.0659406832,6308704.122309813,49.199052170000066,16.623208144000042
1918,2020/05/03 00:00,0,0,0,Wed,Day,Collision with a fixed obstacle,The driver of the motor vehicle,No,Clear,None or none of listed,Truck,Private company,No,2000,1845367.8474643906,6317940.643573796,49.25323981600007,16.577221422000036
1919,2020/05/03 00:00,0,0,0,Wed,Day,Collision with a fixed obstacle,The driver of the motor vehicle,No,Clear,Pedestrian crossing,Passenger car without a trailer,Private company,No,0,1852293.7813875773,6305319.537799542,49.179181042000025,16.63943814500004
1920,2020/05/03 00:00,0,0,1,Wed,Day,Collision with pedestrian,The driver of the motor vehicle,No,Clear,Pedestrian crossing,Passenger car without a trailer,"Private, not used for business activity",No,5000,1847119.1283652168,6308910.602997421,49.20026417400003,16.592953446000024
1921,2020/05/03 00:00,0,0,1,Wed,Day,Collision with a non rail vehicle,The driver of the motor vehicle,No,Clear,"Bridge, overpass, underpass, tunnel",Passenger car without a trailer,Private company,No,5000,1848538.458106724,6306087.42560942,49.18369006400007,16.605703502000036
1922,2020/05/03 00:00,0,0,0,Wed,Day,Collision with a fixed obstacle,The driver of the motor vehicle,Not tested,Rain,None or none of listed,Truck,Private company,No,0,1844778.4933597029,6310942.461179021,49.21218922700007,16.57192716400004
1923,2020/05/03 00:00,0,0,0,Wed,Day,Collision with a parked vehicle,The driver of the motor vehicle,Not tested,Clear,None or none of listed,Passenger car without a trailer,Private company,No,1000,1847894.7552662843,6310751.145219004,49.21106650900003,16.599921021000057
1924,2020/05/03 00:00,0,0,0,Wed,Night,Collision with a parked vehicle,The driver of the motor vehicle,Not tested,Clear,Parking slot adjacent to the road,"Not identified, the driver has fled",Not identified,No,0,1857118.847794246,6309769.136214137,49.20530328900003,16.682782454000062
1925,2020/05/03 00:00,0,0,0,Wed,Night,Collision with a parked vehicle,The driver of the motor vehicle,Not tested,Clear,None or none of listed,"Not identified, the driver has fled",Not identified,No,0,1848612.5227488135,6307142.770160893,49.18988635600004,16.60636883600006
1926,2020/05/03 00:00,0,0,0,Wed,Day,Collision with a fixed obstacle,The driver of the motor vehicle,Not tested,Clear,Parking slot adjacent to the road,Passenger car without a trailer,"Private, not used for business activity",No,0,1851027.9466410212,6301555.226308971,49.15707113600006,16.628066958000034
1927,2020/05/03 00:00,0,0,0,Wed,Night,Collision with a parked vehicle,The driver of the motor vehicle,Not tested,Clear,Parking slot adjacent to the road,"Not identified, the driver has fled",Not identified,No,0,1844251.062391562,6304944.901846875,49.176981038000065,16.567189171000052
1928,2020/05/02 00:00,0,0,0,Tue,Night,Collision with a parked vehicle,The driver of the motor vehicle,Not tested,Clear,Parking slot adjacent to the road,"Not identified, the driver has fled",Not identified,No,0,1852059.587442848,6305896.545304296,49.18256925700006,16.637334345000056
1929,2020/05/02 00:00,0,0,1,Tue,Day,Collision with pedestrian,Pedestrian,No,Clear,Pedestrian crossing,Tram,Public transport,No,0,1848229.4887449557,6307547.345558069,49.19226155200005,16.602927983000026
1930,2020/05/02 00:00,0,0,1,Tue,Day,Collision with a fixed obstacle,The driver of the motor vehicle,No,Clear,Gas station,Passenger car without a trailer,"Private, not used for business activity",Yes,90000,1845202.079940861,6320658.5295486385,49.26917344800005,16.575732307000067
1931,2020/05/02 00:00,0,0,0,Tue,Night,Collision with a parked vehicle,The driver of the motor vehicle,Not tested,Clear,Parking slot adjacent to the road,"Not identified, the driver has fled",Not identified,No,0,1854912.0751443247,6310260.465489009,49.20818688900004,16.662958678000052
1932,2020/05/02 00:00,0,0,0,Tue,Night,Collision with a parked vehicle,The driver of the motor vehicle,Not tested,Clear,None or none of listed,"Not identified, the driver has fled",Not identified,No,0,1851041.6976037635,6303171.674066073,49.16656664700008,16.628190485000058
1933,2020/05/02 00:00,0,0,0,Tue,Day,Collision with a parked vehicle,The driver of the motor vehicle,Not tested,Clear,Parking slot adjacent to the road,Truck,Private company,No,1000,1845457.6544635922,6310994.412572821,49.212494094000064,16.578028172000074
1934,2020/05/02 00:00,0,0,0,Tue,Night,Collision with a parked vehicle,The driver of the motor vehicle,Not tested,Clear,None or none of listed,"Not identified, the driver has fled",Not identified,No,0,1846416.0934607023,6310500.700937236,49.20959676400002,16.586637976000073
1935,2020/05/02 00:00,0,0,2,Tue,Day,Other collisions,The driver of the motor vehicle,No,Clear,Near the pedestrian crossing,Passenger car without a trailer,"Private, not used for business activity",No,0,1847112.9057170053,6309234.3182938155,49.202164264000025,16.592897547000064
1936,2020/05/02 00:00,0,0,1,Tue,Day,Collision with a tram,The driver of the motor vehicle,No,Clear,None or none of listed,Passenger car without a trailer,"Private, not used for business activity",No,40000,1847358.9471724988,6306515.2045021765,49.18620179500004,16.59510777500003
1937,2020/05/02 00:00,0,0,1,Tue,Day,Collision with a non rail vehicle,The driver of the motor vehicle,No,Clear,None or none of listed,Truck,Private company,No,1000,1858293.679636315,6305856.46720044,49.18233392400003,16.693336148000075
1938,2020/05/02 00:00,0,0,0,Tue,Day,Collision with a non rail vehicle,The driver of the motor vehicle,No,Clear,None or none of listed,Passenger car without a trailer,Registered outside of the Czech Republic,No,2000,1849798.8623545596,6310541.98693763,49.20983905600007,16.617025906000034
1939,2020/05/02 00:00,0,0,0,Tue,Night,Collision with a parked vehicle,The driver of the motor vehicle,Not tested,Clear,None or none of listed,Passenger car without a trailer,"Private, not used for business activity",No,5000,1850059.939844999,6314578.148271094,49.233520036000066,16.61937120500005
1940,2020/05/02 00:00,0,0,0,Tue,Night,Collision with a parked vehicle,The driver of the motor vehicle,Not tested,Clear,"Exit from the car park, forest roads, etc.",Truck,Private company,No,500,1848025.127310564,6311631.485335854,49.216232483000056,16.60109217300004
1941,2020/05/02 00:00,0,0,0,Tue,Night,Collision with a parked vehicle,The driver of the motor vehicle,Not tested,Clear,None or none of listed,"Not identified, the driver has fled",Not identified,No,0,1849699.570489469,6307617.305701919,49.19267226500005,16.61613395200004
1942,2020/05/02 00:00,0,0,0,Tue,Night,Collision with a parked vehicle,The driver of the motor vehicle,Not tested,Clear,Parking slot adjacent to the road,"Not identified, the driver has fled",Not identified,No,0,1838521.8584127524,6312528.19737644,49.221493975000044,16.51572285600002
1943,2020/05/01 00:00,0,0,0,Mon,Day,Other collisions,Technical defect of the vehicle,Not tested,Clear,None or none of listed,"Not identified, the driver has fled",Not identified,No,0,1840439.4570893596,6303671.099949334,49.16950006000007,16.532948938000057
1944,2020/05/01 00:00,0,0,0,Mon,Night,Collision with a fixed obstacle,The driver of the motor vehicle,Not tested,Clear,None or none of listed,"Not identified, the driver has fled",Not identified,No,0,1840968.6735108139,6303588.464008999,49.169014704000055,16.53770297000005
1945,2020/05/01 00:00,0,0,0,Mon,Day,Other collisions,Other,Not tested,Clear,None or none of listed,Passenger car without a trailer,"Private, not used for business activity",No,30000,1855737.8902151727,6296184.594936657,49.12550932200002,16.67037710100004
1946,2020/05/01 00:00,0,0,1,Mon,Day,Collision with a non rail vehicle,The driver of the motor vehicle,No,Clear,Near the pedestrian crossing,Passenger car without a trailer,"Private, not used for business activity",No,5000,1844973.3927487007,6315956.942658483,49.24160710300003,16.573677975000066
1947,2020/05/01 00:00,0,0,0,Mon,Day,Collision with a non rail vehicle,The driver of the motor vehicle,No,Clear,None or none of listed,Passenger car without a trailer,Registered outside of the Czech Republic,No,40000,1831114.1997458762,6317720.296540391,49.25194780400005,16.44917872600007
1948,2020/04/30 00:00,0,0,0,Sun,Night,Collision with a parked vehicle,The driver of the motor vehicle,Not tested,Clear,None or none of listed,"Not identified, the driver has fled",Not identified,No,0,1857468.982435792,6310853.5804891335,49.21166764300004,16.685927767000067
1949,2020/04/30 00:00,0,0,0,Sun,Day,Collision with a parked vehicle,The driver of the motor vehicle,No,Clear,Parking slot adjacent to the road,Passenger car without a trailer,Private company,No,0,1848481.5354417039,6308138.968117633,49.19573466600007,16.605192157000033
1950,2020/04/30 00:00,0,0,0,Sun,Day,Collision with a parked vehicle,The driver of the motor vehicle,Not tested,Clear,Parking slot adjacent to the road,Passenger car without a trailer,"Private, not used for business activity",No,0,1856313.148266701,6310571.912649598,49.21001467800004,16.67554473200005
1951,2020/04/30 00:00,0,0,0,Sun,Night,Collision with a parked vehicle,The driver of the motor vehicle,Not tested,Rain,Parking slot adjacent to the road,"Not identified, the driver has fled",Not identified,No,0,1842008.5397098102,6310936.255838739,49.21215281200005,16.547044247000027
1952,2020/04/29 00:00,0,0,0,Sat,Night,Collision with a parked vehicle,The driver of the motor vehicle,No,Clear,Parking slot adjacent to the road,Passenger car without a trailer,Private company,No,10000,1848041.0621390718,6308590.273749594,49.198383887000034,16.601235318000025
1953,2020/04/29 00:00,0,0,0,Sat,Night,Collision with a parked vehicle,The driver of the motor vehicle,Not tested,Clear,None or none of listed,Passenger car without a trailer,Private company,No,10000,1850719.6236002217,6314778.278413656,49.23469394500005,16.625297245000066
1954,2020/04/29 00:00,0,0,0,Sat,Night,Collision with a parked vehicle,The driver of the motor vehicle,Not tested,Clear,Parking slot adjacent to the road,"Not identified, the driver has fled",Not identified,No,0,1843003.5772159097,6303550.968266774,49.16879447400003,16.555982821000043
1955,2020/04/29 00:00,0,0,0,Sat,Day,Collision with a fixed obstacle,The driver of the motor vehicle,Not tested,Clear,Near the pedestrian crossing,Truck,Private company,No,0,1851302.9947275578,6307105.5386231365,49.18966777000002,16.630537757000067
1956,2020/04/29 00:00,0,0,1,Sat,Day,Collision with a parked vehicle,The driver of the motor vehicle,No,Clear,Parking slot adjacent to the road,Passenger car without a trailer,Private company,No,20000,1846289.205382522,6310903.381158797,49.211959892000024,16.585498121000057
1957,2020/04/29 00:00,0,0,0,Sat,Night,Collision with a fixed obstacle,The driver of the motor vehicle,Not tested,Clear,None or none of listed,"Not identified, the driver has fled",Not identified,No,0,1847275.655035182,6306160.1963439975,49.18411735100005,16.594359549000046
1958,2020/04/28 00:00,0,0,0,Fri,Night,Collision with a parked vehicle,The driver of the motor vehicle,Not tested,Clear,None or none of listed,"Not identified, the driver has fled",Not identified,No,0,1851229.8868764914,6311011.075353229,49.21259187600003,16.629881018000045
1959,2020/04/28 00:00,0,0,0,Fri,Night,Collision with a parked vehicle,The driver of the motor vehicle,Not tested,Clear,None or none of listed,"Not identified, the driver has fled",Not identified,No,0,1851294.1161076082,6310969.150754971,49.21234585000008,16.630457999000043
1960,2020/04/28 00:00,0,0,0,Fri,Night,Collision with a parked vehicle,The driver of the motor vehicle,Not tested,Clear,Parking slot adjacent to the road,"Not identified, the driver has fled",Not identified,No,0,1846000.4813625838,6311972.631993526,49.21823424000007,16.582904469000027
1961,2020/04/28 00:00,0,0,0,Fri,Day,Collision with a non rail vehicle,The driver of the motor vehicle,Not tested,Rain,None or none of listed,Passenger car without a trailer,"Private, not used for business activity",No,1000,1851625.6411359173,6311410.694425566,49.214936898000076,16.633436139000025
1962,2020/04/28 00:00,0,0,0,Fri,Night,Collision with a parked vehicle,The driver of the motor vehicle,Not tested,Rain,Parking slot adjacent to the road,"Not identified, the driver has fled",Not identified,No,0,1845626.2175534929,6308644.708284804,49.19870341500007,16.579542400000037
1963,2020/04/28 00:00,0,0,0,Fri,Night,Collision with a fixed obstacle,The driver of the motor vehicle,No,Rain,None or none of listed,Passenger car without a trailer,"Private, not used for business activity",No,60000,1854781.4131127691,6298636.728761896,49.13992237300005,16.661784921000045
1964,2020/04/28 00:00,0,0,0,Fri,Night,Collision with a parked vehicle,The driver of the motor vehicle,No,"At the beginning of the rain, light rain, drizzle, etc.",Parking slot adjacent to the road,Passenger car without a trailer,"Private, not used for business activity",No,0,1848396.1536149087,6305043.283543793,49.17755878200006,16.604425159000073
1965,2020/04/28 00:00,0,0,0,Fri,Night,Collision with a parked vehicle,The driver of the motor vehicle,Not tested,Clear,Parking slot adjacent to the road,"Not identified, the driver has fled",Not identified,No,0,1851108.4208367511,6301266.524976106,49.15537502400007,16.628789870000045
1966,2020/04/28 00:00,0,0,0,Fri,Night,Collision with a fixed obstacle,The driver of the motor vehicle,Not tested,Clear,"Exit from the car park, forest roads, etc.","Not identified, the driver has fled",Not identified,No,0,1852459.5658316736,6309258.999733729,49.20230913200003,16.640927412000053
1967,2020/04/27 00:00,0,0,0,Thu,Night,Collision with a fixed obstacle,The driver of the motor vehicle,No,Rain,None or none of listed,Passenger car without a trailer,Private company,Yes,150000,1852859.0618731466,6302271.330710144,49.161277978000044,16.644516146000054
1968,2020/04/27 00:00,0,0,0,Thu,Day,Collision with a non rail vehicle,The driver of the motor vehicle,No,Rain,Near the pedestrian crossing,Passenger car without a trailer,"Private, not used for business activity",No,150000,1848413.5025349057,6306052.819082498,49.183486864000024,16.604581007000036
1969,2020/04/27 00:00,0,0,1,Thu,Day,Other collisions,The driver of the motor vehicle,No,Clear,Near the pedestrian crossing,Passenger car without a trailer,Private company,No,0,1845173.1838500802,6307501.590456549,49.19199293700006,16.57547272900007
1970,2020/04/27 00:00,0,0,0,Thu,Night,Collision with a parked vehicle,The driver of the motor vehicle,Not tested,Clear,Parking slot adjacent to the road,"Not identified, the driver has fled",Not identified,No,0,1851080.3540761766,6301294.379320325,49.155538670000055,16.62853774200005
1971,2020/04/27 00:00,0,0,0,Thu,Day,Collision with a fixed obstacle,The driver of the motor vehicle,No,Clear,Parking slot adjacent to the road,Passenger car without a trailer,The Municipal Police,No,0,1846166.206696029,6312252.810563988,49.21987819200006,16.584393205000026
1972,2020/04/27 00:00,0,0,0,Thu,Day,Collision with a parked vehicle,The driver of the motor vehicle,Not tested,Clear,Parking slot adjacent to the road,Passenger car without a trailer,"Private, not used for business activity",No,5000,1846805.729044316,6310537.808606339,49.20981453500007,16.590138132000046
1973,2020/04/27 00:00,0,0,0,Thu,Night,Collision with a parked vehicle,The driver of the motor vehicle,Not tested,Clear,Parking slot adjacent to the road,"Not identified, the driver has fled",Not identified,No,0,1842976.564428277,6304589.994562292,49.17489679800006,16.555740161000074
1974,2020/04/27 00:00,0,0,0,Thu,Day,Collision with a fixed obstacle,The driver of the motor vehicle,Not tested,Clear,"Bridge, overpass, underpass, tunnel",Truck with trailer,Private company,No,0,1846059.6933129323,6311720.3897423465,49.21675415800007,16.583436379000034
1975,2020/04/26 00:00,0,0,0,Wed,Day,Collision with a parked vehicle,The driver of the motor vehicle,No,Clear,Parking slot adjacent to the road,Truck,Private company,No,1000,1844927.133266384,6311740.882496618,49.21687440500004,16.57326241900006
1976,2020/04/26 00:00,0,0,0,Wed,Day,Collision with a parked vehicle,The driver of the motor vehicle,Not tested,Clear,Parking slot adjacent to the road,Passenger car without a trailer,"Private, not used for business activity",No,0,1851627.0570085251,6307923.990607848,49.19447267100002,16.633448858000065
1977,2020/04/26 00:00,0,0,0,Wed,Night,Collision with a parked vehicle,The driver of the motor vehicle,Not tested,Clear,None or none of listed,"Not identified, the driver has fled",Not identified,No,0,1845916.4873558776,6313437.987888748,49.226831633000074,16.58214993800004
1978,2020/04/26 00:00,0,0,1,Wed,Day,Collision with pedestrian,The driver of the motor vehicle,No,Clear,Near the pedestrian crossing,Passenger car without a trailer,"Private, not used for business activity",No,0,1847497.221119518,6307278.571300701,49.19068363500002,16.59634991100006
1979,2020/04/26 00:00,0,0,0,Wed,Day,Collision with a non rail vehicle,The driver of the motor vehicle,No,Clear,None or none of listed,Passenger car without a trailer,"Private, not used for business activity",No,50000,1850426.748365151,6310512.790122164,49.20966771100005,16.622666302000027
1980,2020/04/26 00:00,0,0,0,Wed,Day,Collision with a parked vehicle,The driver of the motor vehicle,No,Clear,None or none of listed,Passenger car without a trailer,"Private, not used for business activity",No,5000,1850089.6350984068,6310765.550364537,49.211151045000065,16.61963796200007
1981,2020/04/26 00:00,0,0,0,Wed,Day,Collision with a parked vehicle,The driver of the motor vehicle,Not tested,Rain,None or none of listed,Truck,Private company,No,0,1845704.0977824498,6310517.085163412,49.20969291700004,16.580242010000063
1982,2020/04/25 00:00,1,0,0,Tue,Day,Collision with a non rail vehicle,The driver of the motor vehicle,No,Clear,None or none of listed,Truck with semi-trailer,Registered outside of the Czech Republic,No,500000,1858920.7994348481,6304370.772912302,49.17360934600003,16.698969661000035
1983,2020/04/25 00:00,0,0,1,Tue,Day,Collision with a non rail vehicle,The driver of the motor vehicle,No,Clear,"Bus stop, trolleybus, tramway without boarding. islet",Passenger car without a trailer,Private company,No,40000,1842924.705686892,6308136.6149095865,49.19572085200008,16.555274306000054
1984,2020/04/25 00:00,0,0,0,Tue,Day,Collision with a parked vehicle,The driver of the motor vehicle,Not tested,Clear,Parking slot adjacent to the road,Truck with trailer,Private company,No,0,1848522.8255106334,6310956.470456567,49.21227143800007,16.605563072000052
1985,2020/04/25 00:00,0,1,0,Tue,Day,Other collisions,Other,Not tested,Clear,Pedestrian crossing,Troleybus,Public transport,No,0,1847349.3639001765,6309649.5353704,49.20460132900006,16.59502168700004
1986,2020/04/25 00:00,0,0,1,Tue,Day,Collision with pedestrian,Pedestrian,Under influence of alcohol,Clear,"Bus, trolleybus, tram stop. islet",Tram,Public transport,No,0,1849411.4148668572,6308956.350247489,49.20053269800007,16.61354540600007
1987,2020/04/24 00:00,0,0,0,Mon,Day,Collision with a non rail vehicle,The driver of the motor vehicle,Not tested,Clear,"Bridge, overpass, underpass, tunnel",Truck,"Private, used for business activity",No,30000,1855237.5540771345,6306690.806091474,49.18723281400002,16.66588250500007
1988,2020/04/24 00:00,0,0,1,Mon,Day,Collision with pedestrian,The driver of the motor vehicle,No,Clear,"Bus, trolleybus, tram stop. islet",Passenger car without a trailer,Private company,No,5000,1850054.3742044156,6307468.090074929,49.19179626500005,16.619321208000027
1989,2020/04/24 00:00,0,0,0,Mon,Day,Collision with a fixed obstacle,The driver of the motor vehicle,Not tested,Clear,None or none of listed,Passenger car without a trailer,"Private, not used for business activity",No,30000,1850360.6219159574,6302453.068704385,49.16234556300003,16.622072278000076
1990,2020/04/24 00:00,0,0,0,Mon,Night,Collision with a parked vehicle,The driver of the motor vehicle,Not tested,Clear,None or none of listed,"Not identified, the driver has fled",Not identified,No,0,1850434.2924870467,6311113.183189362,49.21319107000005,16.62273407200007
1991,2020/04/24 00:00,0,0,0,Mon,Day,Collision with a fixed obstacle,Road defect,Not tested,Clear,None or none of listed,Truck with semi-trailer,Registered outside of the Czech Republic,No,20000,1856737.9675998983,6305076.3599780835,49.17775302100005,16.679360949000056
1992,2020/04/24 00:00,0,0,0,Mon,Night,Collision with a parked vehicle,The driver of the motor vehicle,Not tested,Clear,None or none of listed,"Not identified, the driver has fled",Not identified,No,0,1848183.5863755664,6306468.104741,49.18592525200005,16.602515635000028
1993,2020/04/24 00:00,0,0,0,Mon,Night,Collision with a parked vehicle,The driver of the motor vehicle,Not tested,Clear,Parking slot adjacent to the road,"Not identified, the driver has fled",Not identified,No,0,1845001.7705359343,6319374.117763048,49.26164421300007,16.573932897000077
1994,2020/04/24 00:00,0,0,0,Mon,Day,Collision with a parked vehicle,The driver of the motor vehicle,No,Clear,Parking slot adjacent to the road,Truck,Private company,No,5000,1848113.6816315327,6309697.557471106,49.20488318100006,16.60188767000005
1995,2020/04/24 00:00,0,0,0,Mon,Night,Collision with a parked vehicle,The driver of the motor vehicle,Not tested,Clear,None or none of listed,"Not identified, the driver has fled",Not identified,No,0,1849767.6866632453,6307275.25203905,49.19066414800005,16.61674585000003
1996,2020/04/24 00:00,0,0,0,Mon,Night,Collision with a parked vehicle,The driver of the motor vehicle,Not tested,Clear,None or none of listed,"Not identified, the driver has fled",Not identified,No,0,1848263.6791907235,6307473.741824163,49.19182944500005,16.60323512100007
1997,2020/04/24 00:00,0,0,0,Mon,Day,Collision with a parked vehicle,The driver of the motor vehicle,Not tested,Clear,None or none of listed,Passenger car without a trailer,"Private, not used for business activity",No,5000,1852637.7463689859,6308087.881471247,49.195434772000056,16.64252803500005
1998,2020/04/24 00:00,0,0,0,Mon,Night,Collision with a parked vehicle,The driver of the motor vehicle,Not tested,Clear,None or none of listed,"Not identified, the driver has fled",Not identified,No,0,1853824.5126623395,6307899.085497729,49.19432646700005,16.653188938000028
1999,2020/04/23 00:00,0,0,0,Sun,Night,Collision with a parked vehicle,The driver of the motor vehicle,Not tested,Clear,Parking slot adjacent to the road,"Not identified, the driver has fled",Not identified,No,0,1848947.722210875,6307630.789576175,49.19275142400005,16.609379984000043
2000,2020/04/23 00:00,0,0,0,Sun,Day,Collision with a tram,Driver of a non-motorized vehicle,Not tested,Clear,Near the pedestrian crossing,"Not identified, the driver has fled",Not identified,No,0,1848766.2102151604,6309011.575436677,49.200856853000055,16.607749434000027